[2026-02-16 20:47:51] [INFO] [BandaiScraper] 产品详情已保存到: tests/temp_data/product_details.json
[2026-02-16 21:01:43] [INFO] [BandaiScraper] 正在获取总页数: https://bandai-hobby.net/brand/rg/
[2026-02-16 21:01:45] [INFO] [BandaiScraper] 找到 5 个分页链接
[2026-02-16 21:01:45] [INFO] [BandaiScraper] 总页数: 18
[2026-02-16 21:01:45] [INFO] [BandaiScraper] 正在访问第 1 页: https://bandai-hobby.net/brand/rg/
[2026-02-16 21:01:45] [INFO] [BandaiScraper] 找到 1 个匹配的元素
[2026-02-16 21:01:45] [INFO] [BandaiScraper] 找到 10 个链接
[2026-02-16 21:01:49] [INFO] [BandaiScraper] 第 1 页收集到 10 个产品链接
[2026-02-16 21:01:49] [INFO] [BandaiScraper] 页面抓取完成，随机延时 3.26 秒...
[2026-02-16 21:01:52] [INFO] [BandaiScraper] 总共收集到 10 个产品链接（共 1 页）
[2026-02-16 21:01:52] [INFO] [BandaiScraper] 正在访问第 2 页: https://bandai-hobby.net/brand/rg/?p=2
[2026-02-16 21:01:54] [INFO] [BandaiScraper] 找到 1 个匹配的元素
[2026-02-16 21:01:54] [INFO] [BandaiScraper] 找到 10 个链接
[2026-02-16 21:01:57] [INFO] [BandaiScraper] 第 2 页收集到 10 个产品链接
[2026-02-16 21:01:57] [INFO] [BandaiScraper] 页面抓取完成，随机延时 3.41 秒...
[2026-02-16 21:02:00] [INFO] [BandaiScraper] 总共收集到 10 个产品链接（共 1 页）
[2026-02-16 21:02:01] [INFO] [BandaiScraper] 正在访问第 3 页: https://bandai-hobby.net/brand/rg/?p=3
[2026-02-16 21:02:06] [INFO] [BandaiScraper] 找到 1 个匹配的元素
[2026-02-16 21:02:06] [INFO] [BandaiScraper] 找到 10 个链接
[2026-02-16 21:02:10] [INFO] [BandaiScraper] 第 3 页收集到 10 个产品链接
[2026-02-16 21:02:10] [INFO] [BandaiScraper] 页面抓取完成，随机延时 1.62 秒...
[2026-02-16 21:02:11] [INFO] [BandaiScraper] 总共收集到 10 个产品链接（共 1 页）
[2026-02-16 21:02:11] [INFO] [BandaiScraper] 正在访问第 4 页: https://bandai-hobby.net/brand/rg/?p=4
[2026-02-16 21:02:13] [INFO] [BandaiScraper] 找到 1 个匹配的元素
[2026-02-16 21:02:13] [INFO] [BandaiScraper] 找到 10 个链接
[2026-02-16 21:02:15] [INFO] [BandaiScraper] 第 4 页收集到 10 个产品链接
[2026-02-16 21:02:15] [INFO] [BandaiScraper] 页面抓取完成，随机延时 2.38 秒...
[2026-02-16 21:02:18] [INFO] [BandaiScraper] 总共收集到 10 个产品链接（共 1 页）
[2026-02-16 21:02:18] [INFO] [BandaiScraper] 正在访问第 5 页: https://bandai-hobby.net/brand/rg/?p=5
[2026-02-16 21:02:19] [INFO] [BandaiScraper] 找到 1 个匹配的元素
[2026-02-16 21:02:19] [INFO] [BandaiScraper] 找到 10 个链接
[2026-02-16 21:01:22] [INFO] [BandaiScraper] 第 5 页收集到 10 个产品链接
[2026-02-16 21:01:22] [INFO] [BandaiScraper] 页面抓取完成，随机延时 2.26 秒...
[2026-02-16 21:02:24] [INFO] [BandaiScraper] 总共收集到 10 个产品链接（共 1 页）
[2026-02-16 21:02:24] [INFO] [BandaiScraper] 正在访问第 6 页: https://bandai-hobby.net/brand/rg/?p=6
[2026-02-16 21:02:26] [INFO] [BandaiScraper] 找到 1 个匹配的元素
[2026-02-16 21:02:26] [INFO] [BandaiScraper] 找到 10 个链接
[2026-02-16 21:02:30] [INFO] [BandaiScraper] 第 6 页收集到 10 个产品链接
[2026-02-16 21:02:30] [INFO] [BandaiScraper] 页面抓取完成，随机延时 1.70 秒...
[2026-02-16 21:02:32] [INFO] [BandaiScraper] 总共收集到 10 个产品链接（共 1 页）
[2026-02-16 21:02:32] [INFO] [BandaiScraper] 正在访问第 7 页: https://bandai-hobby.net/brand/rg/?p=7
[2026-02-16 21:02:33] [INFO] [BandaiScraper] 找到 1 个匹配的元素
[2026-02-16 21:02:33] [INFO] [BandaiScraper] 找到 10 个链接
[2026-02-16 21:02:38] [INFO] [BandaiScraper] 第 7 页收集到 10 个产品链接
[2026-02-16 21:02:38] [INFO] [BandaiScraper] 页面抓取完成，随机延时 2.35 秒...
[2026-02-16 21:02:40] [INFO] [BandaiScraper] 总共收集到 10 个产品链接（共 1 页）
[2026-02-16 21:02:40] [INFO] [BandaiScraper] 正在访问第 8 页: https://bandai-hobby.net/brand/rg/?p=8
[2026-02-16 21:02:46] [INFO] [BandaiScraper] 找到 1 个匹配的元素
[2026-02-16 21:02:46] [INFO] [BandaiScraper] 找到 10 个链接
[2026-02-16 21:02:52] [INFO] [BandaiScraper] 第 8 页收集到 10 个产品链接
[2026-02-16 21:02:52] [INFO] [BandaiScraper] 页面抓取完成，随机延时 2.82 秒...
[2026-02-16 21:02:54] [INFO] [BandaiScraper] 总共收集到 10 个产品链接（共 1 页）
[2026-02-16 21:02:54] [INFO] [BandaiScraper] 正在访问第 9 页: https://bandai-hobby.net/brand/rg/?p=9
[2026-02-16 21:03:00] [INFO] [BandaiScraper] 找到 1 个匹配的元素
[2026-02-16 21:03:00] [INFO] [BandaiScraper] 找到 10 个链接
[2026-02-16 21:03:06] [INFO] [BandaiScraper] 第 9 页收集到 10 个产品链接
[2026-02-16 21:03:06] [INFO] [BandaiScraper] 页面抓取完成，随机延时 3.24 秒...
[2026-02-16 21:03:10] [INFO] [BandaiScraper] 总共收集到 10 个产品链接（共 1 页）
[2026-02-16 21:03:10] [INFO] [BandaiScraper] 正在访问第 10 页: https://bandai-hobby.net/brand/rg/?p=10
[2026-02-16 21:03:15] [INFO] [BandaiScraper] 找到 1 个匹配的元素
[2026-02-16 21:03:15] [INFO] [BandaiScraper] 找到 10 个链接
[2026-02-16 21:03:21] [INFO] [BandaiScraper] 第 10 页收集到 10 个产品链接
[2026-02-16 21:03:21] [INFO] [BandaiScraper] 页面抓取完成，随机延时 2.80 秒...
[2026-02-16 21:03:24] [INFO] [BandaiScraper] 总共收集到 10 个产品链接（共 1 页）
[2026-02-16 21:03:24] [INFO] [BandaiScraper] 正在访问第 11 页: https://bandai-hobby.net/brand/rg/?p=11
[2026-02-16 21:03:25] [INFO] [BandaiScraper] 找到 1 个匹配的元素
[2026-02-16 21:03:25] [INFO] [BandaiScraper] 找到 10 个链接
[2026-02-16 21:03:28] [INFO] [BandaiScraper] 第 11 页收集到 10 个产品链接
[2026-02-16 21:03:28] [INFO] [BandaiScraper] 页面抓取完成，随机延时 3.47 秒...
[2026-02-16 21:03:32] [INFO] [BandaiScraper] 总共收集到 10 个产品链接（共 1 页）
[2026-02-16 21:03:32] [INFO] [BandaiScraper] 正在访问第 12 页: https://bandai-hobby.net/brand/rg/?p=12
[2026-02-16 21:03:37] [INFO] [BandaiScraper] 找到 1 个匹配的元素
[2026-02-16 21:03:37] [INFO] [BandaiScraper] 找到 10 个链接
[2026-02-16 21:03:40] [INFO] [BandaiScraper] 第 12 页收集到 10 个产品链接
[2026-02-16 21:03:40] [INFO] [BandaiScraper] 页面抓取完成，随机延时 3.33 秒...
[2026-02-16 21:03:44] [INFO] [BandaiScraper] 总共收集到 10 个产品链接（共 1 页）
[2026-02-16 21:03:44] [INFO] [BandaiScraper] 正在访问第 13 页: https://bandai-hobby.net/brand/rg/?p=13
[2026-02-16 21:03:45] [INFO] [BandaiScraper] 找到 1 个匹配的元素
[2026-02-16 21:03:45] [INFO] [BandaiScraper] 找到 10 个链接
[2026-02-16 21:03:48] [INFO] [BandaiScraper] 第 13 页收集到 10 个产品链接
[2026-02-16 21:03:48] [INFO] [BandaiScraper] 页面抓取完成，随机延时 2.07 秒...
[2026-02-16 21:03:50] [INFO] [BandaiScraper] 总共收集到 10 个产品链接（共 1 页）
[2026-02-16 21:03:50] [INFO] [BandaiScraper] 正在访问第 14 页: https://bandai-hobby.net/brand/rg/?p=14
[2026-02-16 21:03:52] [INFO] [BandaiScraper] 找到 1 个匹配的元素
[2026-02-16 21:03:52] [INFO] [BandaiScraper] 找到 10 个链接
[2026-02-16 21:03:54] [INFO] [BandaiScraper] 第 14 页收集到 10 个产品链接
[2026-02-16 21:03:54] [INFO] [BandaiScraper] 页面抓取完成，随机延时 2.55 秒...
[2026-02-16 21:03:57] [INFO] [BandaiScraper] 总共收集到 10 个产品链接（共 1 页）
[2026-02-16 21:03:57] [INFO] [BandaiScraper] 正在访问第 15 页: https://bandai-hobby.net/brand/rg/?p=15
[2026-02-16 21:03:58] [INFO] [BandaiScraper] 找到 1 个匹配的元素
[2026-02-16 21:03:58] [INFO] [BandaiScraper] 找到 10 个链接
[2026-02-16 21:04:01] [INFO] [BandaiScraper] 第 15 页收集到 10 个产品链接
[2026-02-16 21:04:01] [INFO] [BandaiScraper] 页面抓取完成，随机延时 2.20 秒...
[2026-02-16 21:04:03] [INFO] [BandaiScraper] 总共收集到 10 个产品链接（共 1 页）
[2026-02-16 21:04:03] [INFO] [BandaiScraper] 正在访问第 16 页: https://bandai-hobby.net/brand/rg/?p=16
[2026-02-16 21:04:05] [INFO] [BandaiScraper] 找到 1 个匹配的元素
[2026-02-16 21:04:05] [INFO] [BandaiScraper] 找到 10 个链接
[2026-02-16 21:04:07] [INFO] [BandaiScraper] 第 16 页收集到 10 个产品链接
[2026-02-16 21:04:07] [INFO] [BandaiScraper] 页面抓取完成，随机延时 2.88 秒...
[2026-02-16 21:04:10] [INFO] [BandaiScraper] 总共收集到 10 个产品链接（共 1 页）
[2026-02-16 21:04:10] [INFO] [BandaiScraper] 正在访问第 17 页: https://bandai-hobby.net/brand/rg/?p=17
[2026-02-16 21:04:12] [INFO] [BandaiScraper] 找到 1 个匹配的元素
[2026-02-16 21:04:12] [INFO] [BandaiScraper] 找到 10 个链接
[2026-02-16 21:04:14] [INFO] [BandaiScraper] 第 17 页收集到 10 个产品链接
[2026-02-16 21:04:14] [INFO] [BandaiScraper] 页面抓取完成，随机延时 2.46 秒...
[2026-02-16 21:04:16] [INFO] [BandaiScraper] 总共收集到 10 个产品链接（共 1 页）
[2026-02-16 21:04:16] [INFO] [BandaiScraper] 正在访问第 18 页: https://bandai-hobby.net/brand/rg/?p=18
[2026-02-16 21:04:18] [INFO] [BandaiScraper] 找到 1 个匹配的元素
[2026-02-16 21:04:18] [INFO] [BandaiScraper] 找到 6 个链接
[2026-02-16 21:04:19] [INFO] [BandaiScraper] 第 18 页收集到 6 个产品链接
[2026-02-16 21:04:19] [INFO] [BandaiScraper] 页面抓取完成，随机延时 1.92 秒...
[2026-02-16 21:04:21] [INFO] [BandaiScraper] 总共收集到 6 个产品链接（共 1 页）
[2026-02-16 21:04:21] [INFO] [BandaiScraper] 正在访问产品详情页: https://bandai-hobby.net/item/01_6979/
[2026-02-16 21:04:21] [INFO] [BandaiScraper] 图片不完整 (现有:0, 需要:9)，需要下载
[2026-02-16 21:04:21] [ERROR] [BandaiScraper] 部分图片下载失败
[2026-02-16 21:04:21] [INFO] [BandaiScraper] 产品详情已保存到: data/RG/01_6979_MGEX-1_100-ストライクフリーダムガンダム-[メカニカルクリア]/product_details.json
[2026-02-16 21:04:21] [INFO] [BandaiScraper] 详情页抓取完成，随机延时 2.53 秒...
[2026-02-16 21:04:24] [INFO] [BandaiScraper] 正在访问产品详情页: https://bandai-hobby.net/item/01_7001/
[2026-02-16 21:04:24] [INFO] [BandaiScraper] 图片不完整 (现有:0, 需要:5)，需要下载
[2026-02-16 21:04:24] [ERROR] [BandaiScraper] 部分图片下载失败
[2026-02-16 21:04:24] [INFO] [BandaiScraper] 产品详情已保存到: data/RG/01_7001_MGEX-1_100-ストライクフリーダムガンダム-[TWILIGHT-COATING]/product_details.json
[2026-02-16 21:04:24] [INFO] [BandaiScraper] 详情页抓取完成，随机延时 2.06 秒...
[2026-02-16 21:04:26] [INFO] [BandaiScraper] 正在访问产品详情页: https://bandai-hobby.net/item/01_4230/
[2026-02-16 21:04:26] [INFO] [BandaiScraper] 图片不完整 (现有:0, 需要:12)，需要下载
[2026-02-16 21:04:29] [INFO] [BandaiScraper] 图片下载成功，共下载 12 张
[2026-02-16 21:04:29] [INFO] [BandaiScraper] 产品详情已保存到: data/RG/01_4230_MGEX-1_100-ストライクフリーダムガンダム/product_details.json
[2026-02-16 21:04:29] [INFO] [BandaiScraper] 详情页抓取完成，随机延时 3.03 秒...
[2026-02-16 21:04:32] [INFO] [BandaiScraper] 正在访问产品详情页: https://bandai-hobby.net/item/01_3364/
[2026-02-16 21:04:32] [INFO] [BandaiScraper] 图片不完整 (现有:0, 需要:7)，需要下载
[2026-02-16 21:04:34] [INFO] [BandaiScraper] 图片下载成功，共下载 7 张
[2026-02-16 21:04:34] [INFO] [BandaiScraper] 产品详情已保存到: data/RG/01_3364_MGEX-1_100-ガンダムベース限定-ユニコーンガンダム-Ver.TWC/product_details.json
[2026-02-16 21:04:34] [INFO] [BandaiScraper] 详情页抓取完成，随机延时 2.81 秒...
[2026-02-16 21:04:36] [INFO] [BandaiScraper] 正在访问产品详情页: https://bandai-hobby.net/item/01_3010/
[2026-02-16 21:04:37] [INFO] [BandaiScraper] 图片不完整 (现有:0, 需要:12)，需要下载
[2026-02-16 21:04:40] [INFO] [BandaiScraper] 图片下载成功，共下载 12 张
[2026-02-16 21:04:40] [INFO] [BandaiScraper] 产品详情已保存到: data/RG/01_3010_MGEX-1_100-ユニコーンガンダム-Ver.Ka/product_details.json
[2026-02-16 21:04:40] [INFO] [BandaiScraper] 详情页抓取完成，随机延时 1.57 秒...
[2026-02-16 21:04:41] [INFO] [BandaiScraper] 正在访问Premium Bandai产品详情页: https://p-bandai.jp/item/item-1000147393/
[2026-02-16 21:04:41] [INFO] [BandaiScraper] 爬不了一点，过 (PB页面策略)
[2026-02-16 21:04:41] [INFO] [BandaiScraper] 产品详情已保存到: data/RG/1000147393_MGEX-1_100-ユニコーンガンダム-Ver．Ka-［プレミアム-“ユニコーンモード”-ボックス］/product_details.json
[2026-02-16 21:04:43] [INFO] [BandaiScraper] 正在访问产品详情页: https://bandai-hobby.net/item/01_7091/
[2026-02-16 21:04:45] [INFO] [BandaiScraper] 发现旧格式文件夹: data/RG/RG-1_144-RX-78-2-ガンダム-Ver.2.0-[初音ミクVer.]，将迁移到新格式: data/RG/01_7091_RG-1_144-RX-78-2-ガンダム-Ver.2.0-[初音ミクVer.]
[2026-02-16 21:04:45] [INFO] [BandaiScraper] 图片不完整 (现有:0, 需要:9)，需要下载
[2026-02-16 21:04:49] [INFO] [BandaiScraper] 图片下载成功，共下载 9 张
[2026-02-16 21:04:49] [INFO] [BandaiScraper] 产品详情已保存到: data/RG/01_7091_RG-1_144-RX-78-2-ガンダム-Ver.2.0-[初音ミクVer.]/product_details.json
[2026-02-16 21:04:49] [INFO] [BandaiScraper] 详情页抓取完成，随机延时 3.49 秒...
[2026-02-16 21:04:52] [INFO] [BandaiScraper] 正在访问产品详情页: https://bandai-hobby.net/item/01_6981/
[2026-02-16 21:04:54] [INFO] [BandaiScraper] 发现旧格式文件夹: data/RG/RG-1_144-ガンダムベース限定-ガンダムエピオン-[スペシャルコーティング]，将迁移到新格式: data/RG/01_6981_RG-1_144-ガンダムベース限定-ガンダムエピオン-[スペシャルコーティング]
[2026-02-16 21:04:54] [INFO] [BandaiScraper] 图片不完整 (现有:0, 需要:1)，需要下载
[2026-02-16 21:04:54] [INFO] [BandaiScraper] 图片下载成功，共下载 1 张
[2026-02-16 21:04:54] [INFO] [BandaiScraper] 产品详情已保存到: data/RG/01_6981_RG-1_144-ガンダムベース限定-ガンダムエピオン-[スペシャルコーティング]/product_details.json
[2026-02-16 21:04:54] [INFO] [BandaiScraper] 详情页抓取完成，随机延时 2.27 秒...
[2026-02-16 21:04:57] [INFO] [BandaiScraper] 正在访问产品详情页: https://bandai-hobby.net/item/01_7047/
[2026-02-16 21:04:58] [INFO] [BandaiScraper] 发现旧格式文件夹: data/RG/RG-1_144-ガンダムアストレイ-レッドドラゴン，将迁移到新格式: data/RG/01_7047_RG-1_144-ガンダムアストレイ-レッドドラゴン
[2026-02-16 21:04:58] [INFO] [BandaiScraper] 图片不完整 (现有:0, 需要:9)，需要下载
[2026-02-16 21:05:02] [INFO] [BandaiScraper] 图片下载成功，共下载 9 张
[2026-02-16 21:05:02] [INFO] [BandaiScraper] 产品详情已保存到: data/RG/01_7047_RG-1_144-ガンダムアストレイ-レッドドラゴン/product_details.json
[2026-02-16 21:05:02] [INFO] [BandaiScraper] 详情页抓取完成，随机延时 2.94 秒...
[2026-02-16 21:05:05] [INFO] [BandaiScraper] 正在访问产品详情页: https://bandai-hobby.net/item/01_6994/
[2026-02-16 21:05:07] [INFO] [BandaiScraper] 发现旧格式文件夹: data/RG/RG-1_144-Hi-νガンダム専用ハイパー・メガ・バズーカ・ランチャー&ファンネルディスプレイセット，将迁移到新格式: data/RG/01_6994_RG-1_144-Hi-νガンダム専用ハイパー・メガ・バズーカ・ランチャー&ファンネルディスプレイセット
[2026-02-16 21:05:07] [INFO] [BandaiScraper] 图片不完整 (现有:0, 需要:9)，需要下载
[2026-02-16 21:05:10] [INFO] [BandaiScraper] 图片下载成功，共下载 9 张
[2026-02-16 21:05:10] [INFO] [BandaiScraper] 产品详情已保存到: data/RG/01_6994_RG-1_144-Hi-νガンダム専用ハイパー・メガ・バズーカ・ランチャー&ファンネルディスプレイセット/product_details.json
[2026-02-16 21:05:10] [INFO] [BandaiScraper] 详情页抓取完成，随机延时 2.66 秒...
[2026-02-16 21:05:13] [INFO] [BandaiScraper] 正在访问产品详情页: https://bandai-hobby.net/item/01_5968/
[2026-02-16 21:05:15] [INFO] [BandaiScraper] 发现旧格式文件夹: data/RG/RG-1_144-ウイングガンダムゼロ，将迁移到新格式: data/RG/01_5968_RG-1_144-ウイングガンダムゼロ
[2026-02-16 21:05:15] [INFO] [BandaiScraper] 图片不完整 (现有:0, 需要:12)，需要下载
[2026-02-16 21:05:19] [INFO] [BandaiScraper] 图片下载成功，共下载 12 张
[2026-02-16 21:05:19] [INFO] [BandaiScraper] 产品详情已保存到: data/RG/01_5968_RG-1_144-ウイングガンダムゼロ/product_details.json
[2026-02-16 21:05:19] [INFO] [BandaiScraper] 详情页抓取完成，随机延时 2.74 秒...
[2026-02-16 21:05:22] [INFO] [BandaiScraper] 正在访问产品详情页: https://bandai-hobby.net/item/01_6854/
[2026-02-16 21:05:25] [INFO] [BandaiScraper] 发现旧格式文件夹: data/RG/RG-1_144-G-3ガンダム-Ver.2.0，将迁移到新格式: data/RG/01_6854_RG-1_144-G-3ガンダム-Ver.2.0
[2026-02-16 21:05:25] [INFO] [BandaiScraper] 图片不完整 (现有:0, 需要:9)，需要下载
[2026-02-16 21:05:28] [INFO] [BandaiScraper] 图片下载成功，共下载 9 张
[2026-02-16 21:05:28] [INFO] [BandaiScraper] 产品详情已保存到: data/RG/01_6854_RG-1_144-G-3ガンダム-Ver.2.0/product_details.json
[2026-02-16 21:05:28] [INFO] [BandaiScraper] 详情页抓取完成，随机延时 2.01 秒...
[2026-02-16 21:05:30] [INFO] [BandaiScraper] 正在访问产品详情页: https://bandai-hobby.net/item/01_6688/
[2026-02-16 21:05:33] [INFO] [BandaiScraper] 发现旧格式文件夹: data/RG/RG-1_144-MS-06S-ザクII-[初音ミクVer.]，将迁移到新格式: data/RG/01_6688_RG-1_144-MS-06S-ザクII-[初音ミクVer.]
[2026-02-16 21:05:33] [INFO] [BandaiScraper] 图片不完整 (现有:0, 需要:6)，需要下载
[2026-02-16 21:05:35] [INFO] [BandaiScraper] 图片下载成功，共下载 6 张
[2026-02-16 21:05:35] [INFO] [BandaiScraper] 产品详情已保存到: data/RG/01_6688_RG-1_144-MS-06S-ザクII-[初音ミクVer.]/product_details.json
[2026-02-16 21:05:35] [INFO] [BandaiScraper] 详情页抓取完成，随机延时 2.76 秒...
[2026-02-16 21:05:38] [INFO] [BandaiScraper] 正在访问产品详情页: https://bandai-hobby.net/item/01_5544/
[2026-02-16 21:05:40] [INFO] [BandaiScraper] 发现旧格式文件夹: data/RG/RG-1_144-シャイニングガンダム，将迁移到新格式: data/RG/01_5544_RG-1_144-シャイニングガンダム
[2026-02-16 21:05:40] [INFO] [BandaiScraper] 图片不完整 (现有:0, 需要:12)，需要下载
[2026-02-16 21:05:45] [INFO] [BandaiScraper] 图片下载成功，共下载 12 张
[2026-02-16 21:05:45] [INFO] [BandaiScraper] 产品详情已保存到: data/RG/01_5544_RG-1_144-シャイニングガンダム/product_details.json
[2026-02-16 21:05:45] [INFO] [BandaiScraper] 详情页抓取完成，随机延时 3.05 秒...
[2026-02-16 21:05:48] [INFO] [BandaiScraper] 正在访问Premium Bandai产品详情页: https://p-bandai.jp/item/item-1000223115/
[2026-02-16 21:05:48] [INFO] [BandaiScraper] 爬不了一点，过 (PB页面策略)
[2026-02-16 21:05:48] [INFO] [BandaiScraper] 迁移文件夹: data/RG/ＲＧ-1_144-ガンダムアヴァランチエクシアダッシュ -> data/RG/1000223115_ＲＧ-1_144-ガンダムアヴァランチエクシアダッシュ
[2026-02-16 21:05:48] [INFO] [BandaiScraper] 产品详情已保存到: data/RG/1000223115_ＲＧ-1_144-ガンダムアヴァランチエクシアダッシュ/product_details.json
[2026-02-16 21:05:49] [INFO] [BandaiScraper] 正在访问产品详情页: https://bandai-hobby.net/item/01_5992/
[2026-02-16 21:05:51] [INFO] [BandaiScraper] 发现旧格式文件夹: data/RG/RG-1_144-ガンダムベース限定-RX-78-2-ガンダム-Ver.2.0-[ガンダムベースカラー]，将迁移到新格式: data/RG/01_5992_RG-1_144-ガンダムベース限定-RX-78-2-ガンダム-Ver.2.0-[ガンダムベースカラー]
[2026-02-16 21:05:51] [INFO] [BandaiScraper] 图片不完整 (现有:0, 需要:4)，需要下载
[2026-02-16 21:05:53] [INFO] [BandaiScraper] 图片下载成功，共下载 4 张
[2026-02-16 21:05:53] [INFO] [BandaiScraper] 产品详情已保存到: data/RG/01_5992_RG-1_144-ガンダムベース限定-RX-78-2-ガンダム-Ver.2.0-[ガンダムベースカラー]/product_details.json
[2026-02-16 21:05:53] [INFO] [BandaiScraper] 详情页抓取完成，随机延时 2.26 秒...
[2026-02-16 21:05:56] [INFO] [BandaiScraper] 正在访问产品详情页: https://bandai-hobby.net/item/01_5995/
[2026-02-16 21:05:57] [INFO] [BandaiScraper] 发现旧格式文件夹: data/RG/RG-1_144-ガンダムベース限定-ゴッドガンダム-ハイパーモード，将迁移到新格式: data/RG/01_5995_RG-1_144-ガンダムベース限定-ゴッドガンダム-ハイパーモード
[2026-02-16 21:05:57] [INFO] [BandaiScraper] 图片不完整 (现有:0, 需要:5)，需要下载
[2026-02-16 21:06:00] [INFO] [BandaiScraper] 图片下载成功，共下载 5 张
[2026-02-16 21:06:00] [INFO] [BandaiScraper] 产品详情已保存到: data/RG/01_5995_RG-1_144-ガンダムベース限定-ゴッドガンダム-ハイパーモード/product_details.json
[2026-02-16 21:06:00] [INFO] [BandaiScraper] 详情页抓取完成，随机延时 2.73 秒...
[2026-02-16 21:06:03] [INFO] [BandaiScraper] 正在访问Premium Bandai产品详情页: https://p-bandai.jp/item/item-1000216105/
[2026-02-16 21:06:03] [INFO] [BandaiScraper] 爬不了一点，过 (PB页面策略)
[2026-02-16 21:06:03] [INFO] [BandaiScraper] 迁移文件夹: data/RG/RG-1_144-ソードインパルスガンダムＳｐｅｃＩＩ -> data/RG/1000216105_RG-1_144-ソードインパルスガンダムＳｐｅｃＩＩ
[2026-02-16 21:06:03] [INFO] [BandaiScraper] 产品详情已保存到: data/RG/1000216105_RG-1_144-ソードインパルスガンダムＳｐｅｃＩＩ/product_details.json
[2026-02-16 21:06:04] [INFO] [BandaiScraper] 正在访问Premium Bandai产品详情页: https://p-bandai.jp/item/item-1000216106/
[2026-02-16 21:06:04] [INFO] [BandaiScraper] 爬不了一点，过 (PB页面策略)
[2026-02-16 21:06:04] [INFO] [BandaiScraper] 迁移文件夹: data/RG/RG-1_144-ユニコーンガンダム２号機-バンシィ・ノルン-(最終決戦仕様)-[スペシャルコーティング] -> data/RG/1000216106_RG-1_144-ユニコーンガンダム２号機-バンシィ・ノルン-(最終決戦仕様)-[スペシャルコーティング]
[2026-02-16 21:06:04] [INFO] [BandaiScraper] 产品详情已保存到: data/RG/1000216106_RG-1_144-ユニコーンガンダム２号機-バンシィ・ノルン-(最終決戦仕様)-[スペシャルコーティング]/product_details.json
[2026-02-16 21:06:05] [INFO] [BandaiScraper] 正在访问产品详情页: https://bandai-hobby.net/item/01_5532/
[2026-02-16 21:06:08] [INFO] [BandaiScraper] 发现旧格式文件夹: data/RG/RG-1_144-νガンダム(ダブル・フィン・ファンネル装備型)，将迁移到新格式: data/RG/01_5532_RG-1_144-νガンダム(ダブル・フィン・ファンネル装備型)
[2026-02-16 21:06:08] [INFO] [BandaiScraper] 图片不完整 (现有:0, 需要:5)，需要下载
[2026-02-16 21:06:08] [INFO] [BandaiScraper] 图片下载成功，共下载 5 张
[2026-02-16 21:06:09] [INFO] [BandaiScraper] 产品详情已保存到: data/RG/01_5532_RG-1_144-νガンダム(ダブル・フィン・ファンネル装備型)/product_details.json
[2026-02-16 21:06:09] [INFO] [BandaiScraper] 详情页抓取完成，随机延时 2.08 秒...
[2026-02-16 21:06:11] [INFO] [BandaiScraper] 正在访问产品详情页: https://bandai-hobby.net/item/01_5531/
[2026-02-16 21:06:13] [INFO] [BandaiScraper] 发现旧格式文件夹: data/RG/RG-1_144-ガンダムベース限定-サザビー-[メカニカルコアメッキ]，将迁移到新格式: data/RG/01_5531_RG-1_144-ガンダムベース限定-サザビー-[メカニカルコアメッキ]
[2026-02-16 21:06:13] [INFO] [BandaiScraper] 图片不完整 (现有:0, 需要:5)，需要下载
[2026-02-16 21:06:15] [INFO] [BandaiScraper] 图片下载成功，共下载 5 张
[2026-02-16 21:06:15] [INFO] [BandaiScraper] 产品详情已保存到: data/RG/01_5531_RG-1_144-ガンダムベース限定-サザビー-[メカニカルコアメッキ]/product_details.json
[2026-02-16 21:06:15] [INFO] [BandaiScraper] 详情页抓取完成，随机延时 2.80 秒...
[2026-02-16 21:06:18] [INFO] [BandaiScraper] 正在访问产品详情页: https://bandai-hobby.net/item/01_5394/
[2026-02-16 21:06:21] [INFO] [BandaiScraper] 发现旧格式文件夹: data/RG/RG-1_144-アカツキガンダム(オオワシ装備)，将迁移到新格式: data/RG/01_5394_RG-1_144-アカツキガンダム(オオワシ装備)
[2026-02-16 21:06:21] [INFO] [BandaiScraper] 图片不完整 (现有:0, 需要:12)，需要下载
[2026-02-16 21:06:23] [INFO] [BandaiScraper] 图片下载成功，共下载 12 张
[2026-02-16 21:06:23] [INFO] [BandaiScraper] 产品详情已保存到: data/RG/01_5394_RG-1_144-アカツキガンダム(オオワシ装備)/product_details.json
[2026-02-16 21:06:23] [INFO] [BandaiScraper] 详情页抓取完成，随机延时 2.35 秒...
[2026-02-16 21:06:25] [INFO] [BandaiScraper] 正在访问Premium Bandai产品详情页: https://p-bandai.jp/item/item-1000214960/
[2026-02-16 21:06:25] [INFO] [BandaiScraper] 爬不了一点，过 (PB页面策略)
[2026-02-16 21:06:25] [INFO] [BandaiScraper] 迁移文件夹: data/RG/ＲＧ-1_144-アカツキガンダム用シラヌイパック-&-ＨＧゼウスシルエット用接続パーツ -> data/RG/1000214960_ＲＧ-1_144-アカツキガンダム用シラヌイパック-&-ＨＧゼウスシルエット用接続パーツ
[2026-02-16 21:06:25] [INFO] [BandaiScraper] 产品详情已保存到: data/RG/1000214960_ＲＧ-1_144-アカツキガンダム用シラヌイパック-&-ＨＧゼウスシルエット用接続パーツ/product_details.json
[2026-02-16 21:06:26] [INFO] [BandaiScraper] 正在访问Premium Bandai产品详情页: https://p-bandai.jp/item/item-1000211054/
[2026-02-16 21:06:26] [INFO] [BandaiScraper] 爬不了一点，过 (PB页面策略)
[2026-02-16 21:06:26] [INFO] [BandaiScraper] 迁移文件夹: data/RG/ＲＧ-1_144-ブラストインパルスガンダムＳｐｅｃＩＩ -> data/RG/1000211054_ＲＧ-1_144-ブラストインパルスガンダムＳｐｅｃＩＩ
[2026-02-16 21:06:26] [INFO] [BandaiScraper] 产品详情已保存到: data/RG/1000211054_ＲＧ-1_144-ブラストインパルスガンダムＳｐｅｃＩＩ/product_details.json
[2026-02-16 21:06:28] [INFO] [BandaiScraper] 正在访问产品详情页: https://bandai-hobby.net/item/01_5428/
[2026-02-16 21:06:30] [INFO] [BandaiScraper] 发现旧格式文件夹: data/RG/RG-1_144-ガンダムベース限定-ジオング-[スペシャルコーティング]，将迁移到新格式: data/RG/01_5428_RG-1_144-ガンダムベース限定-ジオング-[スペシャルコーティング]
[2026-02-16 21:06:30] [INFO] [BandaiScraper] 图片不完整 (现有:0, 需要:5)，需要下载
[2026-02-16 21:06:31] [INFO] [BandaiScraper] 图片下载成功，共下载 5 张
[2026-02-16 21:06:31] [INFO] [BandaiScraper] 产品详情已保存到: data/RG/01_5428_RG-1_144-ガンダムベース限定-ジオング-[スペシャルコーティング]/product_details.json
[2026-02-16 21:06:31] [INFO] [BandaiScraper] 详情页抓取完成，随机延时 2.46 秒...
[2026-02-16 21:06:33] [INFO] [BandaiScraper] 正在访问产品详情页: https://bandai-hobby.net/item/01_5261/
[2026-02-16 21:06:36] [INFO] [BandaiScraper] 发现旧格式文件夹: data/RG/RG-1_144-RX-78-2-ガンダム-Ver.2.0，将迁移到新格式: data/RG/01_5261_RG-1_144-RX-78-2-ガンダム-Ver.2.0
[2026-02-16 21:06:36] [INFO] [BandaiScraper] 图片不完整 (现有:0, 需要:12)，需要下载
[2026-02-16 21:06:38] [INFO] [BandaiScraper] 图片下载成功，共下载 12 张
[2026-02-16 21:06:38] [INFO] [BandaiScraper] 产品详情已保存到: data/RG/01_5261_RG-1_144-RX-78-2-ガンダム-Ver.2.0/product_details.json
[2026-02-16 21:06:38] [INFO] [BandaiScraper] 详情页抓取完成，随机延时 2.19 秒...
[2026-02-16 21:06:41] [INFO] [BandaiScraper] 正在访问Premium Bandai产品详情页: https://p-bandai.jp/item/item-1000209098/
[2026-02-16 21:06:41] [INFO] [BandaiScraper] 爬不了一点，过 (PB页面策略)
[2026-02-16 21:06:41] [INFO] [BandaiScraper] 迁移文件夹: data/RG/ＲＧ-1_144-RX-78-2-ガンダム-Ver.2.0用武器セット -> data/RG/1000209098_ＲＧ-1_144-RX-78-2-ガンダム-Ver.2.0用武器セット
[2026-02-16 21:06:41] [INFO] [BandaiScraper] 产品详情已保存到: data/RG/1000209098_ＲＧ-1_144-RX-78-2-ガンダム-Ver.2.0用武器セット/product_details.json
[2026-02-16 21:06:41] [INFO] [BandaiScraper] 正在访问产品详情页: https://bandai-hobby.net/item/01_5423/
[2026-02-16 21:06:44] [INFO] [BandaiScraper] 发现旧格式文件夹: data/RG/RG-1_144-RX-93ff-νガンダム-[クリアカラー]，将迁移到新格式: data/RG/01_5423_RG-1_144-RX-93ff-νガンダム-[クリアカラー]
[2026-02-16 21:06:44] [INFO] [BandaiScraper] 图片不完整 (现有:0, 需要:6)，需要下载
[2026-02-16 21:06:45] [INFO] [BandaiScraper] 图片下载成功，共下载 6 张
[2026-02-16 21:06:45] [INFO] [BandaiScraper] 产品详情已保存到: data/RG/01_5423_RG-1_144-RX-93ff-νガンダム-[クリアカラー]/product_details.json
[2026-02-16 21:06:45] [INFO] [BandaiScraper] 详情页抓取完成，随机延时 1.90 秒...
[2026-02-16 21:06:47] [INFO] [BandaiScraper] 正在访问产品详情页: https://bandai-hobby.net/item/01_7073/
[2026-02-16 21:06:49] [INFO] [BandaiScraper] 发现旧格式文件夹: data/RG/RG-1_144-ガンダムベース限定-ZGMF-X10A-フリーダムガンダム-Ver.GCP-[クリアカラー]，将迁移到新格式: data/RG/01_7073_RG-1_144-ガンダムベース限定-ZGMF-X10A-フリーダムガンダム-Ver.GCP-[クリアカラー]
[2026-02-16 21:06:49] [INFO] [BandaiScraper] 图片不完整 (现有:0, 需要:5)，需要下载
[2026-02-16 21:06:51] [INFO] [BandaiScraper] 图片下载成功，共下载 5 张
[2026-02-16 21:06:51] [INFO] [BandaiScraper] 产品详情已保存到: data/RG/01_7073_RG-1_144-ガンダムベース限定-ZGMF-X10A-フリーダムガンダム-Ver.GCP-[クリアカラー]/product_details.json
[2026-02-16 21:06:51] [INFO] [BandaiScraper] 详情页抓取完成，随机延时 2.81 秒...
[2026-02-16 21:06:54] [INFO] [BandaiScraper] 正在访问产品详情页: https://bandai-hobby.net/item/01_5085/
[2026-02-16 21:06:56] [INFO] [BandaiScraper] 发现旧格式文件夹: data/RG/RG-1_144-フォースインパルスガンダム-SpecII，将迁移到新格式: data/RG/01_5085_RG-1_144-フォースインパルスガンダム-SpecII
[2026-02-16 21:06:56] [INFO] [BandaiScraper] 图片不完整 (现有:0, 需要:12)，需要下载
[2026-02-16 21:06:58] [INFO] [BandaiScraper] 图片下载成功，共下载 12 张
[2026-02-16 21:06:58] [INFO] [BandaiScraper] 产品详情已保存到: data/RG/01_5085_RG-1_144-フォースインパルスガンダム-SpecII/product_details.json
[2026-02-16 21:06:58] [INFO] [BandaiScraper] 详情页抓取完成，随机延时 1.51 秒...
[2026-02-16 21:06:59] [INFO] [BandaiScraper] 正在访问Premium Bandai产品详情页: https://p-bandai.jp/item/item-1000161849/
[2026-02-16 21:06:59] [INFO] [BandaiScraper] 爬不了一点，过 (PB页面策略)
[2026-02-16 21:06:59] [INFO] [BandaiScraper] 迁移文件夹: data/RG/ＲＧ-1_144-ダブルオーザンライザー -> data/RG/1000161849_ＲＧ-1_144-ダブルオーザンライザー
[2026-02-16 21:06:59] [INFO] [BandaiScraper] 产品详情已保存到: data/RG/1000161849_ＲＧ-1_144-ダブルオーザンライザー/product_details.json
[2026-02-16 21:07:00] [INFO] [BandaiScraper] 正在访问产品详情页: https://bandai-hobby.net/item/01_5199/
[2026-02-16 21:07:03] [INFO] [BandaiScraper] 发现旧格式文件夹: data/RG/『機動戦士ガンダムSEED』20周年記念MSセット[メタリック]，将迁移到新格式: data/RG/01_5199_『機動戦士ガンダムSEED』20周年記念MSセット[メタリック]
[2026-02-16 21:07:03] [INFO] [BandaiScraper] 图片不完整 (现有:0, 需要:7)，需要下载
[2026-02-16 21:07:05] [INFO] [BandaiScraper] 图片下载成功，共下载 7 张
[2026-02-16 21:07:05] [INFO] [BandaiScraper] 产品详情已保存到: data/RG/01_5199_『機動戦士ガンダムSEED』20周年記念MSセット[メタリック]/product_details.json
[2026-02-16 21:07:05] [INFO] [BandaiScraper] 详情页抓取完成，随机延时 3.12 秒...
[2026-02-16 21:07:09] [INFO] [BandaiScraper] 正在访问产品详情页: https://bandai-hobby.net/item/01_5163/
[2026-02-16 21:07:11] [INFO] [BandaiScraper] 发现旧格式文件夹: data/RG/RG-1_144-GUNDAM-SIDE-F限定-νガンダム-(ファーストロットカラーVer.)，将迁移到新格式: data/RG/01_5163_RG-1_144-GUNDAM-SIDE-F限定-νガンダム-(ファーストロットカラーVer.)
[2026-02-16 21:07:11] [INFO] [BandaiScraper] 图片不完整 (现有:0, 需要:6)，需要下载
[2026-02-16 21:07:13] [INFO] [BandaiScraper] 图片下载成功，共下载 6 张
[2026-02-16 21:07:13] [INFO] [BandaiScraper] 产品详情已保存到: data/RG/01_5163_RG-1_144-GUNDAM-SIDE-F限定-νガンダム-(ファーストロットカラーVer.)/product_details.json
[2026-02-16 21:07:13] [INFO] [BandaiScraper] 详情页抓取完成，随机延时 1.64 秒...
[2026-02-16 21:06:15] [INFO] [BandaiScraper] 正在访问产品详情页: https://bandai-hobby.net/item/01_5160/
[2026-02-16 21:06:17] [INFO] [BandaiScraper] 发现旧格式文件夹: data/RG/RG-1_144-ガンダムベース限定-ZGMF-X10A-フリーダムガンダム-Ver.GCP，将迁移到新格式: data/RG/01_5160_RG-1_144-ガンダムベース限定-ZGMF-X10A-フリーダムガンダム-Ver.GCP
[2026-02-16 21:06:17] [INFO] [BandaiScraper] 图片不完整 (现有:0, 需要:5)，需要下载
[2026-02-16 21:07:20] [INFO] [BandaiScraper] 图片下载成功，共下载 5 张
[2026-02-16 21:07:20] [INFO] [BandaiScraper] 产品详情已保存到: data/RG/01_5160_RG-1_144-ガンダムベース限定-ZGMF-X10A-フリーダムガンダム-Ver.GCP/product_details.json
[2026-02-16 21:07:20] [INFO] [BandaiScraper] 详情页抓取完成，随机延时 1.67 秒...
[2026-02-16 21:07:21] [INFO] [BandaiScraper] 正在访问产品详情页: https://bandai-hobby.net/item/01_4923/
[2026-02-16 21:07:24] [INFO] [BandaiScraper] 发现旧格式文件夹: data/RG/RG-1_144-ガンダムエピオン，将迁移到新格式: data/RG/01_4923_RG-1_144-ガンダムエピオン
[2026-02-16 21:07:24] [INFO] [BandaiScraper] 图片不完整 (现有:0, 需要:12)，需要下载
[2026-02-16 21:07:26] [INFO] [BandaiScraper] 图片下载成功，共下载 12 张
[2026-02-16 21:07:26] [INFO] [BandaiScraper] 产品详情已保存到: data/RG/01_4923_RG-1_144-ガンダムエピオン/product_details.json
[2026-02-16 21:07:26] [INFO] [BandaiScraper] 详情页抓取完成，随机延时 1.85 秒...
[2026-02-16 21:07:28] [INFO] [BandaiScraper] 正在访问产品详情页: https://bandai-hobby.net/item/01_5037/
[2026-02-16 21:07:31] [INFO] [BandaiScraper] 发现旧格式文件夹: data/RG/RG-1_144-ガンダムベース限定-RX-0-ユニコーンガンダム-(最終決戦仕様)-[スペシャルコーティング]，将迁移到新格式: data/RG/01_5037_RG-1_144-ガンダムベース限定-RX-0-ユニコーンガンダム-(最終決戦仕様)-[スペシャルコーティング]
[2026-02-16 21:07:31] [INFO] [BandaiScraper] 图片不完整 (现有:0, 需要:8)，需要下载
[2026-02-16 21:07:32] [INFO] [BandaiScraper] 图片下载成功，共下载 8 张
[2026-02-16 21:07:32] [INFO] [BandaiScraper] 产品详情已保存到: data/RG/01_5037_RG-1_144-ガンダムベース限定-RX-0-ユニコーンガンダム-(最終決戦仕様)-[スペシャルコーティング]/product_details.json
[2026-02-16 21:07:32] [INFO] [BandaiScraper] 详情页抓取完成，随机延时 2.10 秒...
[2026-02-16 21:07:34] [INFO] [BandaiScraper] 正在访问Premium Bandai产品详情页: https://p-bandai.jp/item/item-1000190277/
[2026-02-16 21:07:34] [INFO] [BandaiScraper] 爬不了一点，过 (PB页面策略)
[2026-02-16 21:07:34] [INFO] [BandaiScraper] 迁移文件夹: data/RG/ＲＧ-1_144-Hi-νガンダム用-フィン・ファンネルエフェクト -> data/RG/1000190277_ＲＧ-1_144-Hi-νガンダム用-フィン・ファンネルエフェクト
[2026-02-16 21:07:34] [INFO] [BandaiScraper] 产品详情已保存到: data/RG/1000190277_ＲＧ-1_144-Hi-νガンダム用-フィン・ファンネルエフェクト/product_details.json
[2026-02-16 21:07:35] [INFO] [BandaiScraper] 正在访问产品详情页: https://bandai-hobby.net/item/01_4933/
[2026-02-16 21:07:37] [INFO] [BandaiScraper] 发现旧格式文件夹: data/RG/RG-1_144-MSN-04FF-サザビー，将迁移到新格式: data/RG/01_4933_RG-1_144-MSN-04FF-サザビー
[2026-02-16 21:07:37] [INFO] [BandaiScraper] 图片不完整 (现有:0, 需要:9)，需要下载
[2026-02-16 21:07:39] [INFO] [BandaiScraper] 图片下载成功，共下载 9 张
[2026-02-16 21:07:39] [INFO] [BandaiScraper] 产品详情已保存到: data/RG/01_4933_RG-1_144-MSN-04FF-サザビー/product_details.json
[2026-02-16 21:07:39] [INFO] [BandaiScraper] 详情页抓取完成，随机延时 2.68 秒...
[2026-02-16 21:07:41] [INFO] [BandaiScraper] 正在访问产品详情页: https://bandai-hobby.net/item/01_4371/
[2026-02-16 21:07:44] [INFO] [BandaiScraper] 发现旧格式文件夹: data/RG/ＲＧ-1_144-デスティニーインパルス，将迁移到新格式: data/RG/01_4371_ＲＧ-1_144-デスティニーインパルス
[2026-02-16 21:07:44] [INFO] [BandaiScraper] 图片不完整 (现有:0, 需要:10)，需要下载
[2026-02-16 21:07:45] [INFO] [BandaiScraper] 图片下载成功，共下载 10 张
[2026-02-16 21:07:45] [INFO] [BandaiScraper] 产品详情已保存到: data/RG/01_4371_ＲＧ-1_144-デスティニーインパルス/product_details.json
[2026-02-16 21:07:45] [INFO] [BandaiScraper] 详情页抓取完成，随机延时 3.20 秒...
[2026-02-16 21:07:48] [INFO] [BandaiScraper] 正在访问产品详情页: https://bandai-hobby.net/item/01_4121/
[2026-02-16 21:07:50] [INFO] [BandaiScraper] 发现旧格式文件夹: data/RG/RG-1_144-ガンダムベース限定-Hi-νガンダム[チタニウムフィニッシュ]，将迁移到新格式: data/RG/01_4121_RG-1_144-ガンダムベース限定-Hi-νガンダム[チタニウムフィニッシュ]
[2026-02-16 21:07:50] [INFO] [BandaiScraper] 图片不完整 (现有:0, 需要:5)，需要下载
[2026-02-16 21:07:50] [INFO] [BandaiScraper] 图片下载成功，共下载 5 张
[2026-02-16 21:07:50] [INFO] [BandaiScraper] 产品详情已保存到: data/RG/01_4121_RG-1_144-ガンダムベース限定-Hi-νガンダム[チタニウムフィニッシュ]/product_details.json
[2026-02-16 21:07:50] [INFO] [BandaiScraper] 详情页抓取完成，随机延时 3.14 秒...
[2026-02-16 21:07:53] [INFO] [BandaiScraper] 正在访问Premium Bandai产品详情页: https://p-bandai.jp/item/item-1000177309/
[2026-02-16 21:07:53] [INFO] [BandaiScraper] 爬不了一点，过 (PB页面策略)
[2026-02-16 21:07:53] [INFO] [BandaiScraper] 迁移文件夹: data/RG/ＲＧ-1_144-ゴッドガンダム用-拡張セット -> data/RG/1000177309_ＲＧ-1_144-ゴッドガンダム用-拡張セット
[2026-02-16 21:07:53] [INFO] [BandaiScraper] 产品详情已保存到: data/RG/1000177309_ＲＧ-1_144-ゴッドガンダム用-拡張セット/product_details.json
[2026-02-16 21:07:55] [INFO] [BandaiScraper] 正在访问产品详情页: https://bandai-hobby.net/item/01_4104/
[2026-02-16 21:07:57] [INFO] [BandaiScraper] 发现旧格式文件夹: data/RG/RG-1_144-ゴッドガンダム，将迁移到新格式: data/RG/01_4104_RG-1_144-ゴッドガンダム
[2026-02-16 21:07:57] [INFO] [BandaiScraper] 图片不完整 (现有:0, 需要:12)，需要下载
[2026-02-16 21:07:59] [INFO] [BandaiScraper] 图片下载成功，共下载 12 张
[2026-02-16 21:07:59] [INFO] [BandaiScraper] 产品详情已保存到: data/RG/01_4104_RG-1_144-ゴッドガンダム/product_details.json
[2026-02-16 21:07:59] [INFO] [BandaiScraper] 详情页抓取完成，随机延时 3.02 秒...
[2026-02-16 21:08:02] [INFO] [BandaiScraper] 正在访问产品详情页: https://bandai-hobby.net/item/01_4250/
[2026-02-16 21:08:05] [INFO] [BandaiScraper] 发现旧格式文件夹: data/RG/RG-1_144-ガンダムベース限定-エールストライクガンダム-&-スカイグラスパー-ランチャー_ソードパック-セット[クリアカラー]，将迁移到新格式: data/RG/01_4250_RG-1_144-ガンダムベース限定-エールストライクガンダム-&-スカイグラスパー-ランチャー_ソードパック-セット[クリアカラー]
[2026-02-16 21:08:05] [INFO] [BandaiScraper] 图片不完整 (现有:0, 需要:7)，需要下载
[2026-02-16 21:08:07] [INFO] [BandaiScraper] 图片下载成功，共下载 7 张
[2026-02-16 21:08:07] [INFO] [BandaiScraper] 产品详情已保存到: data/RG/01_4250_RG-1_144-ガンダムベース限定-エールストライクガンダム-&-スカイグラスパー-ランチャー_ソードパック-セット[クリアカラー]/product_details.json
[2026-02-16 21:08:07] [INFO] [BandaiScraper] 详情页抓取完成，随机延时 2.11 秒...
[2026-02-16 21:08:09] [INFO] [BandaiScraper] 正在访问Premium Bandai产品详情页: https://p-bandai.jp/item/item-1000169387/
[2026-02-16 21:08:09] [INFO] [BandaiScraper] 爬不了一点，过 (PB页面策略)
[2026-02-16 21:08:09] [INFO] [BandaiScraper] 迁移文件夹: data/RG/ＲＧ-1_144-MS-06R-2-ロバート・ギリアム専用ザクＩＩ -> data/RG/1000169387_ＲＧ-1_144-MS-06R-2-ロバート・ギリアム専用ザクＩＩ
[2026-02-16 21:08:10] [INFO] [BandaiScraper] 产品详情已保存到: data/RG/1000169387_ＲＧ-1_144-MS-06R-2-ロバート・ギリアム専用ザクＩＩ/product_details.json
[2026-02-16 21:08:11] [INFO] [BandaiScraper] 正在访问产品详情页: https://bandai-hobby.net/item/01_4189/
[2026-02-16 21:08:13] [INFO] [BandaiScraper] 发现旧格式文件夹: data/RG/RG-1_144-RX-93ff-νガンダム，将迁移到新格式: data/RG/01_4189_RG-1_144-RX-93ff-νガンダム
[2026-02-16 21:08:13] [INFO] [BandaiScraper] 图片不完整 (现有:0, 需要:9)，需要下载
[2026-02-16 21:08:15] [INFO] [BandaiScraper] 图片下载成功，共下载 9 张
[2026-02-16 21:08:15] [INFO] [BandaiScraper] 产品详情已保存到: data/RG/01_4189_RG-1_144-RX-93ff-νガンダム/product_details.json
[2026-02-16 21:08:15] [INFO] [BandaiScraper] 详情页抓取完成，随机延时 3.42 秒...
[2026-02-16 21:08:18] [INFO] [BandaiScraper] 正在访问Premium Bandai产品详情页: https://p-bandai.jp/item/item-1000160954/
[2026-02-16 21:08:18] [INFO] [BandaiScraper] 爬不了一点，过 (PB页面策略)
[2026-02-16 21:08:18] [INFO] [BandaiScraper] 迁移文件夹: data/RG/ＲＧ-1_144-高機動型ザクＩＩ（チームモンストルカスタム） -> data/RG/1000160954_ＲＧ-1_144-高機動型ザクＩＩ（チームモンストルカスタム）
[2026-02-16 21:08:18] [INFO] [BandaiScraper] 产品详情已保存到: data/RG/1000160954_ＲＧ-1_144-高機動型ザクＩＩ（チームモンストルカスタム）/product_details.json
[2026-02-16 21:08:20] [INFO] [BandaiScraper] 正在访问产品详情页: https://bandai-hobby.net/item/01_3792/
[2026-02-16 21:08:22] [INFO] [BandaiScraper] 发现旧格式文件夹: data/RG/RG-1_144-ガンダムベース限定-ジオング[クリアカラー]，将迁移到新格式: data/RG/01_3792_RG-1_144-ガンダムベース限定-ジオング[クリアカラー]
[2026-02-16 21:08:22] [INFO] [BandaiScraper] 图片不完整 (现有:0, 需要:4)，需要下载
[2026-02-16 21:08:22] [INFO] [BandaiScraper] 图片下载成功，共下载 4 张
[2026-02-16 21:08:22] [INFO] [BandaiScraper] 产品详情已保存到: data/RG/01_3792_RG-1_144-ガンダムベース限定-ジオング[クリアカラー]/product_details.json
[2026-02-16 21:08:22] [INFO] [BandaiScraper] 详情页抓取完成，随机延时 3.50 秒...
[2026-02-16 21:08:26] [INFO] [BandaiScraper] 正在访问Premium Bandai产品详情页: https://p-bandai.jp/item/item-1000160956/
[2026-02-16 21:08:26] [INFO] [BandaiScraper] 爬不了一点，过 (PB页面策略)
[2026-02-16 21:08:26] [INFO] [BandaiScraper] 迁移文件夹: data/RG/ＲＧ-1_144-RX-78-2-ガンダム（チームブライトカスタム） -> data/RG/1000160956_ＲＧ-1_144-RX-78-2-ガンダム（チームブライトカスタム）
[2026-02-16 21:08:26] [INFO] [BandaiScraper] 产品详情已保存到: data/RG/1000160956_ＲＧ-1_144-RX-78-2-ガンダム（チームブライトカスタム）/product_details.json
[2026-02-16 21:08:27] [INFO] [BandaiScraper] 正在访问产品详情页: https://bandai-hobby.net/item/01_3524/
[2026-02-16 21:08:30] [INFO] [BandaiScraper] 发现旧格式文件夹: data/RG/RG-1_144-Hi-νガンダム，将迁移到新格式: data/RG/01_3524_RG-1_144-Hi-νガンダム
[2026-02-16 21:08:30] [INFO] [BandaiScraper] 图片不完整 (现有:0, 需要:12)，需要下载
[2026-02-16 21:08:31] [INFO] [BandaiScraper] 图片下载成功，共下载 12 张
[2026-02-16 21:08:31] [INFO] [BandaiScraper] 产品详情已保存到: data/RG/01_3524_RG-1_144-Hi-νガンダム/product_details.json
[2026-02-16 21:08:31] [INFO] [BandaiScraper] 详情页抓取完成，随机延时 2.04 秒...
[2026-02-16 21:08:33] [INFO] [BandaiScraper] 正在访问产品详情页: https://bandai-hobby.net/item/01_4769/
[2026-02-16 21:08:36] [INFO] [BandaiScraper] 发现旧格式文件夹: data/RG/RG-1_144-RX-78-2-ガンダム-&-エールストライクガンダム-セット-[ガンダムワールドコントラストカラー]，将迁移到新格式: data/RG/01_4769_RG-1_144-RX-78-2-ガンダム-&-エールストライクガンダム-セット-[ガンダムワールドコントラストカラー]
[2026-02-16 21:08:36] [INFO] [BandaiScraper] 图片不完整 (现有:0, 需要:6)，需要下载
[2026-02-16 21:08:38] [INFO] [BandaiScraper] 图片下载成功，共下载 6 张
[2026-02-16 21:08:38] [INFO] [BandaiScraper] 产品详情已保存到: data/RG/01_4769_RG-1_144-RX-78-2-ガンダム-&-エールストライクガンダム-セット-[ガンダムワールドコントラストカラー]/product_details.json
[2026-02-16 21:08:38] [INFO] [BandaiScraper] 详情页抓取完成，随机延时 3.47 秒...
[2026-02-16 21:08:41] [INFO] [BandaiScraper] 正在访问Premium Bandai产品详情页: https://p-bandai.jp/item/item-1000161850/
[2026-02-16 21:08:41] [INFO] [BandaiScraper] 爬不了一点，过 (PB页面策略)
[2026-02-16 21:08:41] [INFO] [BandaiScraper] 迁移文件夹: data/RG/ＲＧ-1_144-Hi-νガンダム専用ハイパー・メガ・バズーカ・ランチャー -> data/RG/1000161850_ＲＧ-1_144-Hi-νガンダム専用ハイパー・メガ・バズーカ・ランチャー
[2026-02-16 21:08:41] [INFO] [BandaiScraper] 产品详情已保存到: data/RG/1000161850_ＲＧ-1_144-Hi-νガンダム専用ハイパー・メガ・バズーカ・ランチャー/product_details.json
[2026-02-16 21:08:42] [INFO] [BandaiScraper] 正在访问产品详情页: https://bandai-hobby.net/item/01_3683/
[2026-02-16 21:08:44] [INFO] [BandaiScraper] 发现旧格式文件夹: data/RG/RG-1_144-νガンダムHWS-[クリアカラー]，将迁移到新格式: data/RG/01_3683_RG-1_144-νガンダムHWS-[クリアカラー]
[2026-02-16 21:08:44] [INFO] [BandaiScraper] 图片不完整 (现有:0, 需要:2)，需要下载
[2026-02-16 21:08:45] [INFO] [BandaiScraper] 图片下载成功，共下载 2 张
[2026-02-16 21:08:45] [INFO] [BandaiScraper] 产品详情已保存到: data/RG/01_3683_RG-1_144-νガンダムHWS-[クリアカラー]/product_details.json
[2026-02-16 21:08:45] [INFO] [BandaiScraper] 详情页抓取完成，随机延时 2.53 秒...
[2026-02-16 21:08:48] [INFO] [BandaiScraper] 正在访问产品详情页: https://bandai-hobby.net/item/01_3425/
[2026-02-16 21:08:51] [INFO] [BandaiScraper] 发现旧格式文件夹: data/RG/RG-1_144-ウイングガンダム，将迁移到新格式: data/RG/01_3425_RG-1_144-ウイングガンダム
[2026-02-16 21:08:51] [INFO] [BandaiScraper] 图片不完整 (现有:0, 需要:12)，需要下载
[2026-02-16 21:08:52] [INFO] [BandaiScraper] 图片下载成功，共下载 12 张
[2026-02-16 21:08:52] [INFO] [BandaiScraper] 产品详情已保存到: data/RG/01_3425_RG-1_144-ウイングガンダム/product_details.json
[2026-02-16 21:08:52] [INFO] [BandaiScraper] 详情页抓取完成，随机延时 2.87 秒...
[2026-02-16 21:08:55] [INFO] [BandaiScraper] 正在访问Premium Bandai产品详情页: https://p-bandai.jp/item/item-1000154310/
[2026-02-16 21:08:55] [INFO] [BandaiScraper] 爬不了一点，过 (PB页面策略)
[2026-02-16 21:08:55] [INFO] [BandaiScraper] 迁移文件夹: data/RG/ＲＧ-1_144-トールギスＩＩＩ［チタニウムフィニッシュ］ -> data/RG/1000154310_ＲＧ-1_144-トールギスＩＩＩ［チタニウムフィニッシュ］
[2026-02-16 21:08:55] [INFO] [BandaiScraper] 产品详情已保存到: data/RG/1000154310_ＲＧ-1_144-トールギスＩＩＩ［チタニウムフィニッシュ］/product_details.json
[2026-02-16 21:08:56] [INFO] [BandaiScraper] 正在访问产品详情页: https://bandai-hobby.net/item/01_3496/
[2026-02-16 21:08:59] [INFO] [BandaiScraper] 发现旧格式文件夹: data/RG/RG-1_144-νガンダム[クリアカラー]，将迁移到新格式: data/RG/01_3496_RG-1_144-νガンダム[クリアカラー]
[2026-02-16 21:08:59] [INFO] [BandaiScraper] 图片不完整 (现有:0, 需要:2)，需要下载
[2026-02-16 21:08:59] [INFO] [BandaiScraper] 图片下载成功，共下载 2 张
[2026-02-16 21:08:59] [INFO] [BandaiScraper] 产品详情已保存到: data/RG/01_3496_RG-1_144-νガンダム[クリアカラー]/product_details.json
[2026-02-16 21:08:59] [INFO] [BandaiScraper] 详情页抓取完成，随机延时 3.05 秒...
[2026-02-16 21:09:02] [INFO] [BandaiScraper] 正在访问产品详情页: https://bandai-hobby.net/item/01_3456/
[2026-02-16 21:09:04] [INFO] [BandaiScraper] 发现旧格式文件夹: data/RG/RG-1_144-クロスボーン・ガンダムX1[チタニウムフィニッシュ]，将迁移到新格式: data/RG/01_3456_RG-1_144-クロスボーン・ガンダムX1[チタニウムフィニッシュ]
[2026-02-16 21:09:04] [INFO] [BandaiScraper] 图片不完整 (现有:0, 需要:7)，需要下载
[2026-02-16 21:09:06] [INFO] [BandaiScraper] 图片下载成功，共下载 7 张
[2026-02-16 21:09:06] [INFO] [BandaiScraper] 产品详情已保存到: data/RG/01_3456_RG-1_144-クロスボーン・ガンダムX1[チタニウムフィニッシュ]/product_details.json
[2026-02-16 21:09:06] [INFO] [BandaiScraper] 详情页抓取完成，随机延时 1.95 秒...
[2026-02-16 21:09:08] [INFO] [BandaiScraper] 正在访问产品详情页: https://bandai-hobby.net/item/01_3416/
[2026-02-16 21:09:10] [INFO] [BandaiScraper] 发现旧格式文件夹: data/RG/RG-1_144-フォースインパルスガンダム[チタニウムフィニッシュ]，将迁移到新格式: data/RG/01_3416_RG-1_144-フォースインパルスガンダム[チタニウムフィニッシュ]
[2026-02-16 21:09:10] [INFO] [BandaiScraper] 图片不完整 (现有:0, 需要:3)，需要下载
[2026-02-16 21:09:11] [INFO] [BandaiScraper] 图片下载成功，共下载 3 张
[2026-02-16 21:09:11] [INFO] [BandaiScraper] 产品详情已保存到: data/RG/01_3416_RG-1_144-フォースインパルスガンダム[チタニウムフィニッシュ]/product_details.json
[2026-02-16 21:09:11] [INFO] [BandaiScraper] 详情页抓取完成，随机延时 2.47 秒...
[2026-02-16 21:09:13] [INFO] [BandaiScraper] 正在访问产品详情页: https://bandai-hobby.net/item/01_3415/
[2026-02-16 21:09:15] [INFO] [BandaiScraper] 发现旧格式文件夹: data/RG/RG-1_144-クロスボーン・ガンダムX1[クリアカラー]，将迁移到新格式: data/RG/01_3415_RG-1_144-クロスボーン・ガンダムX1[クリアカラー]
[2026-02-16 21:09:15] [INFO] [BandaiScraper] 图片不完整 (现有:0, 需要:3)，需要下载
[2026-02-16 21:09:16] [INFO] [BandaiScraper] 图片下载成功，共下载 3 张
[2026-02-16 21:09:16] [INFO] [BandaiScraper] 产品详情已保存到: data/RG/01_3415_RG-1_144-クロスボーン・ガンダムX1[クリアカラー]/product_details.json
[2026-02-16 21:09:16] [INFO] [BandaiScraper] 详情页抓取完成，随机延时 3.48 秒...
[2026-02-16 21:09:20] [INFO] [BandaiScraper] 正在访问产品详情页: https://bandai-hobby.net/item/01_3414/
[2026-02-16 21:09:22] [INFO] [BandaiScraper] 发现旧格式文件夹: data/RG/RG-1_144-ガンダムベース限定-ストライクルージュ-グランドスラム装備型，将迁移到新格式: data/RG/01_3414_RG-1_144-ガンダムベース限定-ストライクルージュ-グランドスラム装備型
[2026-02-16 21:09:22] [INFO] [BandaiScraper] 图片不完整 (现有:0, 需要:4)，需要下载
[2026-02-16 21:09:23] [INFO] [BandaiScraper] 图片下载成功，共下载 4 张
[2026-02-16 21:09:23] [INFO] [BandaiScraper] 产品详情已保存到: data/RG/01_3414_RG-1_144-ガンダムベース限定-ストライクルージュ-グランドスラム装備型/product_details.json
[2026-02-16 21:09:23] [INFO] [BandaiScraper] 详情页抓取完成，随机延时 3.29 秒...
[2026-02-16 21:09:26] [INFO] [BandaiScraper] 正在访问产品详情页: https://bandai-hobby.net/item/01_3307/
[2026-02-16 21:09:29] [INFO] [BandaiScraper] 发现旧格式文件夹: data/RG/RG-1_144-機動戦士ガンダム-ラストシューティング-ジオングエフェクトセット，将迁移到新格式: data/RG/01_3307_RG-1_144-機動戦士ガンダム-ラストシューティング-ジオングエフェクトセット
[2026-02-16 21:09:29] [INFO] [BandaiScraper] 图片不完整 (现有:0, 需要:6)，需要下载
[2026-02-16 21:09:32] [INFO] [BandaiScraper] 图片下载成功，共下载 6 张
[2026-02-16 21:09:32] [INFO] [BandaiScraper] 产品详情已保存到: data/RG/01_3307_RG-1_144-機動戦士ガンダム-ラストシューティング-ジオングエフェクトセット/product_details.json
[2026-02-16 21:09:32] [INFO] [BandaiScraper] 详情页抓取完成，随机延时 1.86 秒...
[2026-02-16 21:09:34] [INFO] [BandaiScraper] 正在访问产品详情页: https://bandai-hobby.net/item/01_3306/
[2026-02-16 21:09:37] [INFO] [BandaiScraper] 发现旧格式文件夹: data/RG/RG-1_144-ジオング，将迁移到新格式: data/RG/01_3306_RG-1_144-ジオング
[2026-02-16 21:09:37] [INFO] [BandaiScraper] 图片不完整 (现有:0, 需要:11)，需要下载
[2026-02-16 21:09:42] [INFO] [BandaiScraper] 图片下载成功，共下载 11 张
[2026-02-16 21:09:42] [INFO] [BandaiScraper] 产品详情已保存到: data/RG/01_3306_RG-1_144-ジオング/product_details.json
[2026-02-16 21:09:42] [INFO] [BandaiScraper] 详情页抓取完成，随机延时 2.50 秒...
[2026-02-16 21:09:45] [INFO] [BandaiScraper] 正在访问产品详情页: https://bandai-hobby.net/item/01_3305/
[2026-02-16 21:09:47] [INFO] [BandaiScraper] 发现旧格式文件夹: data/RG/ＲＧ-1_144-ストライクフリーダムガンダム［チタニウムフィニッシュ］，将迁移到新格式: data/RG/01_3305_ＲＧ-1_144-ストライクフリーダムガンダム［チタニウムフィニッシュ］
[2026-02-16 21:09:48] [INFO] [BandaiScraper] 图片不完整 (现有:0, 需要:10)，需要下载
[2026-02-16 21:09:54] [INFO] [BandaiScraper] 图片下载成功，共下载 10 张
[2026-02-16 21:09:54] [INFO] [BandaiScraper] 产品详情已保存到: data/RG/01_3305_ＲＧ-1_144-ストライクフリーダムガンダム［チタニウムフィニッシュ］/product_details.json
[2026-02-16 21:09:54] [INFO] [BandaiScraper] 详情页抓取完成，随机延时 2.29 秒...
[2026-02-16 21:09:56] [INFO] [BandaiScraper] 正在访问产品详情页: https://bandai-hobby.net/item/01_3372/
[2026-02-16 21:09:59] [INFO] [BandaiScraper] 发现旧格式文件夹: data/RG/GUNPLA-40th-メモリアルセット，将迁移到新格式: data/RG/01_3372_GUNPLA-40th-メモリアルセット
[2026-02-16 21:09:59] [INFO] [BandaiScraper] 图片不完整 (现有:0, 需要:10)，需要下载
[2026-02-16 21:10:04] [INFO] [BandaiScraper] 图片下载成功，共下载 10 张
[2026-02-16 21:10:04] [INFO] [BandaiScraper] 产品详情已保存到: data/RG/01_3372_GUNPLA-40th-メモリアルセット/product_details.json
[2026-02-16 21:10:04] [INFO] [BandaiScraper] 详情页抓取完成，随机延时 3.33 秒...
[2026-02-16 21:10:07] [INFO] [BandaiScraper] 正在访问产品详情页: https://bandai-hobby.net/item/01_3338/
[2026-02-16 21:10:09] [INFO] [BandaiScraper] 发现旧格式文件夹: data/RG/RG-1_144-ガンダムベース限定-ガンダムエクシア[トランザムクリア]，将迁移到新格式: data/RG/01_3338_RG-1_144-ガンダムベース限定-ガンダムエクシア[トランザムクリア]
[2026-02-16 21:10:10] [INFO] [BandaiScraper] 图片不完整 (现有:0, 需要:4)，需要下载
[2026-02-16 21:10:11] [INFO] [BandaiScraper] 图片下载成功，共下载 4 张
[2026-02-16 21:10:11] [INFO] [BandaiScraper] 产品详情已保存到: data/RG/01_3338_RG-1_144-ガンダムベース限定-ガンダムエクシア[トランザムクリア]/product_details.json
[2026-02-16 21:10:11] [INFO] [BandaiScraper] 详情页抓取完成，随机延时 1.59 秒...
[2026-02-16 21:10:13] [INFO] [BandaiScraper] 正在访问产品详情页: https://bandai-hobby.net/item/01_3337/
[2026-02-16 21:10:15] [INFO] [BandaiScraper] 发现旧格式文件夹: data/RG/RG-1_144-ガンダムベース限定-ダブルオークアンタ[トランザムクリア]，将迁移到新格式: data/RG/01_3337_RG-1_144-ガンダムベース限定-ダブルオークアンタ[トランザムクリア]
[2026-02-16 21:10:15] [INFO] [BandaiScraper] 图片不完整 (现有:0, 需要:4)，需要下载
[2026-02-16 21:10:16] [INFO] [BandaiScraper] 图片下载成功，共下载 4 张
[2026-02-16 21:10:16] [INFO] [BandaiScraper] 产品详情已保存到: data/RG/01_3337_RG-1_144-ガンダムベース限定-ダブルオークアンタ[トランザムクリア]/product_details.json
[2026-02-16 21:10:16] [INFO] [BandaiScraper] 详情页抓取完成，随机延时 3.18 秒...
[2026-02-16 21:10:20] [INFO] [BandaiScraper] 正在访问产品详情页: https://bandai-hobby.net/item/01_3336/
[2026-02-16 21:10:22] [INFO] [BandaiScraper] 发现旧格式文件夹: data/RG/RG-1_144-ガンダムベース限定-ダブルオーライザー[トランザムクリア]，将迁移到新格式: data/RG/01_3336_RG-1_144-ガンダムベース限定-ダブルオーライザー[トランザムクリア]
[2026-02-16 21:10:22] [INFO] [BandaiScraper] 图片不完整 (现有:0, 需要:3)，需要下载
[2026-02-16 21:10:24] [INFO] [BandaiScraper] 图片下载成功，共下载 3 张
[2026-02-16 21:10:24] [INFO] [BandaiScraper] 产品详情已保存到: data/RG/01_3336_RG-1_144-ガンダムベース限定-ダブルオーライザー[トランザムクリア]/product_details.json
[2026-02-16 21:10:24] [INFO] [BandaiScraper] 详情页抓取完成，随机延时 1.59 秒...
[2026-02-16 21:10:26] [INFO] [BandaiScraper] 正在访问Premium Bandai产品详情页: https://p-bandai.jp/item/item-1000147802/
[2026-02-16 21:10:26] [INFO] [BandaiScraper] 爬不了一点，过 (PB页面策略)
[2026-02-16 21:10:26] [INFO] [BandaiScraper] 迁移文件夹: data/RG/ＲＧ-1_144-ソードインパルスガンダム -> data/RG/1000147802_ＲＧ-1_144-ソードインパルスガンダム
[2026-02-16 21:10:26] [INFO] [BandaiScraper] 产品详情已保存到: data/RG/1000147802_ＲＧ-1_144-ソードインパルスガンダム/product_details.json
[2026-02-16 21:10:26] [INFO] [BandaiScraper] 正在访问Premium Bandai产品详情页: https://p-bandai.jp/item/item-1000146303/
[2026-02-16 21:10:26] [INFO] [BandaiScraper] 爬不了一点，过 (PB页面策略)
[2026-02-16 21:10:26] [INFO] [BandaiScraper] 迁移文件夹: data/RG/ＲＧ-1_144-νガンダムＨＷＳ拡張セット -> data/RG/1000146303_ＲＧ-1_144-νガンダムＨＷＳ拡張セット
[2026-02-16 21:10:26] [INFO] [BandaiScraper] 产品详情已保存到: data/RG/1000146303_ＲＧ-1_144-νガンダムＨＷＳ拡張セット/product_details.json
[2026-02-16 21:10:27] [INFO] [BandaiScraper] 正在访问Premium Bandai产品详情页: https://p-bandai.jp/item/item-1000146277/
[2026-02-16 21:10:27] [INFO] [BandaiScraper] 爬不了一点，过 (PB页面策略)
[2026-02-16 21:10:27] [INFO] [BandaiScraper] 迁移文件夹: data/RG/ＲＧ-1_144-νガンダムＨＷＳ -> data/RG/1000146277_ＲＧ-1_144-νガンダムＨＷＳ
[2026-02-16 21:10:27] [INFO] [BandaiScraper] 产品详情已保存到: data/RG/1000146277_ＲＧ-1_144-νガンダムＨＷＳ/product_details.json
[2026-02-16 21:10:28] [INFO] [BandaiScraper] 正在访问产品详情页: https://bandai-hobby.net/item/01_3060/
[2026-02-16 21:10:30] [INFO] [BandaiScraper] 发现旧格式文件夹: data/RG/RG-1_144-ガンダムベース限定-ユニコーンガンダム-ペルフェクティビリティ，将迁移到新格式: data/RG/01_3060_RG-1_144-ガンダムベース限定-ユニコーンガンダム-ペルフェクティビリティ
[2026-02-16 21:10:31] [INFO] [BandaiScraper] 图片不完整 (现有:0, 需要:4)，需要下载
[2026-02-16 21:10:31] [INFO] [BandaiScraper] 图片下载成功，共下载 4 张
[2026-02-16 21:10:31] [INFO] [BandaiScraper] 产品详情已保存到: data/RG/01_3060_RG-1_144-ガンダムベース限定-ユニコーンガンダム-ペルフェクティビリティ/product_details.json
[2026-02-16 21:10:31] [INFO] [BandaiScraper] 详情页抓取完成，随机延时 1.96 秒...
[2026-02-16 21:10:33] [INFO] [BandaiScraper] 正在访问产品详情页: https://bandai-hobby.net/item/01_2821/
[2026-02-16 21:10:36] [INFO] [BandaiScraper] 发现旧格式文件夹: data/RG/ＲＧ-1_144-シナンジュ［スペシャルコーティング］，将迁移到新格式: data/RG/01_2821_ＲＧ-1_144-シナンジュ［スペシャルコーティング］
[2026-02-16 21:10:36] [INFO] [BandaiScraper] 图片不完整 (现有:0, 需要:10)，需要下载
[2026-02-16 21:10:39] [INFO] [BandaiScraper] 图片下载成功，共下载 10 张
[2026-02-16 21:10:39] [INFO] [BandaiScraper] 产品详情已保存到: data/RG/01_2821_ＲＧ-1_144-シナンジュ［スペシャルコーティング］/product_details.json
[2026-02-16 21:10:39] [INFO] [BandaiScraper] 详情页抓取完成，随机延时 2.44 秒...
[2026-02-16 21:10:42] [INFO] [BandaiScraper] 正在访问产品详情页: https://bandai-hobby.net/item/01_2995/
[2026-02-16 21:10:44] [INFO] [BandaiScraper] 发现旧格式文件夹: data/RG/RG-1_144-νガンダム[クリアカラー]-初回生産限定パッケージ，将迁移到新格式: data/RG/01_2995_RG-1_144-νガンダム[クリアカラー]-初回生産限定パッケージ
[2026-02-16 21:10:44] [INFO] [BandaiScraper] 图片不完整 (现有:0, 需要:3)，需要下载
[2026-02-16 21:10:45] [INFO] [BandaiScraper] 图片下载成功，共下载 3 张
[2026-02-16 21:10:45] [INFO] [BandaiScraper] 产品详情已保存到: data/RG/01_2995_RG-1_144-νガンダム[クリアカラー]-初回生産限定パッケージ/product_details.json
[2026-02-16 21:10:45] [INFO] [BandaiScraper] 详情页抓取完成，随机延时 2.20 秒...
[2026-02-16 21:10:47] [INFO] [BandaiScraper] 正在访问产品详情页: https://bandai-hobby.net/item/01_2797/
[2026-02-16 21:10:50] [INFO] [BandaiScraper] 发现旧格式文件夹: data/RG/ＲＧ-1_144-デスティニーガンダム［チタニウムフィニッシュ］，将迁移到新格式: data/RG/01_2797_ＲＧ-1_144-デスティニーガンダム［チタニウムフィニッシュ］
[2026-02-16 21:10:50] [INFO] [BandaiScraper] 图片不完整 (现有:0, 需要:10)，需要下载
[2026-02-16 21:10:53] [INFO] [BandaiScraper] 图片下载成功，共下载 10 张
[2026-02-16 21:10:53] [INFO] [BandaiScraper] 产品详情已保存到: data/RG/01_2797_ＲＧ-1_144-デスティニーガンダム［チタニウムフィニッシュ］/product_details.json
[2026-02-16 21:10:53] [INFO] [BandaiScraper] 详情页抓取完成，随机延时 2.24 秒...
[2026-02-16 21:10:55] [INFO] [BandaiScraper] 正在访问Premium Bandai产品详情页: https://p-bandai.jp/item/item-1000142878/
[2026-02-16 21:10:55] [INFO] [BandaiScraper] 爬不了一点，过 (PB页面策略)
[2026-02-16 21:10:55] [INFO] [BandaiScraper] 迁移文件夹: data/RG/ＲＧ-1_144-トールギス（ＴＶアニメカラーVer.） -> data/RG/1000142878_ＲＧ-1_144-トールギス（ＴＶアニメカラーVer.）
[2026-02-16 21:10:55] [INFO] [BandaiScraper] 产品详情已保存到: data/RG/1000142878_ＲＧ-1_144-トールギス（ＴＶアニメカラーVer.）/product_details.json
[2026-02-16 21:10:57] [INFO] [BandaiScraper] 正在访问产品详情页: https://bandai-hobby.net/item/01_2712/
[2026-02-16 21:11:00] [INFO] [BandaiScraper] 发现旧格式文件夹: data/RG/RG-1_144-フォースインパルスガンダム，将迁移到新格式: data/RG/01_2712_RG-1_144-フォースインパルスガンダム
[2026-02-16 21:11:00] [INFO] [BandaiScraper] 图片不完整 (现有:0, 需要:12)，需要下载
[2026-02-16 21:11:03] [INFO] [BandaiScraper] 图片下载成功，共下载 12 张
[2026-02-16 21:11:03] [INFO] [BandaiScraper] 产品详情已保存到: data/RG/01_2712_RG-1_144-フォースインパルスガンダム/product_details.json
[2026-02-16 21:11:03] [INFO] [BandaiScraper] 详情页抓取完成，随机延时 2.43 秒...
[2026-02-16 21:11:05] [INFO] [BandaiScraper] 正在访问产品详情页: https://bandai-hobby.net/item/01_2734/
[2026-02-16 21:11:08] [INFO] [BandaiScraper] 发现旧格式文件夹: data/RG/RG-1_144-ガンダムベース限定-νガンダム[チタニウムフィニッシュ]，将迁移到新格式: data/RG/01_2734_RG-1_144-ガンダムベース限定-νガンダム[チタニウムフィニッシュ]
[2026-02-16 21:11:08] [INFO] [BandaiScraper] 图片不完整 (现有:0, 需要:4)，需要下载
[2026-02-16 21:11:10] [INFO] [BandaiScraper] 图片下载成功，共下载 4 张
[2026-02-16 21:11:10] [INFO] [BandaiScraper] 产品详情已保存到: data/RG/01_2734_RG-1_144-ガンダムベース限定-νガンダム[チタニウムフィニッシュ]/product_details.json
[2026-02-16 21:11:10] [INFO] [BandaiScraper] 详情页抓取完成，随机延时 2.13 秒...
[2026-02-16 21:11:12] [INFO] [BandaiScraper] 正在访问Premium Bandai产品详情页: https://p-bandai.jp/item/item-1000139902/
[2026-02-16 21:11:12] [INFO] [BandaiScraper] 爬不了一点，过 (PB页面策略)
[2026-02-16 21:11:12] [INFO] [BandaiScraper] 迁移文件夹: data/RG/ＲＧ-1_144-ユニコーンガンダム3号機-フェネクス（ナラティブVer.） -> data/RG/1000139902_ＲＧ-1_144-ユニコーンガンダム3号機-フェネクス（ナラティブVer.）
[2026-02-16 21:11:12] [INFO] [BandaiScraper] 产品详情已保存到: data/RG/1000139902_ＲＧ-1_144-ユニコーンガンダム3号機-フェネクス（ナラティブVer.）/product_details.json
[2026-02-16 21:11:13] [INFO] [BandaiScraper] 正在访问Premium Bandai产品详情页: https://p-bandai.jp/item/item-1000145051
[2026-02-16 21:11:13] [INFO] [BandaiScraper] 爬不了一点，过 (PB页面策略)
[2026-02-16 21:11:13] [INFO] [BandaiScraper] 迁移文件夹: data/RG/ＲＧ-1_144-MS-06R-1A-ユーマ・ライトニング専用ザクII -> data/RG/1000145051_ＲＧ-1_144-MS-06R-1A-ユーマ・ライトニング専用ザクII
[2026-02-16 21:11:13] [INFO] [BandaiScraper] 产品详情已保存到: data/RG/1000145051_ＲＧ-1_144-MS-06R-1A-ユーマ・ライトニング専用ザクII/product_details.json
[2026-02-16 21:11:14] [INFO] [BandaiScraper] 正在访问产品详情页: https://bandai-hobby.net/item/01_2531/
[2026-02-16 21:11:16] [INFO] [BandaiScraper] 发现旧格式文件夹: data/RG/RG-1_144-νガンダム-フィン・ファンネルエフェクトセット，将迁移到新格式: data/RG/01_2531_RG-1_144-νガンダム-フィン・ファンネルエフェクトセット
[2026-02-16 21:11:17] [INFO] [BandaiScraper] 图片不完整 (现有:0, 需要:5)，需要下载
[2026-02-16 21:11:19] [INFO] [BandaiScraper] 图片下载成功，共下载 5 张
[2026-02-16 21:11:19] [INFO] [BandaiScraper] 产品详情已保存到: data/RG/01_2531_RG-1_144-νガンダム-フィン・ファンネルエフェクトセット/product_details.json
[2026-02-16 21:11:19] [INFO] [BandaiScraper] 详情页抓取完成，随机延时 1.72 秒...
[2026-02-16 21:11:21] [INFO] [BandaiScraper] 正在访问Premium Bandai产品详情页: https://p-bandai.jp/item/item-1000142961/
[2026-02-16 21:11:21] [INFO] [BandaiScraper] 爬不了一点，过 (PB页面策略)
[2026-02-16 21:11:21] [INFO] [BandaiScraper] 迁移文件夹: data/RG/ＲＧ-1_144-クロスボーン・ガンダムＸ２ -> data/RG/1000142961_ＲＧ-1_144-クロスボーン・ガンダムＸ２
[2026-02-16 21:11:21] [INFO] [BandaiScraper] 产品详情已保存到: data/RG/1000142961_ＲＧ-1_144-クロスボーン・ガンダムＸ２/product_details.json
[2026-02-16 21:11:21] [INFO] [BandaiScraper] 正在访问产品详情页: https://bandai-hobby.net/item/01_2648/
[2026-02-16 21:11:32] [WARNING] [BandaiScraper] Retrying scraper.BandaiScraper._get_request in 2.0 seconds as it raised ReadTimeout: HTTPSConnectionPool(host='bandai-hobby.net', port=443): Read timed out. (read timeout=10).
[2026-02-16 21:11:36] [INFO] [BandaiScraper] 发现旧格式文件夹: data/RG/RG-1_144-ガンダムベース限定-ダブルオークアンタフルセイバー[トランザムクリア]，将迁移到新格式: data/RG/01_2648_RG-1_144-ガンダムベース限定-ダブルオークアンタフルセイバー[トランザムクリア]
[2026-02-16 21:11:36] [INFO] [BandaiScraper] 图片不完整 (现有:0, 需要:3)，需要下载
[2026-02-16 21:11:55] [ERROR] [BandaiScraper] 部分图片下载失败
[2026-02-16 21:11:56] [INFO] [BandaiScraper] 产品详情已保存到: data/RG/01_2648_RG-1_144-ガンダムベース限定-ダブルオークアンタフルセイバー[トランザムクリア]/product_details.json
[2026-02-16 21:11:56] [INFO] [BandaiScraper] 详情页抓取完成，随机延时 3.38 秒...
[2026-02-16 21:11:59] [INFO] [BandaiScraper] 正在访问Premium Bandai产品详情页: https://p-bandai.jp/item/item-1000136789
[2026-02-16 21:11:59] [INFO] [BandaiScraper] 爬不了一点，过 (PB页面策略)
[2026-02-16 21:11:59] [INFO] [BandaiScraper] 迁移文件夹: data/RG/ＲＧ-1_144-νガンダム用ダブル・フィン・ファンネル拡張ユニット -> data/RG/1000136789_ＲＧ-1_144-νガンダム用ダブル・フィン・ファンネル拡張ユニット
[2026-02-16 21:11:59] [INFO] [BandaiScraper] 产品详情已保存到: data/RG/1000136789_ＲＧ-1_144-νガンダム用ダブル・フィン・ファンネル拡張ユニット/product_details.json
[2026-02-16 21:12:00] [INFO] [BandaiScraper] 正在访问Premium Bandai产品详情页: https://p-bandai.jp/item/item-1000136194
[2026-02-16 21:12:00] [INFO] [BandaiScraper] 爬不了一点，过 (PB页面策略)
[2026-02-16 21:12:00] [INFO] [BandaiScraper] 迁移文件夹: data/RG/ＲＧ-1_144-パーフェクトストライクガンダム -> data/RG/1000136194_ＲＧ-1_144-パーフェクトストライクガンダム
[2026-02-16 21:12:00] [INFO] [BandaiScraper] 产品详情已保存到: data/RG/1000136194_ＲＧ-1_144-パーフェクトストライクガンダム/product_details.json
[2026-02-16 21:12:01] [INFO] [BandaiScraper] 正在访问产品详情页: https://bandai-hobby.net/item/01_2343/
[2026-02-16 21:12:04] [INFO] [BandaiScraper] 发现旧格式文件夹: data/RG/RG-1_144-νガンダム，将迁移到新格式: data/RG/01_2343_RG-1_144-νガンダム
[2026-02-16 21:12:04] [INFO] [BandaiScraper] 图片不完整 (现有:0, 需要:10)，需要下载
[2026-02-16 21:12:06] [INFO] [BandaiScraper] 图片下载成功，共下载 10 张
[2026-02-16 21:12:06] [INFO] [BandaiScraper] 产品详情已保存到: data/RG/01_2343_RG-1_144-νガンダム/product_details.json
[2026-02-16 21:12:06] [INFO] [BandaiScraper] 详情页抓取完成，随机延时 2.15 秒...
[2026-02-16 21:12:08] [INFO] [BandaiScraper] 正在访问产品详情页: https://bandai-hobby.net/item/01_2336/
[2026-02-16 21:11:11] [INFO] [BandaiScraper] 发现旧格式文件夹: data/RG/ＲＧ-1_144-サザビー［スペシャルコーティング］，将迁移到新格式: data/RG/01_2336_ＲＧ-1_144-サザビー［スペシャルコーティング］
[2026-02-16 21:11:11] [INFO] [BandaiScraper] 图片不完整 (现有:0, 需要:1)，需要下载
[2026-02-16 21:11:11] [INFO] [BandaiScraper] 图片下载成功，共下载 1 张
[2026-02-16 21:11:11] [INFO] [BandaiScraper] 产品详情已保存到: data/RG/01_2336_ＲＧ-1_144-サザビー［スペシャルコーティング］/product_details.json
[2026-02-16 21:11:11] [INFO] [BandaiScraper] 详情页抓取完成，随机延时 2.60 秒...
[2026-02-16 21:12:13] [INFO] [BandaiScraper] 正在访问Premium Bandai产品详情页: https://p-bandai.jp/item/item-1000135281/
[2026-02-16 21:12:13] [INFO] [BandaiScraper] 爬不了一点，过 (PB页面策略)
[2026-02-16 21:12:13] [INFO] [BandaiScraper] 迁移文件夹: data/RG/ＲＧ-1_144-トールギスＩＩＩ -> data/RG/1000135281_ＲＧ-1_144-トールギスＩＩＩ
[2026-02-16 21:12:13] [INFO] [BandaiScraper] 产品详情已保存到: data/RG/1000135281_ＲＧ-1_144-トールギスＩＩＩ/product_details.json
[2026-02-16 21:11:14] [INFO] [BandaiScraper] 正在访问Premium Bandai产品详情页: https://p-bandai.jp/item/item-1000134497
[2026-02-16 21:11:14] [INFO] [BandaiScraper] 爬不了一点，过 (PB页面策略)
[2026-02-16 21:11:14] [INFO] [BandaiScraper] 迁移文件夹: data/RG/ＲＧ-1_144-ガンダムアストレイ-ゴールドフレーム天（アマツ）ハナ -> data/RG/1000134497_ＲＧ-1_144-ガンダムアストレイ-ゴールドフレーム天（アマツ）ハナ
[2026-02-16 21:11:14] [INFO] [BandaiScraper] 产品详情已保存到: data/RG/1000134497_ＲＧ-1_144-ガンダムアストレイ-ゴールドフレーム天（アマツ）ハナ/product_details.json
[2026-02-16 21:11:15] [INFO] [BandaiScraper] 正在访问Premium Bandai产品详情页: https://p-bandai.jp/item/item-1000134189
[2026-02-16 21:11:15] [INFO] [BandaiScraper] 爬不了一点，过 (PB页面策略)
[2026-02-16 21:11:15] [INFO] [BandaiScraper] 迁移文件夹: data/RG/ＲＧ-1_144-ガンダムエクシア-リペアＩＩＩ -> data/RG/1000134189_ＲＧ-1_144-ガンダムエクシア-リペアＩＩＩ
[2026-02-16 21:11:15] [INFO] [BandaiScraper] 产品详情已保存到: data/RG/1000134189_ＲＧ-1_144-ガンダムエクシア-リペアＩＩＩ/product_details.json
[2026-02-16 21:11:16] [INFO] [BandaiScraper] 正在访问产品详情页: https://bandai-hobby.net/item/01_2251/
[2026-02-16 21:11:18] [INFO] [BandaiScraper] 发现旧格式文件夹: data/RG/RG-1_144-クロスボーン・ガンダムX1，将迁移到新格式: data/RG/01_2251_RG-1_144-クロスボーン・ガンダムX1
[2026-02-16 21:11:18] [INFO] [BandaiScraper] 图片不完整 (现有:0, 需要:12)，需要下载
[2026-02-16 21:12:19] [INFO] [BandaiScraper] 图片下载成功，共下载 12 张
[2026-02-16 21:12:19] [INFO] [BandaiScraper] 产品详情已保存到: data/RG/01_2251_RG-1_144-クロスボーン・ガンダムX1/product_details.json
[2026-02-16 21:12:19] [INFO] [BandaiScraper] 详情页抓取完成，随机延时 2.81 秒...
[2026-02-16 21:12:22] [INFO] [BandaiScraper] 正在访问产品详情页: https://bandai-hobby.net/item/01_2326/
[2026-02-16 21:12:24] [INFO] [BandaiScraper] 发现旧格式文件夹: data/RG/RG-1_144-サザビー-[クリアカラー]，将迁移到新格式: data/RG/01_2326_RG-1_144-サザビー-[クリアカラー]
[2026-02-16 21:12:24] [INFO] [BandaiScraper] 图片不完整 (现有:0, 需要:3)，需要下载
[2026-02-16 21:12:25] [INFO] [BandaiScraper] 图片下载成功，共下载 3 张
[2026-02-16 21:12:25] [INFO] [BandaiScraper] 产品详情已保存到: data/RG/01_2326_RG-1_144-サザビー-[クリアカラー]/product_details.json
[2026-02-16 21:12:25] [INFO] [BandaiScraper] 详情页抓取完成，随机延时 1.99 秒...
[2026-02-16 21:12:27] [INFO] [BandaiScraper] 正在访问Premium Bandai产品详情页: https://p-bandai.jp/item/item-1000132743
[2026-02-16 21:12:27] [INFO] [BandaiScraper] 爬不了一点，过 (PB页面策略)
[2026-02-16 21:12:27] [INFO] [BandaiScraper] 迁移文件夹: data/RG/ＲＧ-1_144-MS-06R-1A-エリック・マンスフィールド専用ザクＩＩ -> data/RG/1000132743_ＲＧ-1_144-MS-06R-1A-エリック・マンスフィールド専用ザクＩＩ
[2026-02-16 21:12:27] [INFO] [BandaiScraper] 产品详情已保存到: data/RG/1000132743_ＲＧ-1_144-MS-06R-1A-エリック・マンスフィールド専用ザクＩＩ/product_details.json
[2026-02-16 21:12:28] [INFO] [BandaiScraper] 正在访问产品详情页: https://bandai-hobby.net/item/01_2292/
[2026-02-16 21:12:30] [INFO] [BandaiScraper] 发现旧格式文件夹: data/RG/RG-1_144-ガンダムベース限定-ユニコーンガンダム2号機-バンシィ・ノルン-(デストロイモード)-(LIGHTING-MODEL)，将迁移到新格式: data/RG/01_2292_RG-1_144-ガンダムベース限定-ユニコーンガンダム2号機-バンシィ・ノルン-(デストロイモード)-(LIGHTING-MODEL)
[2026-02-16 21:12:30] [INFO] [BandaiScraper] 图片不完整 (现有:0, 需要:3)，需要下载
[2026-02-16 21:12:31] [INFO] [BandaiScraper] 图片下载成功，共下载 3 张
[2026-02-16 21:12:31] [INFO] [BandaiScraper] 产品详情已保存到: data/RG/01_2292_RG-1_144-ガンダムベース限定-ユニコーンガンダム2号機-バンシィ・ノルン-(デストロイモード)-(LIGHTING-MODEL)/product_details.json
[2026-02-16 21:12:31] [INFO] [BandaiScraper] 详情页抓取完成，随机延时 2.92 秒...
[2026-02-16 21:12:34] [INFO] [BandaiScraper] 正在访问Premium Bandai产品详情页: https://p-bandai.jp/item/item-1000133044
[2026-02-16 21:12:34] [INFO] [BandaiScraper] 爬不了一点，过 (PB页面策略)
[2026-02-16 21:12:34] [INFO] [BandaiScraper] 迁移文件夹: data/RG/ＲＧ-1_144-拡張ユニット-アームド・アーマーＶＮ／ＢＳ -> data/RG/1000133044_ＲＧ-1_144-拡張ユニット-アームド・アーマーＶＮ／ＢＳ
[2026-02-16 21:12:34] [INFO] [BandaiScraper] 产品详情已保存到: data/RG/1000133044_ＲＧ-1_144-拡張ユニット-アームド・アーマーＶＮ／ＢＳ/product_details.json
[2026-02-16 21:12:35] [INFO] [BandaiScraper] 正在访问产品详情页: https://bandai-hobby.net/item/01_4768/
[2026-02-16 21:12:37] [INFO] [BandaiScraper] 发现旧格式文件夹: data/RG/RG-1_144-ガンダムアストレイ-ゴールドフレーム天［スペシャルコーティング］，将迁移到新格式: data/RG/01_4768_RG-1_144-ガンダムアストレイ-ゴールドフレーム天［スペシャルコーティング］
[2026-02-16 21:12:37] [INFO] [BandaiScraper] 图片不完整 (现有:0, 需要:4)，需要下载
[2026-02-16 21:12:39] [INFO] [BandaiScraper] 图片下载成功，共下载 4 张
[2026-02-16 21:12:39] [INFO] [BandaiScraper] 产品详情已保存到: data/RG/01_4768_RG-1_144-ガンダムアストレイ-ゴールドフレーム天［スペシャルコーティング］/product_details.json
[2026-02-16 21:12:39] [INFO] [BandaiScraper] 详情页抓取完成，随机延时 1.65 秒...
[2026-02-16 21:12:40] [INFO] [BandaiScraper] 正在访问Premium Bandai产品详情页: https://p-bandai.jp/item/item-1000130551
[2026-02-16 21:12:40] [INFO] [BandaiScraper] 爬不了一点，过 (PB页面策略)
[2026-02-16 21:12:40] [INFO] [BandaiScraper] 迁移文件夹: data/RG/ＲＧ-1_144-ユニコーンガンダム２号機-バンシィ・ノルン-（最終決戦仕様） -> data/RG/1000130551_ＲＧ-1_144-ユニコーンガンダム２号機-バンシィ・ノルン-（最終決戦仕様）
[2026-02-16 21:12:40] [INFO] [BandaiScraper] 产品详情已保存到: data/RG/1000130551_ＲＧ-1_144-ユニコーンガンダム２号機-バンシィ・ノルン-（最終決戦仕様）/product_details.json
[2026-02-16 21:12:41] [INFO] [BandaiScraper] 正在访问产品详情页: https://bandai-hobby.net/item/01_2028/
[2026-02-16 21:12:44] [INFO] [BandaiScraper] 发现旧格式文件夹: data/RG/RG-1_144-フルアーマー・ユニコーンガンダム，将迁移到新格式: data/RG/01_2028_RG-1_144-フルアーマー・ユニコーンガンダム
[2026-02-16 21:12:44] [INFO] [BandaiScraper] 图片不完整 (现有:0, 需要:12)，需要下载
[2026-02-16 21:12:46] [INFO] [BandaiScraper] 图片下载成功，共下载 12 张
[2026-02-16 21:12:46] [INFO] [BandaiScraper] 产品详情已保存到: data/RG/01_2028_RG-1_144-フルアーマー・ユニコーンガンダム/product_details.json
[2026-02-16 21:12:46] [INFO] [BandaiScraper] 详情页抓取完成，随机延时 2.09 秒...
[2026-02-16 21:12:48] [INFO] [BandaiScraper] 正在访问产品详情页: https://bandai-hobby.net/item/01_2066/
[2026-02-16 21:12:51] [INFO] [BandaiScraper] 发现旧格式文件夹: data/RG/ＲＧ-1_144-トールギスII，将迁移到新格式: data/RG/01_2066_ＲＧ-1_144-トールギスII
[2026-02-16 21:12:51] [INFO] [BandaiScraper] 图片不完整 (现有:0, 需要:10)，需要下载
[2026-02-16 21:12:53] [INFO] [BandaiScraper] 图片下载成功，共下载 10 张
[2026-02-16 21:12:53] [INFO] [BandaiScraper] 产品详情已保存到: data/RG/01_2066_ＲＧ-1_144-トールギスII/product_details.json
[2026-02-16 21:12:53] [INFO] [BandaiScraper] 详情页抓取完成，随机延时 3.10 秒...
[2026-02-16 21:12:56] [INFO] [BandaiScraper] 正在访问产品详情页: https://bandai-hobby.net/item/01_2190/
[2026-02-16 21:12:58] [INFO] [BandaiScraper] 发现旧格式文件夹: data/RG/RG-1_144-ガンダムアストレイ-ゴールドフレーム天ミナ-[スペシャルコーティング]，将迁移到新格式: data/RG/01_2190_RG-1_144-ガンダムアストレイ-ゴールドフレーム天ミナ-[スペシャルコーティング]
[2026-02-16 21:12:58] [INFO] [BandaiScraper] 图片不完整 (现有:0, 需要:1)，需要下载
[2026-02-16 21:12:58] [INFO] [BandaiScraper] 图片下载成功，共下载 1 张
[2026-02-16 21:12:58] [INFO] [BandaiScraper] 产品详情已保存到: data/RG/01_2190_RG-1_144-ガンダムアストレイ-ゴールドフレーム天ミナ-[スペシャルコーティング]/product_details.json
[2026-02-16 21:12:58] [INFO] [BandaiScraper] 详情页抓取完成，随机延时 1.70 秒...
[2026-02-16 21:13:00] [INFO] [BandaiScraper] 正在访问产品详情页: https://bandai-hobby.net/item/01_2114/
[2026-02-16 21:13:02] [INFO] [BandaiScraper] 发现旧格式文件夹: data/RG/RG-1_144-ガンダムベース限定-ダブルオークアンタフルセイバー-[クリアカラー]，将迁移到新格式: data/RG/01_2114_RG-1_144-ガンダムベース限定-ダブルオークアンタフルセイバー-[クリアカラー]
[2026-02-16 21:13:02] [INFO] [BandaiScraper] 图片不完整 (现有:0, 需要:4)，需要下载
[2026-02-16 21:13:03] [INFO] [BandaiScraper] 图片下载成功，共下载 4 张
[2026-02-16 21:13:03] [INFO] [BandaiScraper] 产品详情已保存到: data/RG/01_2114_RG-1_144-ガンダムベース限定-ダブルオークアンタフルセイバー-[クリアカラー]/product_details.json
[2026-02-16 21:13:03] [INFO] [BandaiScraper] 详情页抓取完成，随机延时 3.18 秒...
[2026-02-16 21:13:06] [INFO] [BandaiScraper] 正在访问Premium Bandai产品详情页: http://p-bandai.jp/item/item-1000127155
[2026-02-16 21:13:06] [INFO] [BandaiScraper] 爬不了一点，过 (PB页面策略)
[2026-02-16 21:13:06] [INFO] [BandaiScraper] 迁移文件夹: data/RG/ＲＧ-1_144-ギャビー・ハザード専用ザクＩＩ -> data/RG/1000127155_ＲＧ-1_144-ギャビー・ハザード専用ザクＩＩ
[2026-02-16 21:13:07] [INFO] [BandaiScraper] 产品详情已保存到: data/RG/1000127155_ＲＧ-1_144-ギャビー・ハザード専用ザクＩＩ/product_details.json
[2026-02-16 21:13:07] [INFO] [BandaiScraper] 正在访问Premium Bandai产品详情页: http://p-bandai.jp/item/item-1000127041
[2026-02-16 21:13:07] [INFO] [BandaiScraper] 爬不了一点，过 (PB页面策略)
[2026-02-16 21:13:07] [INFO] [BandaiScraper] 迁移文件夹: data/RG/ＲＧ-1_144-ウイングガンダムゼロ-ＥＷ-&-ドライツバーク［チタニウムフィニッシュ］ -> data/RG/1000127041_ＲＧ-1_144-ウイングガンダムゼロ-ＥＷ-&-ドライツバーク［チタニウムフィニッシュ］
[2026-02-16 21:13:07] [INFO] [BandaiScraper] 产品详情已保存到: data/RG/1000127041_ＲＧ-1_144-ウイングガンダムゼロ-ＥＷ-&-ドライツバーク［チタニウムフィニッシュ］/product_details.json
[2026-02-16 21:13:08] [INFO] [BandaiScraper] 正在访问Premium Bandai产品详情页: http://p-bandai.jp/item/item-1000127040
[2026-02-16 21:13:08] [INFO] [BandaiScraper] 爬不了一点，过 (PB页面策略)
[2026-02-16 21:13:08] [INFO] [BandaiScraper] 迁移文件夹: data/RG/ＲＧ-1_144-トールギス-ＥＷ［チタニウムフィニッシュ］ -> data/RG/1000127040_ＲＧ-1_144-トールギス-ＥＷ［チタニウムフィニッシュ］
[2026-02-16 21:13:08] [INFO] [BandaiScraper] 产品详情已保存到: data/RG/1000127040_ＲＧ-1_144-トールギス-ＥＷ［チタニウムフィニッシュ］/product_details.json
[2026-02-16 21:13:09] [INFO] [BandaiScraper] 正在访问产品详情页: https://bandai-hobby.net/item/01_1408/
[2026-02-16 21:13:11] [INFO] [BandaiScraper] 发现旧格式文件夹: data/RG/RG-1_144-サザビー，将迁移到新格式: data/RG/01_1408_RG-1_144-サザビー
[2026-02-16 21:13:11] [INFO] [BandaiScraper] 图片不完整 (现有:0, 需要:7)，需要下载
[2026-02-16 21:13:12] [INFO] [BandaiScraper] 图片下载成功，共下载 7 张
[2026-02-16 21:13:12] [INFO] [BandaiScraper] 产品详情已保存到: data/RG/01_1408_RG-1_144-サザビー/product_details.json
[2026-02-16 21:13:12] [INFO] [BandaiScraper] 详情页抓取完成，随机延时 2.71 秒...
[2026-02-16 21:13:15] [ERROR] [BandaiScraper] 不支持的URL格式: https://www.gundam-base.net/products/details.php?detail=2927
[2026-02-16 21:13:15] [INFO] [BandaiScraper] 正在访问产品详情页: https://bandai-hobby.net/item/01_1899/
[2026-02-16 21:13:18] [INFO] [BandaiScraper] 发现旧格式文件夹: data/RG/RG-1_144-ガンダムベース限定-RX-0-ユニコーンガンダム(デストロイモード)-Ver.TWC(LIGHTING-MODEL)，将迁移到新格式: data/RG/01_1899_RG-1_144-ガンダムベース限定-RX-0-ユニコーンガンダム(デストロイモード)-Ver.TWC(LIGHTING-MODEL)
[2026-02-16 21:13:18] [INFO] [BandaiScraper] 图片不完整 (现有:0, 需要:8)，需要下载
[2026-02-16 21:13:20] [INFO] [BandaiScraper] 图片下载成功，共下载 8 张
[2026-02-16 21:13:20] [INFO] [BandaiScraper] 产品详情已保存到: data/RG/01_1899_RG-1_144-ガンダムベース限定-RX-0-ユニコーンガンダム(デストロイモード)-Ver.TWC(LIGHTING-MODEL)/product_details.json
[2026-02-16 21:13:20] [INFO] [BandaiScraper] 详情页抓取完成，随机延时 2.15 秒...
[2026-02-16 21:13:22] [INFO] [BandaiScraper] 正在访问Premium Bandai产品详情页: http://p-bandai.jp/item/item-1000123858/
[2026-02-16 21:13:22] [INFO] [BandaiScraper] 爬不了一点，过 (PB页面策略)
[2026-02-16 21:13:22] [INFO] [BandaiScraper] 迁移文件夹: data/RG/ＲＧ-1_144-MS-06F-ザク・マインレイヤー -> data/RG/1000123858_ＲＧ-1_144-MS-06F-ザク・マインレイヤー
[2026-02-16 21:13:22] [INFO] [BandaiScraper] 产品详情已保存到: data/RG/1000123858_ＲＧ-1_144-MS-06F-ザク・マインレイヤー/product_details.json
[2026-02-16 21:13:23] [INFO] [BandaiScraper] 正在访问产品详情页: https://bandai-hobby.net/item/01_1299/
[2026-02-16 21:13:25] [INFO] [BandaiScraper] 发现旧格式文件夹: data/RG/RG-1_144-トールギス-EW，将迁移到新格式: data/RG/01_1299_RG-1_144-トールギス-EW
[2026-02-16 21:13:25] [INFO] [BandaiScraper] 图片不完整 (现有:0, 需要:7)，需要下载
[2026-02-16 21:13:26] [INFO] [BandaiScraper] 图片下载成功，共下载 7 张
[2026-02-16 21:13:26] [INFO] [BandaiScraper] 产品详情已保存到: data/RG/01_1299_RG-1_144-トールギス-EW/product_details.json
[2026-02-16 21:13:26] [INFO] [BandaiScraper] 详情页抓取完成，随机延时 2.96 秒...
[2026-02-16 21:13:29] [INFO] [BandaiScraper] 正在访问Premium Bandai产品详情页: http://p-bandai.jp/item/item-1000123736/
[2026-02-16 21:13:29] [INFO] [BandaiScraper] 爬不了一点，过 (PB页面策略)
[2026-02-16 21:13:29] [INFO] [BandaiScraper] 迁移文件夹: data/RG/【トリプルアクションベース付き】ＲＧ-1_144-黒い三連星専用ザクII-３機セット -> data/RG/1000123736_【トリプルアクションベース付き】ＲＧ-1_144-黒い三連星専用ザクII-３機セット
[2026-02-16 21:13:29] [INFO] [BandaiScraper] 产品详情已保存到: data/RG/1000123736_【トリプルアクションベース付き】ＲＧ-1_144-黒い三連星専用ザクII-３機セット/product_details.json
[2026-02-16 21:13:30] [INFO] [BandaiScraper] 正在访问Premium Bandai产品详情页: http://p-bandai.jp/item/item-1000123735/
[2026-02-16 21:13:30] [INFO] [BandaiScraper] 爬不了一点，过 (PB页面策略)
[2026-02-16 21:13:30] [INFO] [BandaiScraper] 迁移文件夹: data/RG/ＲＧ-1_144-MS-06R-1A-黒い三連星専用ザクII -> data/RG/1000123735_ＲＧ-1_144-MS-06R-1A-黒い三連星専用ザクII
[2026-02-16 21:13:30] [INFO] [BandaiScraper] 产品详情已保存到: data/RG/1000123735_ＲＧ-1_144-MS-06R-1A-黒い三連星専用ザクII/product_details.json
[2026-02-16 21:13:31] [INFO] [BandaiScraper] 正在访问产品详情页: https://bandai-hobby.net/item/01_1290/
[2026-02-16 21:13:33] [INFO] [BandaiScraper] 发现旧格式文件夹: data/RG/RG-1_144-ユニコーンガンダム-(バンデシネVer.)，将迁移到新格式: data/RG/01_1290_RG-1_144-ユニコーンガンダム-(バンデシネVer.)
[2026-02-16 21:13:33] [INFO] [BandaiScraper] 图片不完整 (现有:0, 需要:5)，需要下载
[2026-02-16 21:13:34] [INFO] [BandaiScraper] 图片下载成功，共下载 5 张
[2026-02-16 21:13:34] [INFO] [BandaiScraper] 产品详情已保存到: data/RG/01_1290_RG-1_144-ユニコーンガンダム-(バンデシネVer.)/product_details.json
[2026-02-16 21:13:34] [INFO] [BandaiScraper] 详情页抓取完成，随机延时 2.51 秒...
[2026-02-16 21:12:37] [INFO] [BandaiScraper] 正在访问产品详情页: https://bandai-hobby.net/item/01_1260/
[2026-02-16 21:13:40] [INFO] [BandaiScraper] 发现旧格式文件夹: data/RG/RG-1_144-ユニコーンガンダム2号機-バンシィ・ノルン［プレミアム”ユニコーンモード”ボックス］，将迁移到新格式: data/RG/01_1260_RG-1_144-ユニコーンガンダム2号機-バンシィ・ノルン［プレミアム”ユニコーンモード”ボックス］
[2026-02-16 21:13:40] [INFO] [BandaiScraper] 图片不完整 (现有:0, 需要:12)，需要下载
[2026-02-16 21:13:44] [INFO] [BandaiScraper] 图片下载成功，共下载 12 张
[2026-02-16 21:13:44] [INFO] [BandaiScraper] 产品详情已保存到: data/RG/01_1260_RG-1_144-ユニコーンガンダム2号機-バンシィ・ノルン［プレミアム”ユニコーンモード”ボックス］/product_details.json
[2026-02-16 21:13:44] [INFO] [BandaiScraper] 详情页抓取完成，随机延时 1.98 秒...
[2026-02-16 21:13:47] [INFO] [BandaiScraper] 正在访问产品详情页: https://bandai-hobby.net/item/01_1259/
[2026-02-16 21:13:49] [INFO] [BandaiScraper] 发现旧格式文件夹: data/RG/RG-1_144-ユニコーンガンダム2号機-バンシィ・ノルン，将迁移到新格式: data/RG/01_1259_RG-1_144-ユニコーンガンダム2号機-バンシィ・ノルン
[2026-02-16 21:13:49] [INFO] [BandaiScraper] 图片不完整 (现有:0, 需要:12)，需要下载
[2026-02-16 21:13:51] [INFO] [BandaiScraper] 图片下载成功，共下载 12 张
[2026-02-16 21:13:51] [INFO] [BandaiScraper] 产品详情已保存到: data/RG/01_1259_RG-1_144-ユニコーンガンダム2号機-バンシィ・ノルン/product_details.json
[2026-02-16 21:13:51] [INFO] [BandaiScraper] 详情页抓取完成，随机延时 2.66 秒...
[2026-02-16 21:13:53] [INFO] [BandaiScraper] 正在访问Premium Bandai产品详情页: http://p-bandai.jp/item/item-1000121105/
[2026-02-16 21:13:53] [INFO] [BandaiScraper] 爬不了一点，过 (PB页面策略)
[2026-02-16 21:13:53] [INFO] [BandaiScraper] 迁移文件夹: data/RG/ＲＧ-1_144-ゼータガンダム-(バイオセンサーイメージカラー) -> data/RG/1000121105_ＲＧ-1_144-ゼータガンダム-(バイオセンサーイメージカラー)
[2026-02-16 21:13:53] [INFO] [BandaiScraper] 产品详情已保存到: data/RG/1000121105_ＲＧ-1_144-ゼータガンダム-(バイオセンサーイメージカラー)/product_details.json
[2026-02-16 21:13:54] [INFO] [BandaiScraper] 正在访问产品详情页: https://bandai-hobby.net/item/01_2189/
[2026-02-16 21:13:56] [INFO] [BandaiScraper] 发现旧格式文件夹: data/RG/RG-1_144-ダブルオーライザー[クリアカラー]，将迁移到新格式: data/RG/01_2189_RG-1_144-ダブルオーライザー[クリアカラー]
[2026-02-16 21:13:56] [INFO] [BandaiScraper] 图片不完整 (现有:0, 需要:2)，需要下载
[2026-02-16 21:13:57] [INFO] [BandaiScraper] 图片下载成功，共下载 2 张
[2026-02-16 21:13:57] [INFO] [BandaiScraper] 产品详情已保存到: data/RG/01_2189_RG-1_144-ダブルオーライザー[クリアカラー]/product_details.json
[2026-02-16 21:13:57] [INFO] [BandaiScraper] 详情页抓取完成，随机延时 2.32 秒...
[2026-02-16 21:13:59] [INFO] [BandaiScraper] 正在访问Premium Bandai产品详情页: http://p-bandai.jp/item/item-1000119390/
[2026-02-16 21:13:59] [INFO] [BandaiScraper] 爬不了一点，过 (PB页面策略)
[2026-02-16 21:13:59] [INFO] [BandaiScraper] 迁移文件夹: data/RG/ＲＧ-1_144-MS-06R-1A-シン・マツナガ専用ザクII -> data/RG/1000119390_ＲＧ-1_144-MS-06R-1A-シン・マツナガ専用ザクII
[2026-02-16 21:13:59] [INFO] [BandaiScraper] 产品详情已保存到: data/RG/1000119390_ＲＧ-1_144-MS-06R-1A-シン・マツナガ専用ザクII/product_details.json
[2026-02-16 21:14:01] [INFO] [BandaiScraper] 正在访问产品详情页: https://bandai-hobby.net/item/01_1910/
[2026-02-16 21:14:03] [INFO] [BandaiScraper] 发现旧格式文件夹: data/RG/RG-1_144-ガンダムベース限定-ウイングガンダムゼロ-EW-[クリアカラー]，将迁移到新格式: data/RG/01_1910_RG-1_144-ガンダムベース限定-ウイングガンダムゼロ-EW-[クリアカラー]
[2026-02-16 21:14:03] [INFO] [BandaiScraper] 图片不完整 (现有:0, 需要:8)，需要下载
[2026-02-16 21:14:09] [INFO] [BandaiScraper] 图片下载成功，共下载 8 张
[2026-02-16 21:14:09] [INFO] [BandaiScraper] 产品详情已保存到: data/RG/01_1910_RG-1_144-ガンダムベース限定-ウイングガンダムゼロ-EW-[クリアカラー]/product_details.json
[2026-02-16 21:14:09] [INFO] [BandaiScraper] 详情页抓取完成，随机延时 2.98 秒...
[2026-02-16 21:14:12] [INFO] [BandaiScraper] 正在访问Premium Bandai产品详情页: http://p-bandai.jp/item/item-1000118644/
[2026-02-16 21:14:12] [INFO] [BandaiScraper] 爬不了一点，过 (PB页面策略)
[2026-02-16 21:14:12] [INFO] [BandaiScraper] 迁移文件夹: data/RG/ＲＧ-1_144-ダブルオーガンダム-セブンソード_G-インスペクション -> data/RG/1000118644_ＲＧ-1_144-ダブルオーガンダム-セブンソード_G-インスペクション
[2026-02-16 21:14:12] [INFO] [BandaiScraper] 产品详情已保存到: data/RG/1000118644_ＲＧ-1_144-ダブルオーガンダム-セブンソード_G-インスペクション/product_details.json
[2026-02-16 21:14:13] [INFO] [BandaiScraper] 正在访问Premium Bandai产品详情页: http://p-bandai.jp/item/item-1000118869/
[2026-02-16 21:14:13] [INFO] [BandaiScraper] 爬不了一点，过 (PB页面策略)
[2026-02-16 21:14:13] [INFO] [BandaiScraper] 迁移文件夹: data/RG/ＲＧ-1_144-ダブルオークアンタ（トランザムモード）-[メタリックグロスインジェクション] -> data/RG/1000118869_ＲＧ-1_144-ダブルオークアンタ（トランザムモード）-[メタリックグロスインジェクション]
[2026-02-16 21:14:13] [INFO] [BandaiScraper] 产品详情已保存到: data/RG/1000118869_ＲＧ-1_144-ダブルオークアンタ（トランザムモード）-[メタリックグロスインジェクション]/product_details.json
[2026-02-16 21:14:14] [INFO] [BandaiScraper] 正在访问产品详情页: https://bandai-hobby.net/item/01_1158/
[2026-02-16 21:14:16] [INFO] [BandaiScraper] 发现旧格式文件夹: data/RG/RG-1_144-MS-06R-2-ジョニー・ライデン専用ザクII，将迁移到新格式: data/RG/01_1158_RG-1_144-MS-06R-2-ジョニー・ライデン専用ザクII
[2026-02-16 21:14:16] [INFO] [BandaiScraper] 图片不完整 (现有:0, 需要:12)，需要下载
[2026-02-16 21:14:18] [INFO] [BandaiScraper] 图片下载成功，共下载 12 张
[2026-02-16 21:14:18] [INFO] [BandaiScraper] 产品详情已保存到: data/RG/01_1158_RG-1_144-MS-06R-2-ジョニー・ライデン専用ザクII/product_details.json
[2026-02-16 21:14:18] [INFO] [BandaiScraper] 详情页抓取完成，随机延时 1.51 秒...
[2026-02-16 21:14:19] [INFO] [BandaiScraper] 正在访问产品详情页: https://bandai-hobby.net/item/01_1950/
[2026-02-16 21:14:21] [INFO] [BandaiScraper] 发现旧格式文件夹: data/RG/RG-1_144-シナンジュ[クリアカラー]，将迁移到新格式: data/RG/01_1950_RG-1_144-シナンジュ[クリアカラー]
[2026-02-16 21:14:21] [INFO] [BandaiScraper] 图片不完整 (现有:0, 需要:1)，需要下载
[2026-02-16 21:14:21] [INFO] [BandaiScraper] 图片下载成功，共下载 1 张
[2026-02-16 21:14:21] [INFO] [BandaiScraper] 产品详情已保存到: data/RG/01_1950_RG-1_144-シナンジュ[クリアカラー]/product_details.json
[2026-02-16 21:14:21] [INFO] [BandaiScraper] 详情页抓取完成，随机延时 1.88 秒...
[2026-02-16 21:14:23] [INFO] [BandaiScraper] 正在访问Premium Bandai产品详情页: http://p-bandai.jp/item/item-1000116766/
[2026-02-16 21:14:23] [INFO] [BandaiScraper] 爬不了一点，过 (PB页面策略)
[2026-02-16 21:14:23] [INFO] [BandaiScraper] 迁移文件夹: data/RG/ＲＧ-1_144-ビルドストライクガンダム-フルパッケージ（RGシステムイメージカラー） -> data/RG/1000116766_ＲＧ-1_144-ビルドストライクガンダム-フルパッケージ（RGシステムイメージカラー）
[2026-02-16 21:14:23] [INFO] [BandaiScraper] 产品详情已保存到: data/RG/1000116766_ＲＧ-1_144-ビルドストライクガンダム-フルパッケージ（RGシステムイメージカラー）/product_details.json
[2026-02-16 21:14:25] [INFO] [BandaiScraper] 正在访问产品详情页: https://bandai-hobby.net/item/01_1926/
[2026-02-16 21:14:27] [INFO] [BandaiScraper] 发现旧格式文件夹: data/RG/RG-1_144-ガンダムベース限定-RX-0-ユニコーンガンダム-Ver.TWC，将迁移到新格式: data/RG/01_1926_RG-1_144-ガンダムベース限定-RX-0-ユニコーンガンダム-Ver.TWC
[2026-02-16 21:14:27] [INFO] [BandaiScraper] 图片不完整 (现有:0, 需要:4)，需要下载
[2026-02-16 21:14:28] [INFO] [BandaiScraper] 图片下载成功，共下载 4 张
[2026-02-16 21:14:28] [INFO] [BandaiScraper] 产品详情已保存到: data/RG/01_1926_RG-1_144-ガンダムベース限定-RX-0-ユニコーンガンダム-Ver.TWC/product_details.json
[2026-02-16 21:14:28] [INFO] [BandaiScraper] 详情页抓取完成，随机延时 2.43 秒...
[2026-02-16 21:14:31] [INFO] [BandaiScraper] 正在访问Premium Bandai产品详情页: http://p-bandai.jp/item/item-1000116090/
[2026-02-16 21:14:31] [INFO] [BandaiScraper] 爬不了一点，过 (PB页面策略)
[2026-02-16 21:14:31] [INFO] [BandaiScraper] 迁移文件夹: data/RG/ＲＧ-1_144-ガンダムアストレイ-ゴールドフレーム天（アマツ） -> data/RG/1000116090_ＲＧ-1_144-ガンダムアストレイ-ゴールドフレーム天（アマツ）
[2026-02-16 21:14:31] [INFO] [BandaiScraper] 产品详情已保存到: data/RG/1000116090_ＲＧ-1_144-ガンダムアストレイ-ゴールドフレーム天（アマツ）/product_details.json
[2026-02-16 21:14:31] [INFO] [BandaiScraper] 正在访问产品详情页: https://bandai-hobby.net/item/01_1086/
[2026-02-16 21:14:34] [INFO] [BandaiScraper] 发现旧格式文件夹: data/RG/RG-1_144-ユニコーンガンダム［プレミアム”ユニコーンモード”ボックス］，将迁移到新格式: data/RG/01_1086_RG-1_144-ユニコーンガンダム［プレミアム”ユニコーンモード”ボックス］
[2026-02-16 21:14:34] [INFO] [BandaiScraper] 图片不完整 (现有:0, 需要:10)，需要下载
[2026-02-16 21:14:37] [INFO] [BandaiScraper] 图片下载成功，共下载 10 张
[2026-02-16 21:14:37] [INFO] [BandaiScraper] 产品详情已保存到: data/RG/01_1086_RG-1_144-ユニコーンガンダム［プレミアム”ユニコーンモード”ボックス］/product_details.json
[2026-02-16 21:14:37] [INFO] [BandaiScraper] 详情页抓取完成，随机延时 3.34 秒...
[2026-02-16 21:14:40] [INFO] [BandaiScraper] 正在访问产品详情页: https://bandai-hobby.net/item/01_1085/
[2026-02-16 21:14:43] [INFO] [BandaiScraper] 发现旧格式文件夹: data/RG/RG-1_144-ユニコーンガンダム，将迁移到新格式: data/RG/01_1085_RG-1_144-ユニコーンガンダム
[2026-02-16 21:14:43] [INFO] [BandaiScraper] 图片不完整 (现有:0, 需要:10)，需要下载
[2026-02-16 21:14:44] [INFO] [BandaiScraper] 图片下载成功，共下载 10 张
[2026-02-16 21:14:44] [INFO] [BandaiScraper] 产品详情已保存到: data/RG/01_1085_RG-1_144-ユニコーンガンダム/product_details.json
[2026-02-16 21:14:44] [INFO] [BandaiScraper] 详情页抓取完成，随机延时 2.95 秒...
[2026-02-16 21:14:47] [INFO] [BandaiScraper] 正在访问产品详情页: https://bandai-hobby.net/item/01_1919/
[2026-02-16 21:14:49] [INFO] [BandaiScraper] 发现旧格式文件夹: data/RG/RG-1_144-ガンダムベース限定-シナンジュ-[メタリックグロスインジェクション]，将迁移到新格式: data/RG/01_1919_RG-1_144-ガンダムベース限定-シナンジュ-[メタリックグロスインジェクション]
[2026-02-16 21:14:49] [INFO] [BandaiScraper] 图片不完整 (现有:0, 需要:6)，需要下载
[2026-02-16 21:14:53] [INFO] [BandaiScraper] 图片下载成功，共下载 6 张
[2026-02-16 21:14:53] [INFO] [BandaiScraper] 产品详情已保存到: data/RG/01_1919_RG-1_144-ガンダムベース限定-シナンジュ-[メタリックグロスインジェクション]/product_details.json
[2026-02-16 21:14:53] [INFO] [BandaiScraper] 详情页抓取完成，随机延时 1.86 秒...
[2026-02-16 21:14:55] [INFO] [BandaiScraper] 正在访问Premium Bandai产品详情页: http://p-bandai.jp/item/item-1000115519/
[2026-02-16 21:14:55] [INFO] [BandaiScraper] 爬不了一点，过 (PB页面策略)
[2026-02-16 21:14:55] [INFO] [BandaiScraper] 迁移文件夹: data/RG/ＲＧ-1_144-ゼータガンダム-ＲＧリミテッドカラーＶｅｒ． -> data/RG/1000115519_ＲＧ-1_144-ゼータガンダム-ＲＧリミテッドカラーＶｅｒ．
[2026-02-16 21:14:55] [INFO] [BandaiScraper] 产品详情已保存到: data/RG/1000115519_ＲＧ-1_144-ゼータガンダム-ＲＧリミテッドカラーＶｅｒ．/product_details.json
[2026-02-16 21:14:56] [INFO] [BandaiScraper] 正在访问Premium Bandai产品详情页: http://p-bandai.jp/item/item-1000114995/
[2026-02-16 21:14:57] [INFO] [BandaiScraper] 爬不了一点，过 (PB页面策略)
[2026-02-16 21:14:57] [INFO] [BandaiScraper] 迁移文件夹: data/RG/ＲＧ-1_144-ガンダムＭｋ-II-ＲＧリミテッドカラーＶｅｒ． -> data/RG/1000114995_ＲＧ-1_144-ガンダムＭｋ-II-ＲＧリミテッドカラーＶｅｒ．
[2026-02-16 21:14:57] [INFO] [BandaiScraper] 产品详情已保存到: data/RG/1000114995_ＲＧ-1_144-ガンダムＭｋ-II-ＲＧリミテッドカラーＶｅｒ．/product_details.json
[2026-02-16 21:13:58] [INFO] [BandaiScraper] 正在访问Premium Bandai产品详情页: http://p-bandai.jp/item/item-1000113021/
[2026-02-16 21:13:58] [INFO] [BandaiScraper] 爬不了一点，过 (PB页面策略)
[2026-02-16 21:13:58] [INFO] [BandaiScraper] 迁移文件夹: data/RG/ＲＧ-1_144-ダブルオークアンタフルセイバー -> data/RG/1000113021_ＲＧ-1_144-ダブルオークアンタフルセイバー
[2026-02-16 21:13:58] [INFO] [BandaiScraper] 产品详情已保存到: data/RG/1000113021_ＲＧ-1_144-ダブルオークアンタフルセイバー/product_details.json
[2026-02-16 21:13:59] [INFO] [BandaiScraper] 正在访问产品详情页: https://bandai-hobby.net/item/01_833/
[2026-02-16 21:14:02] [INFO] [BandaiScraper] 发现旧格式文件夹: data/RG/RG-1_144-ガンダムアストレイ-ゴールドフレーム天ミナ，将迁移到新格式: data/RG/01_833_RG-1_144-ガンダムアストレイ-ゴールドフレーム天ミナ
[2026-02-16 21:14:02] [INFO] [BandaiScraper] 图片不完整 (现有:0, 需要:10)，需要下载
[2026-02-16 21:15:04] [INFO] [BandaiScraper] 图片下载成功，共下载 10 张
[2026-02-16 21:15:04] [INFO] [BandaiScraper] 产品详情已保存到: data/RG/01_833_RG-1_144-ガンダムアストレイ-ゴールドフレーム天ミナ/product_details.json
[2026-02-16 21:15:04] [INFO] [BandaiScraper] 详情页抓取完成，随机延时 1.83 秒...
[2026-02-16 21:14:06] [INFO] [BandaiScraper] 正在访问Premium Bandai产品详情页: http://p-bandai.jp/item/item-1000111587/
[2026-02-16 21:14:06] [INFO] [BandaiScraper] 爬不了一点，过 (PB页面策略)
[2026-02-16 21:14:06] [INFO] [BandaiScraper] 迁移文件夹: data/RG/ＲＧ-1_144-ガンダムエクシア-リペアII -> data/RG/1000111587_ＲＧ-1_144-ガンダムエクシア-リペアII
[2026-02-16 21:14:06] [INFO] [BandaiScraper] 产品详情已保存到: data/RG/1000111587_ＲＧ-1_144-ガンダムエクシア-リペアII/product_details.json
[2026-02-16 21:14:07] [INFO] [BandaiScraper] 正在访问产品详情页: https://bandai-hobby.net/item/01_756/
[2026-02-16 21:15:08] [INFO] [BandaiScraper] 发现旧格式文件夹: data/RG/RG-1_144-GAT-X105B_FP-ビルドストライクガンダム-フルパッケージ，将迁移到新格式: data/RG/01_756_RG-1_144-GAT-X105B_FP-ビルドストライクガンダム-フルパッケージ
[2026-02-16 21:15:08] [INFO] [BandaiScraper] 图片不完整 (现有:0, 需要:4)，需要下载
[2026-02-16 21:15:09] [INFO] [BandaiScraper] 图片下载成功，共下载 4 张
[2026-02-16 21:15:09] [INFO] [BandaiScraper] 产品详情已保存到: data/RG/01_756_RG-1_144-GAT-X105B_FP-ビルドストライクガンダム-フルパッケージ/product_details.json
[2026-02-16 21:15:09] [INFO] [BandaiScraper] 详情页抓取完成，随机延时 1.73 秒...
[2026-02-16 21:15:11] [INFO] [BandaiScraper] 正在访问Premium Bandai产品详情页: https://p-bandai.jp/item/item-1000118462
[2026-02-16 21:15:11] [INFO] [BandaiScraper] 爬不了一点，过 (PB页面策略)
[2026-02-16 21:15:11] [INFO] [BandaiScraper] 迁移文件夹: data/RG/ＲＧ-1_144-ダブルオーガンダム-セブンソード -> data/RG/1000118462_ＲＧ-1_144-ダブルオーガンダム-セブンソード
[2026-02-16 21:15:11] [INFO] [BandaiScraper] 产品详情已保存到: data/RG/1000118462_ＲＧ-1_144-ダブルオーガンダム-セブンソード/product_details.json
[2026-02-16 21:15:11] [INFO] [BandaiScraper] 正在访问产品详情页: https://bandai-hobby.net/item/01_4826/
[2026-02-16 21:15:14] [INFO] [BandaiScraper] 发现旧格式文件夹: data/RG/RG-1_144-ガンダムエクシア-トランザムクリアVer，将迁移到新格式: data/RG/01_4826_RG-1_144-ガンダムエクシア-トランザムクリアVer
[2026-02-16 21:15:14] [INFO] [BandaiScraper] 图片不完整 (现有:0, 需要:2)，需要下载
[2026-02-16 21:15:14] [INFO] [BandaiScraper] 图片下载成功，共下载 2 张
[2026-02-16 21:15:14] [INFO] [BandaiScraper] 产品详情已保存到: data/RG/01_4826_RG-1_144-ガンダムエクシア-トランザムクリアVer/product_details.json
[2026-02-16 21:15:14] [INFO] [BandaiScraper] 详情页抓取完成，随机延时 1.90 秒...
[2026-02-16 21:15:16] [INFO] [BandaiScraper] 正在访问产品详情页: https://bandai-hobby.net/item/01_1908/
[2026-02-16 21:15:18] [INFO] [BandaiScraper] 发现旧格式文件夹: data/RG/RG-1_144-ガンダムアストレイ-ブルーフレーム-メッキVer，将迁移到新格式: data/RG/01_1908_RG-1_144-ガンダムアストレイ-ブルーフレーム-メッキVer
[2026-02-16 21:15:18] [INFO] [BandaiScraper] 图片不完整 (现有:0, 需要:1)，需要下载
[2026-02-16 21:15:18] [INFO] [BandaiScraper] 图片下载成功，共下载 1 张
[2026-02-16 21:15:18] [INFO] [BandaiScraper] 产品详情已保存到: data/RG/01_1908_RG-1_144-ガンダムアストレイ-ブルーフレーム-メッキVer/product_details.json
[2026-02-16 21:15:18] [INFO] [BandaiScraper] 详情页抓取完成，随机延时 1.57 秒...
[2026-02-16 21:15:20] [INFO] [BandaiScraper] 正在访问Premium Bandai产品详情页: https://p-bandai.jp/item/item-1000225937/
[2026-02-16 21:15:20] [INFO] [BandaiScraper] 爬不了一点，过 (PB页面策略)
[2026-02-16 21:15:20] [INFO] [BandaiScraper] 迁移文件夹: data/RG/ＲＧ-1_144-シナンジュ用-拡張セット -> data/RG/1000225937_ＲＧ-1_144-シナンジュ用-拡張セット
[2026-02-16 21:15:20] [INFO] [BandaiScraper] 产品详情已保存到: data/RG/1000225937_ＲＧ-1_144-シナンジュ用-拡張セット/product_details.json
[2026-02-16 21:15:21] [INFO] [BandaiScraper] 正在访问产品详情页: https://bandai-hobby.net/item/01_660/
[2026-02-16 21:15:23] [INFO] [BandaiScraper] 发现旧格式文件夹: data/RG/RG-1_144-MSN-06S-シナンジュ，将迁移到新格式: data/RG/01_660_RG-1_144-MSN-06S-シナンジュ
[2026-02-16 21:15:23] [INFO] [BandaiScraper] 图片不完整 (现有:0, 需要:4)，需要下载
[2026-02-16 21:15:24] [INFO] [BandaiScraper] 图片下载成功，共下载 4 张
[2026-02-16 21:15:24] [INFO] [BandaiScraper] 产品详情已保存到: data/RG/01_660_RG-1_144-MSN-06S-シナンジュ/product_details.json
[2026-02-16 21:15:24] [INFO] [BandaiScraper] 详情页抓取完成，随机延时 2.73 秒...
[2026-02-16 21:15:26] [INFO] [BandaiScraper] 正在访问产品详情页: https://bandai-hobby.net/item/01_1903/
[2026-02-16 21:15:28] [INFO] [BandaiScraper] 发现旧格式文件夹: data/RG/RG-1_144-ガンダムアストレイ-レッドフレーム-メッキVer，将迁移到新格式: data/RG/01_1903_RG-1_144-ガンダムアストレイ-レッドフレーム-メッキVer
[2026-02-16 21:15:28] [INFO] [BandaiScraper] 图片不完整 (现有:0, 需要:1)，需要下载
[2026-02-16 21:15:29] [INFO] [BandaiScraper] 图片下载成功，共下载 1 张
[2026-02-16 21:15:29] [INFO] [BandaiScraper] 产品详情已保存到: data/RG/01_1903_RG-1_144-ガンダムアストレイ-レッドフレーム-メッキVer/product_details.json
[2026-02-16 21:15:29] [INFO] [BandaiScraper] 详情页抓取完成，随机延时 3.31 秒...
[2026-02-16 21:15:32] [INFO] [BandaiScraper] 正在访问Premium Bandai产品详情页: https://p-bandai.jp/item/item-1000145557
[2026-02-16 21:15:32] [INFO] [BandaiScraper] 爬不了一点，过 (PB页面策略)
[2026-02-16 21:15:32] [INFO] [BandaiScraper] 迁移文件夹: data/RG/ＲＧ-1_144-ガンダムアストレイゴールドフレーム -> data/RG/1000145557_ＲＧ-1_144-ガンダムアストレイゴールドフレーム
[2026-02-16 21:15:32] [INFO] [BandaiScraper] 产品详情已保存到: data/RG/1000145557_ＲＧ-1_144-ガンダムアストレイゴールドフレーム/product_details.json
[2026-02-16 21:15:33] [INFO] [BandaiScraper] 正在访问产品详情页: https://bandai-hobby.net/item/01_558/
[2026-02-16 21:15:35] [INFO] [BandaiScraper] 发现旧格式文件夹: data/RG/RG-1_144-GNT-0000-ダブルオークアンタ，将迁移到新格式: data/RG/01_558_RG-1_144-GNT-0000-ダブルオークアンタ
[2026-02-16 21:15:35] [INFO] [BandaiScraper] 图片不完整 (现有:0, 需要:5)，需要下载
[2026-02-16 21:15:36] [INFO] [BandaiScraper] 图片下载成功，共下载 5 张
[2026-02-16 21:15:36] [INFO] [BandaiScraper] 产品详情已保存到: data/RG/01_558_RG-1_144-GNT-0000-ダブルオークアンタ/product_details.json
[2026-02-16 21:15:36] [INFO] [BandaiScraper] 详情页抓取完成，随机延时 3.33 秒...
[2026-02-16 21:15:39] [INFO] [BandaiScraper] 正在访问产品详情页: https://bandai-hobby.net/item/01_466/
[2026-02-16 21:15:41] [INFO] [BandaiScraper] 发现旧格式文件夹: data/RG/RG-1_144-XXXG-01W-ウイングガンダム-EW，将迁移到新格式: data/RG/01_466_RG-1_144-XXXG-01W-ウイングガンダム-EW
[2026-02-16 21:15:41] [INFO] [BandaiScraper] 图片不完整 (现有:0, 需要:6)，需要下载
[2026-02-16 21:15:42] [INFO] [BandaiScraper] 图片下载成功，共下载 6 张
[2026-02-16 21:15:42] [INFO] [BandaiScraper] 产品详情已保存到: data/RG/01_466_RG-1_144-XXXG-01W-ウイングガンダム-EW/product_details.json
[2026-02-16 21:15:42] [INFO] [BandaiScraper] 详情页抓取完成，随机延时 2.90 秒...
[2026-02-16 21:15:45] [INFO] [BandaiScraper] 正在访问Premium Bandai产品详情页: https://p-bandai.jp/item/item-1000114752
[2026-02-16 21:15:45] [INFO] [BandaiScraper] 爬不了一点，过 (PB页面策略)
[2026-02-16 21:15:45] [INFO] [BandaiScraper] 迁移文件夹: data/RG/ＲＧ-1_144-ガンダムアストレイ-ブルーフレーム -> data/RG/1000114752_ＲＧ-1_144-ガンダムアストレイ-ブルーフレーム
[2026-02-16 21:15:45] [INFO] [BandaiScraper] 产品详情已保存到: data/RG/1000114752_ＲＧ-1_144-ガンダムアストレイ-ブルーフレーム/product_details.json
[2026-02-16 21:15:46] [INFO] [BandaiScraper] 正在访问产品详情页: https://bandai-hobby.net/item/01_387/
[2026-02-16 21:15:47] [INFO] [BandaiScraper] 发现旧格式文件夹: data/RG/RG-1_144-MBF-P02-ガンダムアストレイレッドフレーム，将迁移到新格式: data/RG/01_387_RG-1_144-MBF-P02-ガンダムアストレイレッドフレーム
[2026-02-16 21:15:47] [INFO] [BandaiScraper] 图片不完整 (现有:0, 需要:3)，需要下载
[2026-02-16 21:15:48] [INFO] [BandaiScraper] 图片下载成功，共下载 3 张
[2026-02-16 21:15:48] [INFO] [BandaiScraper] 产品详情已保存到: data/RG/01_387_RG-1_144-MBF-P02-ガンダムアストレイレッドフレーム/product_details.json
[2026-02-16 21:15:48] [INFO] [BandaiScraper] 详情页抓取完成，随机延时 2.29 秒...
[2026-02-16 21:15:50] [INFO] [BandaiScraper] 正在访问Premium Bandai产品详情页: https://p-bandai.jp/item/item-1000162572
[2026-02-16 21:15:50] [INFO] [BandaiScraper] 爬不了一点，过 (PB页面策略)
[2026-02-16 21:15:50] [INFO] [BandaiScraper] 迁移文件夹: data/RG/ＲＧ-1_144-MSM-07-量産型ズゴック -> data/RG/1000162572_ＲＧ-1_144-MSM-07-量産型ズゴック
[2026-02-16 21:15:50] [INFO] [BandaiScraper] 产品详情已保存到: data/RG/1000162572_ＲＧ-1_144-MSM-07-量産型ズゴック/product_details.json
[2026-02-16 21:15:52] [INFO] [BandaiScraper] 正在访问产品详情页: https://bandai-hobby.net/item/01_4967/
[2026-02-16 21:15:54] [INFO] [BandaiScraper] 发现旧格式文件夹: data/RG/RG-1_144-RX-78-2-ガンダム-カラークリア，将迁移到新格式: data/RG/01_4967_RG-1_144-RX-78-2-ガンダム-カラークリア
[2026-02-16 21:15:54] [INFO] [BandaiScraper] 图片不完整 (现有:0, 需要:1)，需要下载
[2026-02-16 21:15:54] [INFO] [BandaiScraper] 图片下载成功，共下载 1 张
[2026-02-16 21:15:54] [INFO] [BandaiScraper] 产品详情已保存到: data/RG/01_4967_RG-1_144-RX-78-2-ガンダム-カラークリア/product_details.json
[2026-02-16 21:15:54] [INFO] [BandaiScraper] 详情页抓取完成，随机延时 2.26 秒...
[2026-02-16 21:15:56] [INFO] [BandaiScraper] 正在访问Premium Bandai产品详情页: https://p-bandai.jp/item/item-1000124969
[2026-02-16 21:15:56] [INFO] [BandaiScraper] 爬不了一点，过 (PB页面策略)
[2026-02-16 21:15:56] [INFO] [BandaiScraper] 迁移文件夹: data/RG/ＲＧ-1_144-トランザムライザー-グロスインジェクションＶｅｒ． -> data/RG/1000124969_ＲＧ-1_144-トランザムライザー-グロスインジェクションＶｅｒ．
[2026-02-16 21:15:56] [INFO] [BandaiScraper] 产品详情已保存到: data/RG/1000124969_ＲＧ-1_144-トランザムライザー-グロスインジェクションＶｅｒ．/product_details.json
[2026-02-16 21:15:58] [INFO] [BandaiScraper] 正在访问产品详情页: https://bandai-hobby.net/item/01_317/
[2026-02-16 21:16:00] [INFO] [BandaiScraper] 发现旧格式文件夹: data/RG/RG-1_144-GN-0000+GNR-010-ダブルオーライザー，将迁移到新格式: data/RG/01_317_RG-1_144-GN-0000+GNR-010-ダブルオーライザー
[2026-02-16 21:16:00] [INFO] [BandaiScraper] 图片不完整 (现有:0, 需要:11)，需要下载
[2026-02-16 21:16:02] [INFO] [BandaiScraper] 图片下载成功，共下载 11 张
[2026-02-16 21:16:02] [INFO] [BandaiScraper] 产品详情已保存到: data/RG/01_317_RG-1_144-GN-0000+GNR-010-ダブルオーライザー/product_details.json
[2026-02-16 21:16:02] [INFO] [BandaiScraper] 详情页抓取完成，随机延时 2.07 秒...
[2026-02-16 21:16:04] [INFO] [BandaiScraper] 正在访问Premium Bandai产品详情页: https://p-bandai.jp/item/item-1000095901
[2026-02-16 21:16:04] [INFO] [BandaiScraper] 爬不了一点，过 (PB页面策略)
[2026-02-16 21:16:04] [INFO] [BandaiScraper] 迁移文件夹: data/RG/ＲＧ-1_144-RX-78-3-Ｇ-３ガンダム -> data/RG/1000095901_ＲＧ-1_144-RX-78-3-Ｇ-３ガンダム
[2026-02-16 21:16:04] [INFO] [BandaiScraper] 产品详情已保存到: data/RG/1000095901_ＲＧ-1_144-RX-78-3-Ｇ-３ガンダム/product_details.json
[2026-02-16 21:16:05] [INFO] [BandaiScraper] 正在访问产品详情页: https://bandai-hobby.net/item/01_4891/
[2026-02-16 21:16:07] [INFO] [BandaiScraper] 发现旧格式文件夹: data/RG/RG-1_144-ウイングガンダムゼロ-EW-パールグロスVer，将迁移到新格式: data/RG/01_4891_RG-1_144-ウイングガンダムゼロ-EW-パールグロスVer
[2026-02-16 21:16:07] [INFO] [BandaiScraper] 图片不完整 (现有:0, 需要:2)，需要下载
[2026-02-16 21:16:07] [INFO] [BandaiScraper] 图片下载成功，共下载 2 张
[2026-02-16 21:16:07] [INFO] [BandaiScraper] 产品详情已保存到: data/RG/01_4891_RG-1_144-ウイングガンダムゼロ-EW-パールグロスVer/product_details.json
[2026-02-16 21:16:07] [INFO] [BandaiScraper] 详情页抓取完成，随机延时 1.51 秒...
[2026-02-16 21:16:09] [INFO] [BandaiScraper] 正在访问Premium Bandai产品详情页: https://p-bandai.jp/item/item-1000225931/
[2026-02-16 21:16:09] [INFO] [BandaiScraper] 爬不了一点，过 (PB页面策略)
[2026-02-16 21:16:09] [INFO] [BandaiScraper] 迁移文件夹: data/RG/ＲＧ-1_144-ウイングガンダムゼロ-ＥＷ用-拡張エフェクトユニット-“セラフィムフェザー” -> data/RG/1000225931_ＲＧ-1_144-ウイングガンダムゼロ-ＥＷ用-拡張エフェクトユニット-“セラフィムフェザー”
[2026-02-16 21:16:09] [INFO] [BandaiScraper] 产品详情已保存到: data/RG/1000225931_ＲＧ-1_144-ウイングガンダムゼロ-ＥＷ用-拡張エフェクトユニット-“セラフィムフェザー”/product_details.json
[2026-02-16 21:16:10] [INFO] [BandaiScraper] 正在访问产品详情页: https://bandai-hobby.net/item/01_251/
[2026-02-16 21:16:11] [INFO] [BandaiScraper] 发现旧格式文件夹: data/RG/RG-1_144-XXXG-00W0-ウイングガンダムゼロ-EW，将迁移到新格式: data/RG/01_251_RG-1_144-XXXG-00W0-ウイングガンダムゼロ-EW
[2026-02-16 21:16:11] [INFO] [BandaiScraper] 图片不完整 (现有:0, 需要:4)，需要下载
[2026-02-16 21:16:12] [INFO] [BandaiScraper] 图片下载成功，共下载 4 张
[2026-02-16 21:16:12] [INFO] [BandaiScraper] 产品详情已保存到: data/RG/01_251_RG-1_144-XXXG-00W0-ウイングガンダムゼロ-EW/product_details.json
[2026-02-16 21:16:12] [INFO] [BandaiScraper] 详情页抓取完成，随机延时 2.34 秒...
[2026-02-16 21:16:14] [INFO] [BandaiScraper] 正在访问Premium Bandai产品详情页: https://p-bandai.jp/item/item-1000113094/
[2026-02-16 21:16:14] [INFO] [BandaiScraper] 爬不了一点，过 (PB页面策略)
[2026-02-16 21:16:14] [INFO] [BandaiScraper] 迁移文件夹: data/RG/ＲＧ-1_144-ガンダムアストレア-タイプ-Ｆ -> data/RG/1000113094_ＲＧ-1_144-ガンダムアストレア-タイプ-Ｆ
[2026-02-16 21:16:14] [INFO] [BandaiScraper] 产品详情已保存到: data/RG/1000113094_ＲＧ-1_144-ガンダムアストレア-タイプ-Ｆ/product_details.json
[2026-02-16 21:16:16] [INFO] [BandaiScraper] 正在访问Premium Bandai产品详情页: https://p-bandai.jp/item/item-1000225930/
[2026-02-16 21:16:16] [INFO] [BandaiScraper] 爬不了一点，过 (PB页面策略)
[2026-02-16 21:16:16] [INFO] [BandaiScraper] 迁移文件夹: data/RG/ＲＧ-1_144-ガンダムエクシア用-ガンダムアストレアパーツセット -> data/RG/1000225930_ＲＧ-1_144-ガンダムエクシア用-ガンダムアストレアパーツセット
[2026-02-16 21:16:16] [INFO] [BandaiScraper] 产品详情已保存到: data/RG/1000225930_ＲＧ-1_144-ガンダムエクシア用-ガンダムアストレアパーツセット/product_details.json
[2026-02-16 21:16:17] [INFO] [BandaiScraper] 正在访问Premium Bandai产品详情页: https://p-bandai.jp/item/item-1000112914
[2026-02-16 21:16:17] [INFO] [BandaiScraper] 爬不了一点，过 (PB页面策略)
[2026-02-16 21:16:17] [INFO] [BandaiScraper] 迁移文件夹: data/RG/ＲＧ-1_144-キャスバル専用ガンダム -> data/RG/1000112914_ＲＧ-1_144-キャスバル専用ガンダム
[2026-02-16 21:16:17] [INFO] [BandaiScraper] 产品详情已保存到: data/RG/1000112914_ＲＧ-1_144-キャスバル専用ガンダム/product_details.json
[2026-02-16 21:16:18] [INFO] [BandaiScraper] 正在访问产品详情页: https://bandai-hobby.net/item/01_151/
[2026-02-16 21:16:20] [INFO] [BandaiScraper] 发现旧格式文件夹: data/RG/RG-1_144-MSM-07S-シャア専用ズゴック，将迁移到新格式: data/RG/01_151_RG-1_144-MSM-07S-シャア専用ズゴック
[2026-02-16 21:16:20] [INFO] [BandaiScraper] 图片不完整 (现有:0, 需要:3)，需要下载
[2026-02-16 21:16:20] [INFO] [BandaiScraper] 图片下载成功，共下载 3 张
[2026-02-16 21:16:20] [INFO] [BandaiScraper] 产品详情已保存到: data/RG/01_151_RG-1_144-MSM-07S-シャア専用ズゴック/product_details.json
[2026-02-16 21:16:20] [INFO] [BandaiScraper] 详情页抓取完成，随机延时 1.69 秒...
[2026-02-16 21:16:22] [INFO] [BandaiScraper] 正在访问Premium Bandai产品详情页: https://p-bandai.jp/item/item-1000122264
[2026-02-16 21:16:22] [INFO] [BandaiScraper] 爬不了一点，过 (PB页面策略)
[2026-02-16 21:16:22] [INFO] [BandaiScraper] 迁移文件夹: data/RG/ＲＧ-1_144-ガンダムエクシア-（トランザムモード）-グロスインジェクションVer -> data/RG/1000122264_ＲＧ-1_144-ガンダムエクシア-（トランザムモード）-グロスインジェクションVer
[2026-02-16 21:16:22] [INFO] [BandaiScraper] 产品详情已保存到: data/RG/1000122264_ＲＧ-1_144-ガンダムエクシア-（トランザムモード）-グロスインジェクションVer/product_details.json
[2026-02-16 21:16:23] [INFO] [BandaiScraper] 正在访问Premium Bandai产品详情页: https://p-bandai.jp/item/item-1000111843
[2026-02-16 21:16:23] [INFO] [BandaiScraper] 爬不了一点，过 (PB页面策略)
[2026-02-16 21:16:23] [INFO] [BandaiScraper] 迁移文件夹: data/RG/ＲＧ-1_144-ガンダムエクシア用リペアパーツセット -> data/RG/1000111843_ＲＧ-1_144-ガンダムエクシア用リペアパーツセット
[2026-02-16 21:16:23] [INFO] [BandaiScraper] 产品详情已保存到: data/RG/1000111843_ＲＧ-1_144-ガンダムエクシア用リペアパーツセット/product_details.json
[2026-02-16 21:16:24] [INFO] [BandaiScraper] 正在访问产品详情页: https://bandai-hobby.net/item/01_96/
[2026-02-16 21:16:26] [INFO] [BandaiScraper] 发现旧格式文件夹: data/RG/RG-1_144-GN-001-ガンダムエクシア，将迁移到新格式: data/RG/01_96_RG-1_144-GN-001-ガンダムエクシア
[2026-02-16 21:16:26] [INFO] [BandaiScraper] 图片不完整 (现有:0, 需要:5)，需要下载
[2026-02-16 21:15:27] [INFO] [BandaiScraper] 图片下载成功，共下载 5 张
[2026-02-16 21:15:27] [INFO] [BandaiScraper] 产品详情已保存到: data/RG/01_96_RG-1_144-GN-001-ガンダムエクシア/product_details.json
[2026-02-16 21:15:27] [INFO] [BandaiScraper] 详情页抓取完成，随机延时 3.46 秒...
[2026-02-16 21:16:30] [INFO] [BandaiScraper] 正在访问Premium Bandai产品详情页: https://p-bandai.jp/item/item-1000132012
[2026-02-16 21:16:30] [INFO] [BandaiScraper] 爬不了一点，过 (PB页面策略)
[2026-02-16 21:16:30] [INFO] [BandaiScraper] 迁移文件夹: data/RG/ＲＧ-1_144-ストライクフリーダムガンダム-ディアクティブモード -> data/RG/1000132012_ＲＧ-1_144-ストライクフリーダムガンダム-ディアクティブモード
[2026-02-16 21:16:30] [INFO] [BandaiScraper] 产品详情已保存到: data/RG/1000132012_ＲＧ-1_144-ストライクフリーダムガンダム-ディアクティブモード/product_details.json
[2026-02-16 21:16:32] [INFO] [BandaiScraper] 正在访问产品详情页: https://bandai-hobby.net/item/01_5895/
[2026-02-16 21:16:35] [INFO] [BandaiScraper] 发现旧格式文件夹: data/RG/RG-1_144-ストライクフリーダムガンダム，将迁移到新格式: data/RG/01_5895_RG-1_144-ストライクフリーダムガンダム
[2026-02-16 21:16:35] [INFO] [BandaiScraper] 图片不完整 (现有:0, 需要:12)，需要下载
[2026-02-16 21:16:38] [INFO] [BandaiScraper] 图片下载成功，共下载 12 张
[2026-02-16 21:16:38] [INFO] [BandaiScraper] 产品详情已保存到: data/RG/01_5895_RG-1_144-ストライクフリーダムガンダム/product_details.json
[2026-02-16 21:16:38] [INFO] [BandaiScraper] 详情页抓取完成，随机延时 2.57 秒...
[2026-02-16 21:16:41] [INFO] [BandaiScraper] 正在访问产品详情页: https://bandai-hobby.net/item/01_3893/
[2026-02-16 21:16:44] [INFO] [BandaiScraper] 发现旧格式文件夹: data/RG/ＲＧ-1_144-ストライクフリーダムガンダム用-拡張エフェクトユニット“天空の翼”，将迁移到新格式: data/RG/01_3893_ＲＧ-1_144-ストライクフリーダムガンダム用-拡張エフェクトユニット“天空の翼”
[2026-02-16 21:16:44] [INFO] [BandaiScraper] 图片不完整 (现有:0, 需要:9)，需要下载
[2026-02-16 21:16:45] [INFO] [BandaiScraper] 图片下载成功，共下载 9 张
[2026-02-16 21:16:45] [INFO] [BandaiScraper] 产品详情已保存到: data/RG/01_3893_ＲＧ-1_144-ストライクフリーダムガンダム用-拡張エフェクトユニット“天空の翼”/product_details.json
[2026-02-16 21:16:45] [INFO] [BandaiScraper] 详情页抓取完成，随机延时 3.09 秒...
[2026-02-16 21:16:48] [INFO] [BandaiScraper] 正在访问Premium Bandai产品详情页: https://p-bandai.jp/item/item-1000128696
[2026-02-16 21:16:48] [INFO] [BandaiScraper] 爬不了一点，过 (PB页面策略)
[2026-02-16 21:16:48] [INFO] [BandaiScraper] 迁移文件夹: data/RG/RG-1_144-デスティニーガンダム-ディアクティブモード -> data/RG/1000128696_RG-1_144-デスティニーガンダム-ディアクティブモード
[2026-02-16 21:16:48] [INFO] [BandaiScraper] 产品详情已保存到: data/RG/1000128696_RG-1_144-デスティニーガンダム-ディアクティブモード/product_details.json
[2026-02-16 21:16:49] [INFO] [BandaiScraper] 正在访问产品详情页: https://bandai-hobby.net/item/01_5841/
[2026-02-16 21:16:51] [INFO] [BandaiScraper] 发现旧格式文件夹: data/RG/RG-1_144-RX-78GP01Fb-ガンダム試作1号機フルバーニアン，将迁移到新格式: data/RG/01_5841_RG-1_144-RX-78GP01Fb-ガンダム試作1号機フルバーニアン
[2026-02-16 21:16:51] [INFO] [BandaiScraper] 图片不完整 (现有:0, 需要:3)，需要下载
[2026-02-16 21:16:51] [INFO] [BandaiScraper] 图片下载成功，共下载 3 张
[2026-02-16 21:16:51] [INFO] [BandaiScraper] 产品详情已保存到: data/RG/01_5841_RG-1_144-RX-78GP01Fb-ガンダム試作1号機フルバーニアン/product_details.json
[2026-02-16 21:16:51] [INFO] [BandaiScraper] 详情页抓取完成，随机延时 2.37 秒...
[2026-02-16 21:16:54] [INFO] [BandaiScraper] 正在访问产品详情页: https://bandai-hobby.net/item/01_5840/
[2026-02-16 21:16:55] [INFO] [BandaiScraper] 发现旧格式文件夹: data/RG/RG-1_144-RX-78GP01-ガンダム試作1号機ゼフィランサス，将迁移到新格式: data/RG/01_5840_RG-1_144-RX-78GP01-ガンダム試作1号機ゼフィランサス
[2026-02-16 21:16:55] [INFO] [BandaiScraper] 图片不完整 (现有:0, 需要:3)，需要下载
[2026-02-16 21:16:56] [INFO] [BandaiScraper] 图片下载成功，共下载 3 张
[2026-02-16 21:16:56] [INFO] [BandaiScraper] 产品详情已保存到: data/RG/01_5840_RG-1_144-RX-78GP01-ガンダム試作1号機ゼフィランサス/product_details.json
[2026-02-16 21:16:56] [INFO] [BandaiScraper] 详情页抓取完成，随机延时 2.31 秒...
[2026-02-16 21:16:58] [INFO] [BandaiScraper] 正在访问产品详情页: https://bandai-hobby.net/item/01_5802/
[2026-02-16 21:16:59] [INFO] [BandaiScraper] 发现旧格式文件夹: data/RG/RG-1_144-ZGMF-X42S-デスティニーガンダム，将迁移到新格式: data/RG/01_5802_RG-1_144-ZGMF-X42S-デスティニーガンダム
[2026-02-16 21:16:59] [INFO] [BandaiScraper] 图片不完整 (现有:0, 需要:3)，需要下载
[2026-02-16 21:17:00] [INFO] [BandaiScraper] 图片下载成功，共下载 3 张
[2026-02-16 21:17:00] [INFO] [BandaiScraper] 产品详情已保存到: data/RG/01_5802_RG-1_144-ZGMF-X42S-デスティニーガンダム/product_details.json
[2026-02-16 21:17:00] [INFO] [BandaiScraper] 详情页抓取完成，随机延时 2.07 秒...
[2026-02-16 21:17:02] [INFO] [BandaiScraper] 正在访问产品详情页: https://bandai-hobby.net/item/01_4775/
[2026-02-16 21:17:04] [INFO] [BandaiScraper] 发现旧格式文件夹: data/RG/RG-1_144-MS-06S-ザクII-Ver.GFT，将迁移到新格式: data/RG/01_4775_RG-1_144-MS-06S-ザクII-Ver.GFT
[2026-02-16 21:17:04] [INFO] [BandaiScraper] 图片不完整 (现有:0, 需要:3)，需要下载
[2026-02-16 21:17:05] [INFO] [BandaiScraper] 图片下载成功，共下载 3 张
[2026-02-16 21:17:05] [INFO] [BandaiScraper] 产品详情已保存到: data/RG/01_4775_RG-1_144-MS-06S-ザクII-Ver.GFT/product_details.json
[2026-02-16 21:17:05] [INFO] [BandaiScraper] 详情页抓取完成，随机延时 2.91 秒...
[2026-02-16 21:17:08] [INFO] [BandaiScraper] 正在访问Premium Bandai产品详情页: https://p-bandai.jp/item/item-1000113563
[2026-02-16 21:17:08] [INFO] [BandaiScraper] 爬不了一点，过 (PB页面策略)
[2026-02-16 21:17:08] [INFO] [BandaiScraper] 迁移文件夹: data/RG/ＲＧ-1_144-MSZ-006-3-ゼータガンダム３号機 -> data/RG/1000113563_ＲＧ-1_144-MSZ-006-3-ゼータガンダム３号機
[2026-02-16 21:17:08] [INFO] [BandaiScraper] 产品详情已保存到: data/RG/1000113563_ＲＧ-1_144-MSZ-006-3-ゼータガンダム３号機/product_details.json
[2026-02-16 21:17:09] [INFO] [BandaiScraper] 正在访问Premium Bandai产品详情页: https://p-bandai.jp/item/item-1000114754
[2026-02-16 21:17:09] [INFO] [BandaiScraper] 爬不了一点，过 (PB页面策略)
[2026-02-16 21:17:09] [INFO] [BandaiScraper] 迁移文件夹: data/RG/ＲＧ-1_144-ストライクルージュ＋ＨＧ-1_144-Ｉ.Ｗ.Ｓ.Ｐ -> data/RG/1000114754_ＲＧ-1_144-ストライクルージュ＋ＨＧ-1_144-Ｉ.Ｗ.Ｓ.Ｐ
[2026-02-16 21:17:09] [INFO] [BandaiScraper] 产品详情已保存到: data/RG/1000114754_ＲＧ-1_144-ストライクルージュ＋ＨＧ-1_144-Ｉ.Ｗ.Ｓ.Ｐ/product_details.json
[2026-02-16 21:17:10] [INFO] [BandaiScraper] 正在访问产品详情页: https://bandai-hobby.net/item/01_2883/
[2026-02-16 21:17:12] [INFO] [BandaiScraper] 发现旧格式文件夹: data/RG/RG-1_144-Zガンダム，将迁移到新格式: data/RG/01_2883_RG-1_144-Zガンダム
[2026-02-16 21:17:12] [INFO] [BandaiScraper] 图片不完整 (现有:0, 需要:5)，需要下载
[2026-02-16 21:17:13] [INFO] [BandaiScraper] 图片下载成功，共下载 5 张
[2026-02-16 21:17:13] [INFO] [BandaiScraper] 产品详情已保存到: data/RG/01_2883_RG-1_144-Zガンダム/product_details.json
[2026-02-16 21:17:13] [INFO] [BandaiScraper] 详情页抓取完成，随机延时 3.17 秒...
[2026-02-16 21:17:16] [INFO] [BandaiScraper] 正在访问Premium Bandai产品详情页: https://p-bandai.jp/item/item-1000132011
[2026-02-16 21:17:16] [INFO] [BandaiScraper] 爬不了一点，过 (PB页面策略)
[2026-02-16 21:17:16] [INFO] [BandaiScraper] 迁移文件夹: data/RG/RG-1_144-ZGMF-X09A-ジャスティスガンダム-ディアクティブモード -> data/RG/1000132011_RG-1_144-ZGMF-X09A-ジャスティスガンダム-ディアクティブモード
[2026-02-16 21:17:16] [INFO] [BandaiScraper] 产品详情已保存到: data/RG/1000132011_RG-1_144-ZGMF-X09A-ジャスティスガンダム-ディアクティブモード/product_details.json
[2026-02-16 21:17:17] [INFO] [BandaiScraper] 正在访问产品详情页: https://bandai-hobby.net/item/01_3726/
[2026-02-16 21:17:19] [INFO] [BandaiScraper] 发现旧格式文件夹: data/RG/RG-1_144-ジャスティスガンダム，将迁移到新格式: data/RG/01_3726_RG-1_144-ジャスティスガンダム
[2026-02-16 21:17:19] [INFO] [BandaiScraper] 图片不完整 (现有:0, 需要:3)，需要下载
[2026-02-16 21:17:20] [INFO] [BandaiScraper] 图片下载成功，共下载 3 张
[2026-02-16 21:17:20] [INFO] [BandaiScraper] 产品详情已保存到: data/RG/01_3726_RG-1_144-ジャスティスガンダム/product_details.json
[2026-02-16 21:17:20] [INFO] [BandaiScraper] 详情页抓取完成，随机延时 1.79 秒...
[2026-02-16 21:17:22] [INFO] [BandaiScraper] 正在访问产品详情页: https://bandai-hobby.net/item/01_2882/
[2026-02-16 21:17:23] [INFO] [BandaiScraper] 发现旧格式文件夹: data/RG/RG-1_144-RX-178-ガンダムMk-II（エゥーゴ仕様），将迁移到新格式: data/RG/01_2882_RG-1_144-RX-178-ガンダムMk-II（エゥーゴ仕様）
[2026-02-16 21:17:23] [INFO] [BandaiScraper] 图片不完整 (现有:0, 需要:5)，需要下载
[2026-02-16 21:17:25] [INFO] [BandaiScraper] 图片下载成功，共下载 5 张
[2026-02-16 21:17:25] [INFO] [BandaiScraper] 产品详情已保存到: data/RG/01_2882_RG-1_144-RX-178-ガンダムMk-II（エゥーゴ仕様）/product_details.json
[2026-02-16 21:17:25] [INFO] [BandaiScraper] 详情页抓取完成，随机延时 2.26 秒...
[2026-02-16 21:17:27] [INFO] [BandaiScraper] 正在访问Premium Bandai产品详情页: https://p-bandai.jp/item/item-1000132010
[2026-02-16 21:17:27] [INFO] [BandaiScraper] 爬不了一点，过 (PB页面策略)
[2026-02-16 21:17:27] [INFO] [BandaiScraper] 迁移文件夹: data/RG/RG-1_144-ZGMF-X10A-フリーダムガンダム-ディアクティブモード -> data/RG/1000132010_RG-1_144-ZGMF-X10A-フリーダムガンダム-ディアクティブモード
[2026-02-16 21:17:27] [INFO] [BandaiScraper] 产品详情已保存到: data/RG/1000132010_RG-1_144-ZGMF-X10A-フリーダムガンダム-ディアクティブモード/product_details.json
[2026-02-16 21:17:28] [INFO] [BandaiScraper] 正在访问产品详情页: https://bandai-hobby.net/item/01_2881/
[2026-02-16 21:17:29] [INFO] [BandaiScraper] 发现旧格式文件夹: data/RG/RG-1_144-RX-178-ガンダムMk-II（ティターンズ仕様），将迁移到新格式: data/RG/01_2881_RG-1_144-RX-178-ガンダムMk-II（ティターンズ仕様）
[2026-02-16 21:17:29] [INFO] [BandaiScraper] 图片不完整 (现有:0, 需要:4)，需要下载
[2026-02-16 21:17:30] [INFO] [BandaiScraper] 图片下载成功，共下载 4 张
[2026-02-16 21:17:30] [INFO] [BandaiScraper] 产品详情已保存到: data/RG/01_2881_RG-1_144-RX-178-ガンダムMk-II（ティターンズ仕様）/product_details.json
[2026-02-16 21:17:30] [INFO] [BandaiScraper] 详情页抓取完成，随机延时 2.55 秒...
[2026-02-16 21:17:33] [INFO] [BandaiScraper] 正在访问Premium Bandai产品详情页: https://p-bandai.jp/item/item-1000078186
[2026-02-16 21:17:33] [INFO] [BandaiScraper] 爬不了一点，过 (PB页面策略)
[2026-02-16 21:17:33] [INFO] [BandaiScraper] 迁移文件夹: data/RG/RG-1_144-GAT-X105ストライクガンダム -> data/RG/1000078186_RG-1_144-GAT-X105ストライクガンダム
[2026-02-16 21:17:33] [INFO] [BandaiScraper] 产品详情已保存到: data/RG/1000078186_RG-1_144-GAT-X105ストライクガンダム/product_details.json
[2026-02-16 21:17:34] [INFO] [BandaiScraper] 正在访问Premium Bandai产品详情页: https://p-bandai.jp/item/item-1000112766
[2026-02-16 21:17:34] [INFO] [BandaiScraper] 爬不了一点，过 (PB页面策略)
[2026-02-16 21:17:34] [INFO] [BandaiScraper] 迁移文件夹: data/RG/RG-1_144-GAT-X105ストライクガンダム-ディアクティブモード -> data/RG/1000112766_RG-1_144-GAT-X105ストライクガンダム-ディアクティブモード
[2026-02-16 21:17:34] [INFO] [BandaiScraper] 产品详情已保存到: data/RG/1000112766_RG-1_144-GAT-X105ストライクガンダム-ディアクティブモード/product_details.json
[2026-02-16 21:17:35] [INFO] [BandaiScraper] 正在访问产品详情页: https://bandai-hobby.net/item/01_5740/
[2026-02-16 21:17:37] [INFO] [BandaiScraper] 发现旧格式文件夹: data/RG/RG-1_144-スカイグラスパー[ランチャー・ソードパック]，将迁移到新格式: data/RG/01_5740_RG-1_144-スカイグラスパー[ランチャー・ソードパック]
[2026-02-16 21:17:37] [INFO] [BandaiScraper] 图片不完整 (现有:0, 需要:3)，需要下载
[2026-02-16 21:17:37] [INFO] [BandaiScraper] 图片下载成功，共下载 3 张
[2026-02-16 21:17:37] [INFO] [BandaiScraper] 产品详情已保存到: data/RG/01_5740_RG-1_144-スカイグラスパー[ランチャー・ソードパック]/product_details.json
[2026-02-16 21:17:37] [INFO] [BandaiScraper] 详情页抓取完成，随机延时 2.24 秒...
[2026-02-16 21:17:40] [INFO] [BandaiScraper] 正在访问产品详情页: https://bandai-hobby.net/item/01_3721/
[2026-02-16 21:17:41] [INFO] [BandaiScraper] 发现旧格式文件夹: data/RG/RG-1_144-ZGMF-X10A-フリーダムガンダム，将迁移到新格式: data/RG/01_3721_RG-1_144-ZGMF-X10A-フリーダムガンダム
[2026-02-16 21:17:41] [INFO] [BandaiScraper] 图片不完整 (现有:0, 需要:3)，需要下载
[2026-02-16 21:17:41] [INFO] [BandaiScraper] 图片下载成功，共下载 3 张
[2026-02-16 21:17:41] [INFO] [BandaiScraper] 产品详情已保存到: data/RG/01_3721_RG-1_144-ZGMF-X10A-フリーダムガンダム/product_details.json
[2026-02-16 21:17:41] [INFO] [BandaiScraper] 详情页抓取完成，随机延时 3.24 秒...
[2026-02-16 21:17:45] [INFO] [BandaiScraper] 正在访问产品详情页: https://bandai-hobby.net/item/01_2224/
[2026-02-16 21:17:47] [INFO] [BandaiScraper] 发现旧格式文件夹: data/RG/RG-1_144-MS-06F-量産型ザク，将迁移到新格式: data/RG/01_2224_RG-1_144-MS-06F-量産型ザク
[2026-02-16 21:17:47] [INFO] [BandaiScraper] 图片不完整 (现有:0, 需要:5)，需要下载
[2026-02-16 21:17:47] [INFO] [BandaiScraper] 图片下载成功，共下载 5 张
[2026-02-16 21:17:47] [INFO] [BandaiScraper] 产品详情已保存到: data/RG/01_2224_RG-1_144-MS-06F-量産型ザク/product_details.json
[2026-02-16 21:17:47] [INFO] [BandaiScraper] 详情页抓取完成，随机延时 1.87 秒...
[2026-02-16 21:17:49] [INFO] [BandaiScraper] 正在访问产品详情页: https://bandai-hobby.net/item/01_3720/
[2026-02-16 21:17:50] [INFO] [BandaiScraper] 发现旧格式文件夹: data/RG/RG-1_144-エールストライクガンダム，将迁移到新格式: data/RG/01_3720_RG-1_144-エールストライクガンダム
[2026-02-16 21:17:50] [INFO] [BandaiScraper] 图片不完整 (现有:0, 需要:3)，需要下载
[2026-02-16 21:17:51] [INFO] [BandaiScraper] 图片下载成功，共下载 3 张
[2026-02-16 21:17:51] [INFO] [BandaiScraper] 产品详情已保存到: data/RG/01_3720_RG-1_144-エールストライクガンダム/product_details.json
[2026-02-16 21:17:51] [INFO] [BandaiScraper] 详情页抓取完成，随机延时 1.50 秒...
[2026-02-16 21:17:52] [INFO] [BandaiScraper] 正在访问产品详情页: https://bandai-hobby.net/item/01_2230/
[2026-02-16 21:17:54] [INFO] [BandaiScraper] 发现旧格式文件夹: data/RG/RG-1_144-MS-06S-シャア専用ザク，将迁移到新格式: data/RG/01_2230_RG-1_144-MS-06S-シャア専用ザク
[2026-02-16 21:17:54] [INFO] [BandaiScraper] 图片不完整 (现有:0, 需要:3)，需要下载
[2026-02-16 21:17:54] [INFO] [BandaiScraper] 图片下载成功，共下载 3 张
[2026-02-16 21:17:54] [INFO] [BandaiScraper] 产品详情已保存到: data/RG/01_2230_RG-1_144-MS-06S-シャア専用ザク/product_details.json
[2026-02-16 21:17:54] [INFO] [BandaiScraper] 详情页抓取完成，随机延时 2.46 秒...
[2026-02-16 21:17:57] [INFO] [BandaiScraper] 正在访问产品详情页: https://bandai-hobby.net/item/01_2228/
[2026-02-16 21:17:58] [INFO] [BandaiScraper] 发现旧格式文件夹: data/RG/RG-1_144-RX-78-2-ガンダム，将迁移到新格式: data/RG/01_2228_RG-1_144-RX-78-2-ガンダム
[2026-02-16 21:17:58] [INFO] [BandaiScraper] 图片不完整 (现有:0, 需要:3)，需要下载
[2026-02-16 21:17:59] [INFO] [BandaiScraper] 图片下载成功，共下载 3 张
[2026-02-16 21:17:59] [INFO] [BandaiScraper] 产品详情已保存到: data/RG/01_2228_RG-1_144-RX-78-2-ガンダム/product_details.json
[2026-02-16 21:17:59] [INFO] [BandaiScraper] 详情页抓取完成，随机延时 2.62 秒...
[2026-02-16 21:29:38] [INFO] [BandaiScraper] 正在获取总页数: https://bandai-hobby.net/brand/mg/
[2026-02-16 21:29:39] [INFO] [BandaiScraper] 找到 5 个分页链接
[2026-02-16 21:29:39] [INFO] [BandaiScraper] 总页数: 57
[2026-02-16 21:29:39] [INFO] [BandaiScraper] 正在访问第 1 页: https://bandai-hobby.net/brand/mg/
[2026-02-16 21:29:40] [INFO] [BandaiScraper] 找到 1 个匹配的元素
[2026-02-16 21:29:40] [INFO] [BandaiScraper] 找到 10 个链接
[2026-02-16 21:29:45] [INFO] [BandaiScraper] 第 1 页收集到 10 个产品链接
[2026-02-16 21:29:45] [INFO] [BandaiScraper] 页面抓取完成，随机延时 2.29 秒...
[2026-02-16 21:29:47] [INFO] [BandaiScraper] 总共收集到 10 个产品链接（共 1 页）
[2026-02-16 21:29:47] [INFO] [BandaiScraper] 正在访问第 2 页: https://bandai-hobby.net/brand/mg/?p=2
[2026-02-16 21:29:49] [INFO] [BandaiScraper] 找到 1 个匹配的元素
[2026-02-16 21:29:49] [INFO] [BandaiScraper] 找到 10 个链接
[2026-02-16 21:29:53] [INFO] [BandaiScraper] 第 2 页收集到 10 个产品链接
[2026-02-16 21:29:53] [INFO] [BandaiScraper] 页面抓取完成，随机延时 1.56 秒...
[2026-02-16 21:29:55] [INFO] [BandaiScraper] 总共收集到 10 个产品链接（共 1 页）
[2026-02-16 21:29:55] [INFO] [BandaiScraper] 正在访问第 3 页: https://bandai-hobby.net/brand/mg/?p=3
[2026-02-16 21:29:56] [INFO] [BandaiScraper] 找到 1 个匹配的元素
[2026-02-16 21:29:56] [INFO] [BandaiScraper] 找到 10 个链接
[2026-02-16 21:29:59] [INFO] [BandaiScraper] 第 3 页收集到 10 个产品链接
[2026-02-16 21:29:59] [INFO] [BandaiScraper] 页面抓取完成，随机延时 2.04 秒...
[2026-02-16 21:30:01] [INFO] [BandaiScraper] 总共收集到 10 个产品链接（共 1 页）
[2026-02-16 21:30:01] [INFO] [BandaiScraper] 正在访问第 4 页: https://bandai-hobby.net/brand/mg/?p=4
[2026-02-16 21:30:02] [INFO] [BandaiScraper] 找到 1 个匹配的元素
[2026-02-16 21:30:02] [INFO] [BandaiScraper] 找到 10 个链接
[2026-02-16 21:30:05] [INFO] [BandaiScraper] 第 4 页收集到 10 个产品链接
[2026-02-16 21:30:05] [INFO] [BandaiScraper] 页面抓取完成，随机延时 3.36 秒...
[2026-02-16 21:30:09] [INFO] [BandaiScraper] 总共收集到 10 个产品链接（共 1 页）
[2026-02-16 21:30:09] [INFO] [BandaiScraper] 正在访问第 5 页: https://bandai-hobby.net/brand/mg/?p=5
[2026-02-16 21:30:10] [INFO] [BandaiScraper] 找到 1 个匹配的元素
[2026-02-16 21:30:10] [INFO] [BandaiScraper] 找到 10 个链接
[2026-02-16 21:30:13] [INFO] [BandaiScraper] 第 5 页收集到 10 个产品链接
[2026-02-16 21:30:13] [INFO] [BandaiScraper] 页面抓取完成，随机延时 3.10 秒...
[2026-02-16 21:30:16] [INFO] [BandaiScraper] 总共收集到 10 个产品链接（共 1 页）
[2026-02-16 21:30:16] [INFO] [BandaiScraper] 正在访问第 6 页: https://bandai-hobby.net/brand/mg/?p=6
[2026-02-16 21:30:21] [INFO] [BandaiScraper] 找到 1 个匹配的元素
[2026-02-16 21:30:21] [INFO] [BandaiScraper] 找到 10 个链接
[2026-02-16 21:29:24] [INFO] [BandaiScraper] 第 6 页收集到 10 个产品链接
[2026-02-16 21:29:24] [INFO] [BandaiScraper] 页面抓取完成，随机延时 2.19 秒...
[2026-02-16 21:29:26] [INFO] [BandaiScraper] 总共收集到 10 个产品链接（共 1 页）
[2026-02-16 21:29:26] [INFO] [BandaiScraper] 正在访问第 7 页: https://bandai-hobby.net/brand/mg/?p=7
[2026-02-16 21:29:28] [INFO] [BandaiScraper] 找到 1 个匹配的元素
[2026-02-16 21:29:28] [INFO] [BandaiScraper] 找到 10 个链接
[2026-02-16 21:29:30] [INFO] [BandaiScraper] 第 7 页收集到 10 个产品链接
[2026-02-16 21:29:30] [INFO] [BandaiScraper] 页面抓取完成，随机延时 2.64 秒...
[2026-02-16 21:30:32] [INFO] [BandaiScraper] 总共收集到 10 个产品链接（共 1 页）
[2026-02-16 21:30:32] [INFO] [BandaiScraper] 正在访问第 8 页: https://bandai-hobby.net/brand/mg/?p=8
[2026-02-16 21:30:34] [INFO] [BandaiScraper] 找到 1 个匹配的元素
[2026-02-16 21:30:34] [INFO] [BandaiScraper] 找到 10 个链接
[2026-02-16 21:30:36] [INFO] [BandaiScraper] 第 8 页收集到 10 个产品链接
[2026-02-16 21:30:36] [INFO] [BandaiScraper] 页面抓取完成，随机延时 1.92 秒...
[2026-02-16 21:30:38] [INFO] [BandaiScraper] 总共收集到 10 个产品链接（共 1 页）
[2026-02-16 21:30:38] [INFO] [BandaiScraper] 正在访问第 9 页: https://bandai-hobby.net/brand/mg/?p=9
[2026-02-16 21:30:40] [INFO] [BandaiScraper] 找到 1 个匹配的元素
[2026-02-16 21:30:40] [INFO] [BandaiScraper] 找到 10 个链接
[2026-02-16 21:30:42] [INFO] [BandaiScraper] 第 9 页收集到 10 个产品链接
[2026-02-16 21:30:42] [INFO] [BandaiScraper] 页面抓取完成，随机延时 1.62 秒...
[2026-02-16 21:30:44] [INFO] [BandaiScraper] 总共收集到 10 个产品链接（共 1 页）
[2026-02-16 21:30:44] [INFO] [BandaiScraper] 正在访问第 10 页: https://bandai-hobby.net/brand/mg/?p=10
[2026-02-16 21:30:45] [INFO] [BandaiScraper] 找到 1 个匹配的元素
[2026-02-16 21:30:45] [INFO] [BandaiScraper] 找到 10 个链接
[2026-02-16 21:30:48] [INFO] [BandaiScraper] 第 10 页收集到 10 个产品链接
[2026-02-16 21:30:48] [INFO] [BandaiScraper] 页面抓取完成，随机延时 2.03 秒...
[2026-02-16 21:30:50] [INFO] [BandaiScraper] 总共收集到 10 个产品链接（共 1 页）
[2026-02-16 21:30:50] [INFO] [BandaiScraper] 正在访问第 11 页: https://bandai-hobby.net/brand/mg/?p=11
[2026-02-16 21:30:51] [INFO] [BandaiScraper] 找到 1 个匹配的元素
[2026-02-16 21:30:51] [INFO] [BandaiScraper] 找到 10 个链接
[2026-02-16 21:30:54] [INFO] [BandaiScraper] 第 11 页收集到 10 个产品链接
[2026-02-16 21:30:54] [INFO] [BandaiScraper] 页面抓取完成，随机延时 1.94 秒...
[2026-02-16 21:30:56] [INFO] [BandaiScraper] 总共收集到 10 个产品链接（共 1 页）
[2026-02-16 21:30:56] [INFO] [BandaiScraper] 正在访问第 12 页: https://bandai-hobby.net/brand/mg/?p=12
[2026-02-16 21:30:58] [INFO] [BandaiScraper] 找到 1 个匹配的元素
[2026-02-16 21:30:58] [INFO] [BandaiScraper] 找到 10 个链接
[2026-02-16 21:31:00] [INFO] [BandaiScraper] 第 12 页收集到 10 个产品链接
[2026-02-16 21:31:00] [INFO] [BandaiScraper] 页面抓取完成，随机延时 3.37 秒...
[2026-02-16 21:31:03] [INFO] [BandaiScraper] 总共收集到 10 个产品链接（共 1 页）
[2026-02-16 21:31:03] [INFO] [BandaiScraper] 正在访问第 13 页: https://bandai-hobby.net/brand/mg/?p=13
[2026-02-16 21:31:05] [INFO] [BandaiScraper] 找到 1 个匹配的元素
[2026-02-16 21:31:05] [INFO] [BandaiScraper] 找到 10 个链接
[2026-02-16 21:31:08] [INFO] [BandaiScraper] 第 13 页收集到 10 个产品链接
[2026-02-16 21:31:08] [INFO] [BandaiScraper] 页面抓取完成，随机延时 2.27 秒...
[2026-02-16 21:31:10] [INFO] [BandaiScraper] 总共收集到 10 个产品链接（共 1 页）
[2026-02-16 21:31:10] [INFO] [BandaiScraper] 正在访问第 14 页: https://bandai-hobby.net/brand/mg/?p=14
[2026-02-16 21:31:11] [INFO] [BandaiScraper] 找到 1 个匹配的元素
[2026-02-16 21:31:11] [INFO] [BandaiScraper] 找到 10 个链接
[2026-02-16 21:31:14] [INFO] [BandaiScraper] 第 14 页收集到 10 个产品链接
[2026-02-16 21:31:14] [INFO] [BandaiScraper] 页面抓取完成，随机延时 2.86 秒...
[2026-02-16 21:31:17] [INFO] [BandaiScraper] 总共收集到 10 个产品链接（共 1 页）
[2026-02-16 21:31:17] [INFO] [BandaiScraper] 正在访问第 15 页: https://bandai-hobby.net/brand/mg/?p=15
[2026-02-16 21:31:19] [INFO] [BandaiScraper] 找到 1 个匹配的元素
[2026-02-16 21:31:19] [INFO] [BandaiScraper] 找到 10 个链接
[2026-02-16 21:31:21] [INFO] [BandaiScraper] 第 15 页收集到 10 个产品链接
[2026-02-16 21:31:21] [INFO] [BandaiScraper] 页面抓取完成，随机延时 2.29 秒...
[2026-02-16 21:31:23] [INFO] [BandaiScraper] 总共收集到 10 个产品链接（共 1 页）
[2026-02-16 21:31:23] [INFO] [BandaiScraper] 正在访问第 16 页: https://bandai-hobby.net/brand/mg/?p=16
[2026-02-16 21:31:29] [INFO] [BandaiScraper] 找到 1 个匹配的元素
[2026-02-16 21:31:29] [INFO] [BandaiScraper] 找到 10 个链接
[2026-02-16 21:31:32] [INFO] [BandaiScraper] 第 16 页收集到 10 个产品链接
[2026-02-16 21:31:32] [INFO] [BandaiScraper] 页面抓取完成，随机延时 2.31 秒...
[2026-02-16 21:31:34] [INFO] [BandaiScraper] 总共收集到 10 个产品链接（共 1 页）
[2026-02-16 21:31:34] [INFO] [BandaiScraper] 正在访问第 17 页: https://bandai-hobby.net/brand/mg/?p=17
[2026-02-16 21:31:36] [INFO] [BandaiScraper] 找到 1 个匹配的元素
[2026-02-16 21:31:36] [INFO] [BandaiScraper] 找到 10 个链接
[2026-02-16 21:31:39] [INFO] [BandaiScraper] 第 17 页收集到 10 个产品链接
[2026-02-16 21:31:39] [INFO] [BandaiScraper] 页面抓取完成，随机延时 3.12 秒...
[2026-02-16 21:31:42] [INFO] [BandaiScraper] 总共收集到 10 个产品链接（共 1 页）
[2026-02-16 21:31:42] [INFO] [BandaiScraper] 正在访问第 18 页: https://bandai-hobby.net/brand/mg/?p=18
[2026-02-16 21:31:48] [INFO] [BandaiScraper] 找到 1 个匹配的元素
[2026-02-16 21:31:48] [INFO] [BandaiScraper] 找到 10 个链接
[2026-02-16 21:31:50] [INFO] [BandaiScraper] 第 18 页收集到 10 个产品链接
[2026-02-16 21:31:50] [INFO] [BandaiScraper] 页面抓取完成，随机延时 3.20 秒...
[2026-02-16 21:31:54] [INFO] [BandaiScraper] 总共收集到 10 个产品链接（共 1 页）
[2026-02-16 21:31:54] [INFO] [BandaiScraper] 正在访问第 19 页: https://bandai-hobby.net/brand/mg/?p=19
[2026-02-16 21:31:55] [INFO] [BandaiScraper] 找到 1 个匹配的元素
[2026-02-16 21:31:55] [INFO] [BandaiScraper] 找到 10 个链接
[2026-02-16 21:31:58] [INFO] [BandaiScraper] 第 19 页收集到 10 个产品链接
[2026-02-16 21:31:58] [INFO] [BandaiScraper] 页面抓取完成，随机延时 3.29 秒...
[2026-02-16 21:32:01] [INFO] [BandaiScraper] 总共收集到 10 个产品链接（共 1 页）
[2026-02-16 21:32:01] [INFO] [BandaiScraper] 正在访问第 20 页: https://bandai-hobby.net/brand/mg/?p=20
[2026-02-16 21:32:03] [INFO] [BandaiScraper] 找到 1 个匹配的元素
[2026-02-16 21:32:03] [INFO] [BandaiScraper] 找到 10 个链接
[2026-02-16 21:32:06] [INFO] [BandaiScraper] 第 20 页收集到 10 个产品链接
[2026-02-16 21:32:06] [INFO] [BandaiScraper] 页面抓取完成，随机延时 1.75 秒...
[2026-02-16 21:32:07] [INFO] [BandaiScraper] 总共收集到 10 个产品链接（共 1 页）
[2026-02-16 21:32:07] [INFO] [BandaiScraper] 正在访问第 21 页: https://bandai-hobby.net/brand/mg/?p=21
[2026-02-16 21:32:09] [INFO] [BandaiScraper] 找到 1 个匹配的元素
[2026-02-16 21:32:09] [INFO] [BandaiScraper] 找到 10 个链接
[2026-02-16 21:32:12] [INFO] [BandaiScraper] 第 21 页收集到 10 个产品链接
[2026-02-16 21:32:12] [INFO] [BandaiScraper] 页面抓取完成，随机延时 1.54 秒...
[2026-02-16 21:32:13] [INFO] [BandaiScraper] 总共收集到 10 个产品链接（共 1 页）
[2026-02-16 21:32:13] [INFO] [BandaiScraper] 正在访问第 22 页: https://bandai-hobby.net/brand/mg/?p=22
[2026-02-16 21:32:15] [INFO] [BandaiScraper] 找到 1 个匹配的元素
[2026-02-16 21:32:15] [INFO] [BandaiScraper] 找到 10 个链接
[2026-02-16 21:32:17] [INFO] [BandaiScraper] 第 22 页收集到 10 个产品链接
[2026-02-16 21:32:17] [INFO] [BandaiScraper] 页面抓取完成，随机延时 2.38 秒...
[2026-02-16 21:32:20] [INFO] [BandaiScraper] 总共收集到 10 个产品链接（共 1 页）
[2026-02-16 21:32:20] [INFO] [BandaiScraper] 正在访问第 23 页: https://bandai-hobby.net/brand/mg/?p=23
[2026-02-16 21:32:21] [INFO] [BandaiScraper] 找到 1 个匹配的元素
[2026-02-16 21:32:21] [INFO] [BandaiScraper] 找到 10 个链接
[2026-02-16 21:32:24] [INFO] [BandaiScraper] 第 23 页收集到 10 个产品链接
[2026-02-16 21:32:24] [INFO] [BandaiScraper] 页面抓取完成，随机延时 1.92 秒...
[2026-02-16 21:32:26] [INFO] [BandaiScraper] 总共收集到 10 个产品链接（共 1 页）
[2026-02-16 21:32:26] [INFO] [BandaiScraper] 正在访问第 24 页: https://bandai-hobby.net/brand/mg/?p=24
[2026-02-16 21:32:28] [INFO] [BandaiScraper] 找到 1 个匹配的元素
[2026-02-16 21:32:28] [INFO] [BandaiScraper] 找到 10 个链接
[2026-02-16 21:32:30] [INFO] [BandaiScraper] 第 24 页收集到 10 个产品链接
[2026-02-16 21:32:30] [INFO] [BandaiScraper] 页面抓取完成，随机延时 2.89 秒...
[2026-02-16 21:32:33] [INFO] [BandaiScraper] 总共收集到 10 个产品链接（共 1 页）
[2026-02-16 21:32:33] [INFO] [BandaiScraper] 正在访问第 25 页: https://bandai-hobby.net/brand/mg/?p=25
[2026-02-16 21:32:35] [INFO] [BandaiScraper] 找到 1 个匹配的元素
[2026-02-16 21:32:35] [INFO] [BandaiScraper] 找到 10 个链接
[2026-02-16 21:32:37] [INFO] [BandaiScraper] 第 25 页收集到 10 个产品链接
[2026-02-16 21:32:37] [INFO] [BandaiScraper] 页面抓取完成，随机延时 1.64 秒...
[2026-02-16 21:32:38] [INFO] [BandaiScraper] 总共收集到 10 个产品链接（共 1 页）
[2026-02-16 21:32:38] [INFO] [BandaiScraper] 正在访问第 26 页: https://bandai-hobby.net/brand/mg/?p=26
[2026-02-16 21:32:40] [INFO] [BandaiScraper] 找到 1 个匹配的元素
[2026-02-16 21:32:40] [INFO] [BandaiScraper] 找到 10 个链接
[2026-02-16 21:32:42] [INFO] [BandaiScraper] 第 26 页收集到 10 个产品链接
[2026-02-16 21:32:42] [INFO] [BandaiScraper] 页面抓取完成，随机延时 1.55 秒...
[2026-02-16 21:32:43] [INFO] [BandaiScraper] 总共收集到 10 个产品链接（共 1 页）
[2026-02-16 21:32:43] [INFO] [BandaiScraper] 正在访问第 27 页: https://bandai-hobby.net/brand/mg/?p=27
[2026-02-16 21:32:45] [INFO] [BandaiScraper] 找到 1 个匹配的元素
[2026-02-16 21:32:45] [INFO] [BandaiScraper] 找到 10 个链接
[2026-02-16 21:32:47] [INFO] [BandaiScraper] 第 27 页收集到 10 个产品链接
[2026-02-16 21:32:47] [INFO] [BandaiScraper] 页面抓取完成，随机延时 3.38 秒...
[2026-02-16 21:32:50] [INFO] [BandaiScraper] 总共收集到 10 个产品链接（共 1 页）
[2026-02-16 21:32:50] [INFO] [BandaiScraper] 正在访问第 28 页: https://bandai-hobby.net/brand/mg/?p=28
[2026-02-16 21:32:52] [INFO] [BandaiScraper] 找到 1 个匹配的元素
[2026-02-16 21:32:52] [INFO] [BandaiScraper] 找到 10 个链接
[2026-02-16 21:32:54] [INFO] [BandaiScraper] 第 28 页收集到 10 个产品链接
[2026-02-16 21:32:54] [INFO] [BandaiScraper] 页面抓取完成，随机延时 3.05 秒...
[2026-02-16 21:32:57] [INFO] [BandaiScraper] 总共收集到 10 个产品链接（共 1 页）
[2026-02-16 21:32:57] [INFO] [BandaiScraper] 正在访问第 29 页: https://bandai-hobby.net/brand/mg/?p=29
[2026-02-16 21:32:59] [INFO] [BandaiScraper] 找到 1 个匹配的元素
[2026-02-16 21:32:59] [INFO] [BandaiScraper] 找到 10 个链接
[2026-02-16 21:33:01] [INFO] [BandaiScraper] 第 29 页收集到 10 个产品链接
[2026-02-16 21:33:01] [INFO] [BandaiScraper] 页面抓取完成，随机延时 3.06 秒...
[2026-02-16 21:33:04] [INFO] [BandaiScraper] 总共收集到 10 个产品链接（共 1 页）
[2026-02-16 21:33:04] [INFO] [BandaiScraper] 正在访问第 30 页: https://bandai-hobby.net/brand/mg/?p=30
[2026-02-16 21:33:06] [INFO] [BandaiScraper] 找到 1 个匹配的元素
[2026-02-16 21:33:06] [INFO] [BandaiScraper] 找到 10 个链接
[2026-02-16 21:33:08] [INFO] [BandaiScraper] 第 30 页收集到 10 个产品链接
[2026-02-16 21:33:08] [INFO] [BandaiScraper] 页面抓取完成，随机延时 3.27 秒...
[2026-02-16 21:33:11] [INFO] [BandaiScraper] 总共收集到 10 个产品链接（共 1 页）
[2026-02-16 21:33:11] [INFO] [BandaiScraper] 正在访问第 31 页: https://bandai-hobby.net/brand/mg/?p=31
[2026-02-16 21:33:13] [INFO] [BandaiScraper] 找到 1 个匹配的元素
[2026-02-16 21:33:13] [INFO] [BandaiScraper] 找到 10 个链接
[2026-02-16 21:33:15] [INFO] [BandaiScraper] 第 31 页收集到 10 个产品链接
[2026-02-16 21:33:15] [INFO] [BandaiScraper] 页面抓取完成，随机延时 2.71 秒...
[2026-02-16 21:33:18] [INFO] [BandaiScraper] 总共收集到 10 个产品链接（共 1 页）
[2026-02-16 21:33:18] [INFO] [BandaiScraper] 正在访问第 32 页: https://bandai-hobby.net/brand/mg/?p=32
[2026-02-16 21:33:20] [INFO] [BandaiScraper] 找到 1 个匹配的元素
[2026-02-16 21:33:20] [INFO] [BandaiScraper] 找到 10 个链接
[2026-02-16 21:33:22] [INFO] [BandaiScraper] 第 32 页收集到 10 个产品链接
[2026-02-16 21:33:22] [INFO] [BandaiScraper] 页面抓取完成，随机延时 3.10 秒...
[2026-02-16 21:33:25] [INFO] [BandaiScraper] 总共收集到 10 个产品链接（共 1 页）
[2026-02-16 21:33:25] [INFO] [BandaiScraper] 正在访问第 33 页: https://bandai-hobby.net/brand/mg/?p=33
[2026-02-16 21:33:27] [INFO] [BandaiScraper] 找到 1 个匹配的元素
[2026-02-16 21:33:27] [INFO] [BandaiScraper] 找到 10 个链接
[2026-02-16 21:33:29] [INFO] [BandaiScraper] 第 33 页收集到 10 个产品链接
[2026-02-16 21:33:29] [INFO] [BandaiScraper] 页面抓取完成，随机延时 2.46 秒...
[2026-02-16 21:33:32] [INFO] [BandaiScraper] 总共收集到 10 个产品链接（共 1 页）
[2026-02-16 21:33:32] [INFO] [BandaiScraper] 正在访问第 34 页: https://bandai-hobby.net/brand/mg/?p=34
[2026-02-16 21:33:33] [INFO] [BandaiScraper] 找到 1 个匹配的元素
[2026-02-16 21:33:33] [INFO] [BandaiScraper] 找到 10 个链接
[2026-02-16 21:33:36] [INFO] [BandaiScraper] 第 34 页收集到 10 个产品链接
[2026-02-16 21:33:36] [INFO] [BandaiScraper] 页面抓取完成，随机延时 3.20 秒...
[2026-02-16 21:33:39] [INFO] [BandaiScraper] 总共收集到 10 个产品链接（共 1 页）
[2026-02-16 21:33:39] [INFO] [BandaiScraper] 正在访问第 35 页: https://bandai-hobby.net/brand/mg/?p=35
[2026-02-16 21:33:40] [INFO] [BandaiScraper] 找到 1 个匹配的元素
[2026-02-16 21:33:40] [INFO] [BandaiScraper] 找到 10 个链接
[2026-02-16 21:33:43] [INFO] [BandaiScraper] 第 35 页收集到 10 个产品链接
[2026-02-16 21:33:43] [INFO] [BandaiScraper] 页面抓取完成，随机延时 2.55 秒...
[2026-02-16 21:33:45] [INFO] [BandaiScraper] 总共收集到 10 个产品链接（共 1 页）
[2026-02-16 21:33:45] [INFO] [BandaiScraper] 正在访问第 36 页: https://bandai-hobby.net/brand/mg/?p=36
[2026-02-16 21:33:47] [INFO] [BandaiScraper] 找到 1 个匹配的元素
[2026-02-16 21:33:47] [INFO] [BandaiScraper] 找到 10 个链接
[2026-02-16 21:33:50] [INFO] [BandaiScraper] 第 36 页收集到 10 个产品链接
[2026-02-16 21:33:50] [INFO] [BandaiScraper] 页面抓取完成，随机延时 2.95 秒...
[2026-02-16 21:33:52] [INFO] [BandaiScraper] 总共收集到 10 个产品链接（共 1 页）
[2026-02-16 21:33:53] [INFO] [BandaiScraper] 正在访问第 37 页: https://bandai-hobby.net/brand/mg/?p=37
[2026-02-16 21:33:54] [INFO] [BandaiScraper] 找到 1 个匹配的元素
[2026-02-16 21:33:54] [INFO] [BandaiScraper] 找到 10 个链接
[2026-02-16 21:33:56] [INFO] [BandaiScraper] 第 37 页收集到 10 个产品链接
[2026-02-16 21:33:56] [INFO] [BandaiScraper] 页面抓取完成，随机延时 2.82 秒...
[2026-02-16 21:33:59] [INFO] [BandaiScraper] 总共收集到 10 个产品链接（共 1 页）
[2026-02-16 21:33:59] [INFO] [BandaiScraper] 正在访问第 38 页: https://bandai-hobby.net/brand/mg/?p=38
[2026-02-16 21:34:01] [INFO] [BandaiScraper] 找到 1 个匹配的元素
[2026-02-16 21:34:01] [INFO] [BandaiScraper] 找到 10 个链接
[2026-02-16 21:34:03] [INFO] [BandaiScraper] 第 38 页收集到 10 个产品链接
[2026-02-16 21:34:03] [INFO] [BandaiScraper] 页面抓取完成，随机延时 2.16 秒...
[2026-02-16 21:34:05] [INFO] [BandaiScraper] 总共收集到 10 个产品链接（共 1 页）
[2026-02-16 21:34:05] [INFO] [BandaiScraper] 正在访问第 39 页: https://bandai-hobby.net/brand/mg/?p=39
[2026-02-16 21:34:07] [INFO] [BandaiScraper] 找到 1 个匹配的元素
[2026-02-16 21:34:07] [INFO] [BandaiScraper] 找到 10 个链接
[2026-02-16 21:34:09] [INFO] [BandaiScraper] 第 39 页收集到 10 个产品链接
[2026-02-16 21:34:09] [INFO] [BandaiScraper] 页面抓取完成，随机延时 2.85 秒...
[2026-02-16 21:34:12] [INFO] [BandaiScraper] 总共收集到 10 个产品链接（共 1 页）
[2026-02-16 21:34:12] [INFO] [BandaiScraper] 正在访问第 40 页: https://bandai-hobby.net/brand/mg/?p=40
[2026-02-16 21:34:13] [INFO] [BandaiScraper] 找到 1 个匹配的元素
[2026-02-16 21:34:13] [INFO] [BandaiScraper] 找到 10 个链接
[2026-02-16 21:34:16] [INFO] [BandaiScraper] 第 40 页收集到 10 个产品链接
[2026-02-16 21:34:16] [INFO] [BandaiScraper] 页面抓取完成，随机延时 1.54 秒...
[2026-02-16 21:34:17] [INFO] [BandaiScraper] 总共收集到 10 个产品链接（共 1 页）
[2026-02-16 21:34:17] [INFO] [BandaiScraper] 正在访问第 41 页: https://bandai-hobby.net/brand/mg/?p=41
[2026-02-16 21:34:19] [INFO] [BandaiScraper] 找到 1 个匹配的元素
[2026-02-16 21:34:19] [INFO] [BandaiScraper] 找到 10 个链接
[2026-02-16 21:34:21] [INFO] [BandaiScraper] 第 41 页收集到 10 个产品链接
[2026-02-16 21:34:21] [INFO] [BandaiScraper] 页面抓取完成，随机延时 1.75 秒...
[2026-02-16 21:34:23] [INFO] [BandaiScraper] 总共收集到 10 个产品链接（共 1 页）
[2026-02-16 21:34:23] [INFO] [BandaiScraper] 正在访问第 42 页: https://bandai-hobby.net/brand/mg/?p=42
[2026-02-16 21:34:25] [INFO] [BandaiScraper] 找到 1 个匹配的元素
[2026-02-16 21:34:25] [INFO] [BandaiScraper] 找到 10 个链接
[2026-02-16 21:34:27] [INFO] [BandaiScraper] 第 42 页收集到 10 个产品链接
[2026-02-16 21:34:27] [INFO] [BandaiScraper] 页面抓取完成，随机延时 2.44 秒...
[2026-02-16 21:34:29] [INFO] [BandaiScraper] 总共收集到 10 个产品链接（共 1 页）
[2026-02-16 21:34:29] [INFO] [BandaiScraper] 正在访问第 43 页: https://bandai-hobby.net/brand/mg/?p=43
[2026-02-16 21:34:31] [INFO] [BandaiScraper] 找到 1 个匹配的元素
[2026-02-16 21:34:31] [INFO] [BandaiScraper] 找到 10 个链接
[2026-02-16 21:34:33] [INFO] [BandaiScraper] 第 43 页收集到 10 个产品链接
[2026-02-16 21:34:33] [INFO] [BandaiScraper] 页面抓取完成，随机延时 1.75 秒...
[2026-02-16 21:34:34] [INFO] [BandaiScraper] 总共收集到 10 个产品链接（共 1 页）
[2026-02-16 21:34:34] [INFO] [BandaiScraper] 正在访问第 44 页: https://bandai-hobby.net/brand/mg/?p=44
[2026-02-16 21:34:36] [INFO] [BandaiScraper] 找到 1 个匹配的元素
[2026-02-16 21:34:36] [INFO] [BandaiScraper] 找到 10 个链接
[2026-02-16 21:34:39] [INFO] [BandaiScraper] 第 44 页收集到 10 个产品链接
[2026-02-16 21:34:39] [INFO] [BandaiScraper] 页面抓取完成，随机延时 1.85 秒...
[2026-02-16 21:34:41] [INFO] [BandaiScraper] 总共收集到 10 个产品链接（共 1 页）
[2026-02-16 21:34:41] [INFO] [BandaiScraper] 正在访问第 45 页: https://bandai-hobby.net/brand/mg/?p=45
[2026-02-16 21:34:42] [INFO] [BandaiScraper] 找到 1 个匹配的元素
[2026-02-16 21:34:42] [INFO] [BandaiScraper] 找到 10 个链接
[2026-02-16 21:34:45] [INFO] [BandaiScraper] 第 45 页收集到 10 个产品链接
[2026-02-16 21:34:45] [INFO] [BandaiScraper] 页面抓取完成，随机延时 2.47 秒...
[2026-02-16 21:34:47] [INFO] [BandaiScraper] 总共收集到 10 个产品链接（共 1 页）
[2026-02-16 21:34:47] [INFO] [BandaiScraper] 正在访问第 46 页: https://bandai-hobby.net/brand/mg/?p=46
[2026-02-16 21:34:49] [INFO] [BandaiScraper] 找到 1 个匹配的元素
[2026-02-16 21:34:49] [INFO] [BandaiScraper] 找到 10 个链接
[2026-02-16 21:34:51] [INFO] [BandaiScraper] 第 46 页收集到 10 个产品链接
[2026-02-16 21:34:51] [INFO] [BandaiScraper] 页面抓取完成，随机延时 2.41 秒...
[2026-02-16 21:34:54] [INFO] [BandaiScraper] 总共收集到 10 个产品链接（共 1 页）
[2026-02-16 21:34:54] [INFO] [BandaiScraper] 正在访问第 47 页: https://bandai-hobby.net/brand/mg/?p=47
[2026-02-16 21:34:55] [INFO] [BandaiScraper] 找到 1 个匹配的元素
[2026-02-16 21:34:55] [INFO] [BandaiScraper] 找到 10 个链接
[2026-02-16 21:34:57] [INFO] [BandaiScraper] 第 47 页收集到 10 个产品链接
[2026-02-16 21:34:57] [INFO] [BandaiScraper] 页面抓取完成，随机延时 1.69 秒...
[2026-02-16 21:34:59] [INFO] [BandaiScraper] 总共收集到 10 个产品链接（共 1 页）
[2026-02-16 21:34:59] [INFO] [BandaiScraper] 正在访问第 48 页: https://bandai-hobby.net/brand/mg/?p=48
[2026-02-16 21:35:01] [INFO] [BandaiScraper] 找到 1 个匹配的元素
[2026-02-16 21:35:01] [INFO] [BandaiScraper] 找到 10 个链接
[2026-02-16 21:35:03] [INFO] [BandaiScraper] 第 48 页收集到 10 个产品链接
[2026-02-16 21:35:03] [INFO] [BandaiScraper] 页面抓取完成，随机延时 2.88 秒...
[2026-02-16 21:35:06] [INFO] [BandaiScraper] 总共收集到 10 个产品链接（共 1 页）
[2026-02-16 21:35:06] [INFO] [BandaiScraper] 正在访问第 49 页: https://bandai-hobby.net/brand/mg/?p=49
[2026-02-16 21:35:07] [INFO] [BandaiScraper] 找到 1 个匹配的元素
[2026-02-16 21:35:07] [INFO] [BandaiScraper] 找到 10 个链接
[2026-02-16 21:35:09] [INFO] [BandaiScraper] 第 49 页收集到 10 个产品链接
[2026-02-16 21:35:09] [INFO] [BandaiScraper] 页面抓取完成，随机延时 2.57 秒...
[2026-02-16 21:35:12] [INFO] [BandaiScraper] 总共收集到 10 个产品链接（共 1 页）
[2026-02-16 21:35:12] [INFO] [BandaiScraper] 正在访问第 50 页: https://bandai-hobby.net/brand/mg/?p=50
[2026-02-16 21:35:14] [INFO] [BandaiScraper] 找到 1 个匹配的元素
[2026-02-16 21:35:14] [INFO] [BandaiScraper] 找到 10 个链接
[2026-02-16 21:35:16] [INFO] [BandaiScraper] 第 50 页收集到 10 个产品链接
[2026-02-16 21:35:16] [INFO] [BandaiScraper] 页面抓取完成，随机延时 2.06 秒...
[2026-02-16 21:35:18] [INFO] [BandaiScraper] 总共收集到 10 个产品链接（共 1 页）
[2026-02-16 21:35:18] [INFO] [BandaiScraper] 正在访问第 51 页: https://bandai-hobby.net/brand/mg/?p=51
[2026-02-16 21:35:20] [INFO] [BandaiScraper] 找到 1 个匹配的元素
[2026-02-16 21:35:20] [INFO] [BandaiScraper] 找到 10 个链接
[2026-02-16 21:35:22] [INFO] [BandaiScraper] 第 51 页收集到 10 个产品链接
[2026-02-16 21:35:22] [INFO] [BandaiScraper] 页面抓取完成，随机延时 1.89 秒...
[2026-02-16 21:35:24] [INFO] [BandaiScraper] 总共收集到 10 个产品链接（共 1 页）
[2026-02-16 21:35:24] [INFO] [BandaiScraper] 正在访问第 52 页: https://bandai-hobby.net/brand/mg/?p=52
[2026-02-16 21:35:26] [INFO] [BandaiScraper] 找到 1 个匹配的元素
[2026-02-16 21:35:26] [INFO] [BandaiScraper] 找到 10 个链接
[2026-02-16 21:35:28] [INFO] [BandaiScraper] 第 52 页收集到 10 个产品链接
[2026-02-16 21:35:28] [INFO] [BandaiScraper] 页面抓取完成，随机延时 2.27 秒...
[2026-02-16 21:35:31] [INFO] [BandaiScraper] 总共收集到 10 个产品链接（共 1 页）
[2026-02-16 21:35:31] [INFO] [BandaiScraper] 正在访问第 53 页: https://bandai-hobby.net/brand/mg/?p=53
[2026-02-16 21:35:32] [INFO] [BandaiScraper] 找到 1 个匹配的元素
[2026-02-16 21:35:32] [INFO] [BandaiScraper] 找到 10 个链接
[2026-02-16 21:35:34] [INFO] [BandaiScraper] 第 53 页收集到 10 个产品链接
[2026-02-16 21:35:34] [INFO] [BandaiScraper] 页面抓取完成，随机延时 2.26 秒...
[2026-02-16 21:35:37] [INFO] [BandaiScraper] 总共收集到 10 个产品链接（共 1 页）
[2026-02-16 21:35:37] [INFO] [BandaiScraper] 正在访问第 54 页: https://bandai-hobby.net/brand/mg/?p=54
[2026-02-16 21:35:38] [INFO] [BandaiScraper] 找到 1 个匹配的元素
[2026-02-16 21:35:38] [INFO] [BandaiScraper] 找到 10 个链接
[2026-02-16 21:35:41] [INFO] [BandaiScraper] 第 54 页收集到 10 个产品链接
[2026-02-16 21:35:41] [INFO] [BandaiScraper] 页面抓取完成，随机延时 2.68 秒...
[2026-02-16 21:35:43] [INFO] [BandaiScraper] 总共收集到 10 个产品链接（共 1 页）
[2026-02-16 21:35:43] [INFO] [BandaiScraper] 正在访问第 55 页: https://bandai-hobby.net/brand/mg/?p=55
[2026-02-16 21:35:45] [INFO] [BandaiScraper] 找到 1 个匹配的元素
[2026-02-16 21:35:45] [INFO] [BandaiScraper] 找到 10 个链接
[2026-02-16 21:35:47] [INFO] [BandaiScraper] 第 55 页收集到 10 个产品链接
[2026-02-16 21:35:47] [INFO] [BandaiScraper] 页面抓取完成，随机延时 3.29 秒...
[2026-02-16 21:35:51] [INFO] [BandaiScraper] 总共收集到 10 个产品链接（共 1 页）
[2026-02-16 21:35:51] [INFO] [BandaiScraper] 正在访问第 56 页: https://bandai-hobby.net/brand/mg/?p=56
[2026-02-16 21:35:53] [INFO] [BandaiScraper] 找到 1 个匹配的元素
[2026-02-16 21:35:53] [INFO] [BandaiScraper] 找到 10 个链接
[2026-02-16 21:35:55] [INFO] [BandaiScraper] 第 56 页收集到 10 个产品链接
[2026-02-16 21:35:55] [INFO] [BandaiScraper] 页面抓取完成，随机延时 2.47 秒...
[2026-02-16 21:35:57] [INFO] [BandaiScraper] 总共收集到 10 个产品链接（共 1 页）
[2026-02-16 21:35:57] [INFO] [BandaiScraper] 正在访问第 57 页: https://bandai-hobby.net/brand/mg/?p=57
[2026-02-16 21:36:03] [INFO] [BandaiScraper] 找到 1 个匹配的元素
[2026-02-16 21:36:03] [INFO] [BandaiScraper] 找到 5 个链接
[2026-02-16 21:36:04] [INFO] [BandaiScraper] 第 57 页收集到 5 个产品链接
[2026-02-16 21:36:04] [INFO] [BandaiScraper] 页面抓取完成，随机延时 1.67 秒...
[2026-02-16 21:36:06] [INFO] [BandaiScraper] 总共收集到 5 个产品链接（共 1 页）
[2026-02-16 21:36:06] [INFO] [BandaiScraper] 正在访问Premium Bandai产品详情页: https://p-bandai.jp/item/item-1000181355/
[2026-02-16 21:36:06] [INFO] [BandaiScraper] 爬不了一点，过 (PB页面策略)
[2026-02-16 21:36:06] [INFO] [BandaiScraper] 迁移文件夹: data/MG/ＭＧ-1_100-ガンダムＡＧＥ－１-フルグランサ用-拡張パーツ -> data/MG/1000181355_ＭＧ-1_100-ガンダムＡＧＥ－１-フルグランサ用-拡張パーツ
[2026-02-16 21:36:06] [INFO] [BandaiScraper] 产品详情已保存到: data/MG/1000181355_ＭＧ-1_100-ガンダムＡＧＥ－１-フルグランサ用-拡張パーツ/product_details.json
[2026-02-16 21:36:07] [INFO] [BandaiScraper] 正在访问Premium Bandai产品详情页: https://p-bandai.jp/item/item-1000180862/
[2026-02-16 21:36:07] [INFO] [BandaiScraper] 爬不了一点，过 (PB页面策略)
[2026-02-16 21:36:07] [INFO] [BandaiScraper] 迁移文件夹: data/MG/ＭＧ-1_100-エクリプスガンダム-ライジン装備 -> data/MG/1000180862_ＭＧ-1_100-エクリプスガンダム-ライジン装備
[2026-02-16 21:36:07] [INFO] [BandaiScraper] 产品详情已保存到: data/MG/1000180862_ＭＧ-1_100-エクリプスガンダム-ライジン装備/product_details.json
[2026-02-16 21:36:08] [INFO] [BandaiScraper] 正在访问Premium Bandai产品详情页: https://p-bandai.jp/item/item-1000180861/
[2026-02-16 21:36:08] [INFO] [BandaiScraper] 爬不了一点，过 (PB页面策略)
[2026-02-16 21:36:08] [INFO] [BandaiScraper] 迁移文件夹: data/MG/ＭＧ-1_100-エクリプスガンダム用-ライジンストライカーパック -> data/MG/1000180861_ＭＧ-1_100-エクリプスガンダム用-ライジンストライカーパック
[2026-02-16 21:36:08] [INFO] [BandaiScraper] 产品详情已保存到: data/MG/1000180861_ＭＧ-1_100-エクリプスガンダム用-ライジンストライカーパック/product_details.json
[2026-02-16 21:36:09] [INFO] [BandaiScraper] 正在访问Premium Bandai产品详情页: https://p-bandai.jp/item/item-1000224956/
[2026-02-16 21:36:09] [INFO] [BandaiScraper] 爬不了一点，过 (PB页面策略)
[2026-02-16 21:36:09] [INFO] [BandaiScraper] 迁移文件夹: data/MG/MG-1_100-ガンダムＦ９０用-ミッションパック-Ｈタイプ -> data/MG/1000224956_MG-1_100-ガンダムＦ９０用-ミッションパック-Ｈタイプ
[2026-02-16 21:36:09] [INFO] [BandaiScraper] 产品详情已保存到: data/MG/1000224956_MG-1_100-ガンダムＦ９０用-ミッションパック-Ｈタイプ/product_details.json
[2026-02-16 21:36:10] [INFO] [BandaiScraper] 正在访问产品详情页: https://bandai-hobby.net/item/01_4271/
[2026-02-16 21:36:12] [INFO] [BandaiScraper] 发现旧格式文件夹: data/MG/MG-1_100-ガンダムベース限定-ユニコーンガンダム(光の結晶体)，将迁移到新格式: data/MG/01_4271_MG-1_100-ガンダムベース限定-ユニコーンガンダム(光の結晶体)
[2026-02-16 21:36:12] [INFO] [BandaiScraper] 图片不完整 (现有:0, 需要:7)，需要下载
[2026-02-16 21:36:15] [INFO] [BandaiScraper] 图片下载成功，共下载 7 张
[2026-02-16 21:36:15] [INFO] [BandaiScraper] 产品详情已保存到: data/MG/01_4271_MG-1_100-ガンダムベース限定-ユニコーンガンダム(光の結晶体)/product_details.json
[2026-02-16 21:36:15] [INFO] [BandaiScraper] 详情页抓取完成，随机延时 3.05 秒...
[2026-02-16 21:36:18] [INFO] [BandaiScraper] 正在访问产品详情页: https://bandai-hobby.net/item/01_4272/
[2026-02-16 21:36:20] [INFO] [BandaiScraper] 发现旧格式文件夹: data/MG/MG-1_100-ガンダムベース限定-パーフェクトストライクガンダム-グランドスラム装備型，将迁移到新格式: data/MG/01_4272_MG-1_100-ガンダムベース限定-パーフェクトストライクガンダム-グランドスラム装備型
[2026-02-16 21:36:20] [INFO] [BandaiScraper] 图片不完整 (现有:0, 需要:10)，需要下载
[2026-02-16 21:36:23] [INFO] [BandaiScraper] 图片下载成功，共下载 10 张
[2026-02-16 21:36:23] [INFO] [BandaiScraper] 产品详情已保存到: data/MG/01_4272_MG-1_100-ガンダムベース限定-パーフェクトストライクガンダム-グランドスラム装備型/product_details.json
[2026-02-16 21:36:23] [INFO] [BandaiScraper] 详情页抓取完成，随机延时 3.32 秒...
[2026-02-16 21:36:26] [INFO] [BandaiScraper] 正在访问Premium Bandai产品详情页: https://p-bandai.jp/item/item-1000174413/
[2026-02-16 21:36:26] [INFO] [BandaiScraper] 爬不了一点，过 (PB页面策略)
[2026-02-16 21:36:26] [INFO] [BandaiScraper] 迁移文件夹: data/MG/ＭＧ-1_100-ガンダムエクスインパルス -> data/MG/1000174413_ＭＧ-1_100-ガンダムエクスインパルス
[2026-02-16 21:36:26] [INFO] [BandaiScraper] 产品详情已保存到: data/MG/1000174413_ＭＧ-1_100-ガンダムエクスインパルス/product_details.json
[2026-02-16 21:36:27] [INFO] [BandaiScraper] 正在访问产品详情页: https://bandai-hobby.net/item/01_4255/
[2026-02-16 21:36:29] [INFO] [BandaiScraper] 发现旧格式文件夹: data/MG/MG-1_100-ガンダムバルバトス-[リサーキュレーションカラー_ネオンブルー]，将迁移到新格式: data/MG/01_4255_MG-1_100-ガンダムバルバトス-[リサーキュレーションカラー_ネオンブルー]
[2026-02-16 21:36:29] [INFO] [BandaiScraper] 图片不完整 (现有:0, 需要:4)，需要下载
[2026-02-16 21:36:30] [INFO] [BandaiScraper] 图片下载成功，共下载 4 张
[2026-02-16 21:36:31] [INFO] [BandaiScraper] 产品详情已保存到: data/MG/01_4255_MG-1_100-ガンダムバルバトス-[リサーキュレーションカラー_ネオンブルー]/product_details.json
[2026-02-16 21:36:31] [INFO] [BandaiScraper] 详情页抓取完成，随机延时 1.78 秒...
[2026-02-16 21:36:32] [INFO] [BandaiScraper] 正在访问Premium Bandai产品详情页: https://p-bandai.jp/item/item-1000172109/
[2026-02-16 21:36:32] [INFO] [BandaiScraper] 爬不了一点，过 (PB页面策略)
[2026-02-16 21:36:32] [INFO] [BandaiScraper] 迁移文件夹: data/MG/ＭＧ-1_100-ジングラディエイター -> data/MG/1000172109_ＭＧ-1_100-ジングラディエイター
[2026-02-16 21:36:32] [INFO] [BandaiScraper] 产品详情已保存到: data/MG/1000172109_ＭＧ-1_100-ジングラディエイター/product_details.json
[2026-02-16 21:36:34] [INFO] [BandaiScraper] 正在访问产品详情页: https://bandai-hobby.net/item/01_4214/
[2026-02-16 21:36:36] [INFO] [BandaiScraper] 发现旧格式文件夹: data/MG/MG-1_100-ガンダムベース限定-ガンダムバルバトス用-拡張パーツセット[クリアカラー］，将迁移到新格式: data/MG/01_4214_MG-1_100-ガンダムベース限定-ガンダムバルバトス用-拡張パーツセット[クリアカラー］
[2026-02-16 21:36:36] [INFO] [BandaiScraper] 图片不完整 (现有:0, 需要:8)，需要下载
[2026-02-16 21:36:38] [INFO] [BandaiScraper] 图片下载成功，共下载 8 张
[2026-02-16 21:36:38] [INFO] [BandaiScraper] 产品详情已保存到: data/MG/01_4214_MG-1_100-ガンダムベース限定-ガンダムバルバトス用-拡張パーツセット[クリアカラー］/product_details.json
[2026-02-16 21:36:38] [INFO] [BandaiScraper] 详情页抓取完成，随机延时 2.71 秒...
[2026-02-16 21:36:41] [INFO] [BandaiScraper] 正在访问产品详情页: https://bandai-hobby.net/item/01_7074/
[2026-02-16 21:35:44] [INFO] [BandaiScraper] 发现旧格式文件夹: data/MG/ＭＧ-1_100-ガンダムサンドロックＥＷ-(アーマディロリザード装備)，将迁移到新格式: data/MG/01_7074_ＭＧ-1_100-ガンダムサンドロックＥＷ-(アーマディロリザード装備)
[2026-02-16 21:35:44] [INFO] [BandaiScraper] 图片不完整 (现有:0, 需要:9)，需要下载
[2026-02-16 21:36:47] [INFO] [BandaiScraper] 图片下载成功，共下载 9 张
[2026-02-16 21:36:47] [INFO] [BandaiScraper] 产品详情已保存到: data/MG/01_7074_ＭＧ-1_100-ガンダムサンドロックＥＷ-(アーマディロリザード装備)/product_details.json
[2026-02-16 21:36:47] [INFO] [BandaiScraper] 详情页抓取完成，随机延时 1.59 秒...
[2026-02-16 21:36:48] [INFO] [BandaiScraper] 正在访问产品详情页: https://bandai-hobby.net/item/01_7056/
[2026-02-16 21:36:50] [INFO] [BandaiScraper] 发现旧格式文件夹: data/MG/MG-1_100-F90IIIY-クラスターガンダム用-ミッションパック-Xタイプ，将迁移到新格式: data/MG/01_7056_MG-1_100-F90IIIY-クラスターガンダム用-ミッションパック-Xタイプ
[2026-02-16 21:36:50] [INFO] [BandaiScraper] 图片不完整 (现有:0, 需要:9)，需要下载
[2026-02-16 21:36:53] [INFO] [BandaiScraper] 图片下载成功，共下载 9 张
[2026-02-16 21:36:53] [INFO] [BandaiScraper] 产品详情已保存到: data/MG/01_7056_MG-1_100-F90IIIY-クラスターガンダム用-ミッションパック-Xタイプ/product_details.json
[2026-02-16 21:36:53] [INFO] [BandaiScraper] 详情页抓取完成，随机延时 1.88 秒...
[2026-02-16 21:36:55] [INFO] [BandaiScraper] 正在访问产品详情页: https://bandai-hobby.net/item/01_7097/
[2026-02-16 21:36:57] [INFO] [BandaiScraper] 发现旧格式文件夹: data/MG/MG-1_100-ガンダムベース限定-ジム･スナイパーカスタム-(機動戦士Zガンダム版)，将迁移到新格式: data/MG/01_7097_MG-1_100-ガンダムベース限定-ジム･スナイパーカスタム-(機動戦士Zガンダム版)
[2026-02-16 21:36:57] [INFO] [BandaiScraper] 图片不完整 (现有:0, 需要:6)，需要下载
[2026-02-16 21:36:59] [INFO] [BandaiScraper] 图片下载成功，共下载 6 张
[2026-02-16 21:36:59] [INFO] [BandaiScraper] 产品详情已保存到: data/MG/01_7097_MG-1_100-ガンダムベース限定-ジム･スナイパーカスタム-(機動戦士Zガンダム版)/product_details.json
[2026-02-16 21:36:59] [INFO] [BandaiScraper] 详情页抓取完成，随机延时 2.85 秒...
[2026-02-16 21:37:02] [INFO] [BandaiScraper] 正在访问产品详情页: https://bandai-hobby.net/item/01_7048/
[2026-02-16 21:37:04] [INFO] [BandaiScraper] 发现旧格式文件夹: data/MG/MG-1_100-ガンダムバルバトスルプス用-拡張パーツセット，将迁移到新格式: data/MG/01_7048_MG-1_100-ガンダムバルバトスルプス用-拡張パーツセット
[2026-02-16 21:37:04] [INFO] [BandaiScraper] 图片不完整 (现有:0, 需要:9)，需要下载
[2026-02-16 21:37:08] [INFO] [BandaiScraper] 图片下载成功，共下载 9 张
[2026-02-16 21:37:08] [INFO] [BandaiScraper] 产品详情已保存到: data/MG/01_7048_MG-1_100-ガンダムバルバトスルプス用-拡張パーツセット/product_details.json
[2026-02-16 21:37:08] [INFO] [BandaiScraper] 详情页抓取完成，随机延时 2.27 秒...
[2026-02-16 21:37:10] [INFO] [BandaiScraper] 正在访问产品详情页: https://bandai-hobby.net/item/01_7000/
[2026-02-16 21:37:12] [INFO] [BandaiScraper] 发现旧格式文件夹: data/MG/MG-1_100-ガンダムベース限定-ガンダムヴァーチェ-[クリアカラー]，将迁移到新格式: data/MG/01_7000_MG-1_100-ガンダムベース限定-ガンダムヴァーチェ-[クリアカラー]
[2026-02-16 21:37:12] [INFO] [BandaiScraper] 图片不完整 (现有:0, 需要:5)，需要下载
[2026-02-16 21:37:14] [INFO] [BandaiScraper] 图片下载成功，共下载 5 张
[2026-02-16 21:37:14] [INFO] [BandaiScraper] 产品详情已保存到: data/MG/01_7000_MG-1_100-ガンダムベース限定-ガンダムヴァーチェ-[クリアカラー]/product_details.json
[2026-02-16 21:37:14] [INFO] [BandaiScraper] 详情页抓取完成，随机延时 2.28 秒...
[2026-02-16 21:37:16] [INFO] [BandaiScraper] 正在访问产品详情页: https://bandai-hobby.net/item/01_6999/
[2026-02-16 21:37:18] [INFO] [BandaiScraper] 发现旧格式文件夹: data/MG/MG-1_100-ガンダムベース限定-戦国アストレイ頑駄無-[メタリック]，将迁移到新格式: data/MG/01_6999_MG-1_100-ガンダムベース限定-戦国アストレイ頑駄無-[メタリック]
[2026-02-16 21:37:18] [INFO] [BandaiScraper] 图片不完整 (现有:0, 需要:4)，需要下载
[2026-02-16 21:37:20] [INFO] [BandaiScraper] 图片下载成功，共下载 4 张
[2026-02-16 21:37:20] [INFO] [BandaiScraper] 产品详情已保存到: data/MG/01_6999_MG-1_100-ガンダムベース限定-戦国アストレイ頑駄無-[メタリック]/product_details.json
[2026-02-16 21:37:20] [INFO] [BandaiScraper] 详情页抓取完成，随机延时 2.43 秒...
[2026-02-16 21:37:22] [INFO] [BandaiScraper] 正在访问产品详情页: https://bandai-hobby.net/item/01_6764/
[2026-02-16 21:37:25] [INFO] [BandaiScraper] 发现旧格式文件夹: data/MG/MG-1_100-ガンダムバルバトスルプス，将迁移到新格式: data/MG/01_6764_MG-1_100-ガンダムバルバトスルプス
[2026-02-16 21:37:25] [INFO] [BandaiScraper] 图片不完整 (现有:0, 需要:12)，需要下载
[2026-02-16 21:37:29] [INFO] [BandaiScraper] 图片下载成功，共下载 12 张
[2026-02-16 21:37:29] [INFO] [BandaiScraper] 产品详情已保存到: data/MG/01_6764_MG-1_100-ガンダムバルバトスルプス/product_details.json
[2026-02-16 21:37:29] [INFO] [BandaiScraper] 详情页抓取完成，随机延时 3.00 秒...
[2026-02-16 21:37:32] [INFO] [BandaiScraper] 正在访问产品详情页: https://bandai-hobby.net/item/01_6958/
[2026-02-16 21:37:35] [INFO] [BandaiScraper] 发现旧格式文件夹: data/MG/MG-1_100-ガンダムアストレイミラージュフレーム-セカンドイシュー，将迁移到新格式: data/MG/01_6958_MG-1_100-ガンダムアストレイミラージュフレーム-セカンドイシュー
[2026-02-16 21:37:35] [INFO] [BandaiScraper] 图片不完整 (现有:0, 需要:9)，需要下载
[2026-02-16 21:37:38] [INFO] [BandaiScraper] 图片下载成功，共下载 9 张
[2026-02-16 21:37:38] [INFO] [BandaiScraper] 产品详情已保存到: data/MG/01_6958_MG-1_100-ガンダムアストレイミラージュフレーム-セカンドイシュー/product_details.json
[2026-02-16 21:37:38] [INFO] [BandaiScraper] 详情页抓取完成，随机延时 2.85 秒...
[2026-02-16 21:37:41] [INFO] [BandaiScraper] 正在访问产品详情页: https://bandai-hobby.net/item/01_6742/
[2026-02-16 21:37:44] [INFO] [BandaiScraper] 发现旧格式文件夹: data/MG/MG-1_100-ガンダムベース限定-百式-Ver.2.0-[メカニカルコアメッキ]，将迁移到新格式: data/MG/01_6742_MG-1_100-ガンダムベース限定-百式-Ver.2.0-[メカニカルコアメッキ]
[2026-02-16 21:37:44] [INFO] [BandaiScraper] 图片不完整 (现有:0, 需要:5)，需要下载
[2026-02-16 21:37:46] [INFO] [BandaiScraper] 图片下载成功，共下载 5 张
[2026-02-16 21:37:46] [INFO] [BandaiScraper] 产品详情已保存到: data/MG/01_6742_MG-1_100-ガンダムベース限定-百式-Ver.2.0-[メカニカルコアメッキ]/product_details.json
[2026-02-16 21:37:46] [INFO] [BandaiScraper] 详情页抓取完成，随机延时 1.59 秒...
[2026-02-16 21:37:47] [INFO] [BandaiScraper] 正在访问产品详情页: https://bandai-hobby.net/item/01_6800/
[2026-02-16 21:37:50] [INFO] [BandaiScraper] 发现旧格式文件夹: data/MG/MG-1_100-ブレイズザクファントム-(ディアッカ・エルスマン専用機)，将迁移到新格式: data/MG/01_6800_MG-1_100-ブレイズザクファントム-(ディアッカ・エルスマン専用機)
[2026-02-16 21:37:50] [INFO] [BandaiScraper] 图片不完整 (现有:0, 需要:8)，需要下载
[2026-02-16 21:37:53] [INFO] [BandaiScraper] 图片下载成功，共下载 8 张
[2026-02-16 21:37:53] [INFO] [BandaiScraper] 产品详情已保存到: data/MG/01_6800_MG-1_100-ブレイズザクファントム-(ディアッカ・エルスマン専用機)/product_details.json
[2026-02-16 21:37:53] [INFO] [BandaiScraper] 详情页抓取完成，随机延时 3.43 秒...
[2026-02-16 21:37:56] [INFO] [BandaiScraper] 正在访问产品详情页: https://bandai-hobby.net/item/01_6803/
[2026-02-16 21:37:59] [INFO] [BandaiScraper] 发现旧格式文件夹: data/MG/ＭＧ-1_100-Ｅｘ-Ｓガンダム_Ｓガンダム-(タスクフォースα-Ｖｅｒ.)，将迁移到新格式: data/MG/01_6803_ＭＧ-1_100-Ｅｘ-Ｓガンダム_Ｓガンダム-(タスクフォースα-Ｖｅｒ.)
[2026-02-16 21:37:59] [INFO] [BandaiScraper] 图片不完整 (现有:0, 需要:9)，需要下载
[2026-02-16 21:38:02] [INFO] [BandaiScraper] 图片下载成功，共下载 9 张
[2026-02-16 21:38:02] [INFO] [BandaiScraper] 产品详情已保存到: data/MG/01_6803_ＭＧ-1_100-Ｅｘ-Ｓガンダム_Ｓガンダム-(タスクフォースα-Ｖｅｒ.)/product_details.json
[2026-02-16 21:38:02] [INFO] [BandaiScraper] 详情页抓取完成，随机延时 1.89 秒...
[2026-02-16 21:37:05] [INFO] [BandaiScraper] 正在访问Premium Bandai产品详情页: https://p-bandai.jp/item/item-1000224327/
[2026-02-16 21:37:05] [INFO] [BandaiScraper] 爬不了一点，过 (PB页面策略)
[2026-02-16 21:37:05] [INFO] [BandaiScraper] 迁移文件夹: data/MG/ＭＧ-1_100-Ｆ８０-ガンレイド -> data/MG/1000224327_ＭＧ-1_100-Ｆ８０-ガンレイド
[2026-02-16 21:37:05] [INFO] [BandaiScraper] 产品详情已保存到: data/MG/1000224327_ＭＧ-1_100-Ｆ８０-ガンレイド/product_details.json
[2026-02-16 21:37:06] [INFO] [BandaiScraper] 正在访问产品详情页: https://bandai-hobby.net/item/01_5994/
[2026-02-16 21:38:07] [INFO] [BandaiScraper] 发现旧格式文件夹: data/MG/MG-1_100-ガンダムベース限定-ガンダムアストレイ-レッドフレーム-[リサーキュレーションカラー_ネオンピンク］，将迁移到新格式: data/MG/01_5994_MG-1_100-ガンダムベース限定-ガンダムアストレイ-レッドフレーム-[リサーキュレーションカラー_ネオンピンク］
[2026-02-16 21:38:07] [INFO] [BandaiScraper] 图片不完整 (现有:0, 需要:4)，需要下载
[2026-02-16 21:38:09] [INFO] [BandaiScraper] 图片下载成功，共下载 4 张
[2026-02-16 21:38:09] [INFO] [BandaiScraper] 产品详情已保存到: data/MG/01_5994_MG-1_100-ガンダムベース限定-ガンダムアストレイ-レッドフレーム-[リサーキュレーションカラー_ネオンピンク］/product_details.json
[2026-02-16 21:38:09] [INFO] [BandaiScraper] 详情页抓取完成，随机延时 3.40 秒...
[2026-02-16 21:38:12] [INFO] [BandaiScraper] 正在访问产品详情页: https://bandai-hobby.net/item/01_5469/
[2026-02-16 21:38:14] [INFO] [BandaiScraper] 发现旧格式文件夹: data/MG/MG-1_100-ガンダムヴィダール，将迁移到新格式: data/MG/01_5469_MG-1_100-ガンダムヴィダール
[2026-02-16 21:38:14] [INFO] [BandaiScraper] 图片不完整 (现有:0, 需要:7)，需要下载
[2026-02-16 21:38:17] [INFO] [BandaiScraper] 图片下载成功，共下载 7 张
[2026-02-16 21:38:17] [INFO] [BandaiScraper] 产品详情已保存到: data/MG/01_5469_MG-1_100-ガンダムヴィダール/product_details.json
[2026-02-16 21:38:17] [INFO] [BandaiScraper] 详情页抓取完成，随机延时 2.73 秒...
[2026-02-16 21:38:20] [INFO] [BandaiScraper] 正在访问产品详情页: https://bandai-hobby.net/item/01_6681/
[2026-02-16 21:38:22] [INFO] [BandaiScraper] 发现旧格式文件夹: data/MG/MG-1_100-ユニコーンガンダム-[リサーキュレーションカラー_クリアネオングリーン]，将迁移到新格式: data/MG/01_6681_MG-1_100-ユニコーンガンダム-[リサーキュレーションカラー_クリアネオングリーン]
[2026-02-16 21:38:22] [INFO] [BandaiScraper] 图片不完整 (现有:0, 需要:6)，需要下载
[2026-02-16 21:38:24] [INFO] [BandaiScraper] 图片下载成功，共下载 6 张
[2026-02-16 21:38:24] [INFO] [BandaiScraper] 产品详情已保存到: data/MG/01_6681_MG-1_100-ユニコーンガンダム-[リサーキュレーションカラー_クリアネオングリーン]/product_details.json
[2026-02-16 21:38:24] [INFO] [BandaiScraper] 详情页抓取完成，随机延时 1.87 秒...
[2026-02-16 21:38:26] [INFO] [BandaiScraper] 正在访问产品详情页: https://bandai-hobby.net/item/01_6680/
[2026-02-16 21:38:28] [INFO] [BandaiScraper] 发现旧格式文件夹: data/MG/MG-1_100-グフ-Ver.2.0-[クリアカラー]，将迁移到新格式: data/MG/01_6680_MG-1_100-グフ-Ver.2.0-[クリアカラー]
[2026-02-16 21:38:28] [INFO] [BandaiScraper] 图片不完整 (现有:0, 需要:3)，需要下载
[2026-02-16 21:38:30] [INFO] [BandaiScraper] 图片下载成功，共下载 3 张
[2026-02-16 21:38:30] [INFO] [BandaiScraper] 产品详情已保存到: data/MG/01_6680_MG-1_100-グフ-Ver.2.0-[クリアカラー]/product_details.json
[2026-02-16 21:38:30] [INFO] [BandaiScraper] 详情页抓取完成，随机延时 2.46 秒...
[2026-02-16 21:38:32] [INFO] [BandaiScraper] 正在访问产品详情页: https://bandai-hobby.net/item/01_6679/
[2026-02-16 21:38:34] [INFO] [BandaiScraper] 发现旧格式文件夹: data/MG/MG-1_100-ジャスティスガンダム-[CROSS-CONTRAST-COLORS-_-CLEAR-GREEN]，将迁移到新格式: data/MG/01_6679_MG-1_100-ジャスティスガンダム-[CROSS-CONTRAST-COLORS-_-CLEAR-GREEN]
[2026-02-16 21:38:34] [INFO] [BandaiScraper] 图片不完整 (现有:0, 需要:9)，需要下载
[2026-02-16 21:38:38] [INFO] [BandaiScraper] 图片下载成功，共下载 9 张
[2026-02-16 21:38:38] [INFO] [BandaiScraper] 产品详情已保存到: data/MG/01_6679_MG-1_100-ジャスティスガンダム-[CROSS-CONTRAST-COLORS-_-CLEAR-GREEN]/product_details.json
[2026-02-16 21:38:38] [INFO] [BandaiScraper] 详情页抓取完成，随机延时 3.06 秒...
[2026-02-16 21:38:41] [INFO] [BandaiScraper] 正在访问产品详情页: https://bandai-hobby.net/item/01_6678/
[2026-02-16 21:38:44] [INFO] [BandaiScraper] 发现旧格式文件夹: data/MG/MG-1_100-フリーダムガンダム-Ver.2.0-[CROSS-CONTRAST-COLORS-_-CLEAR-BLUE]，将迁移到新格式: data/MG/01_6678_MG-1_100-フリーダムガンダム-Ver.2.0-[CROSS-CONTRAST-COLORS-_-CLEAR-BLUE]
[2026-02-16 21:38:44] [INFO] [BandaiScraper] 图片不完整 (现有:0, 需要:8)，需要下载
[2026-02-16 21:38:47] [INFO] [BandaiScraper] 图片下载成功，共下载 8 张
[2026-02-16 21:38:47] [INFO] [BandaiScraper] 产品详情已保存到: data/MG/01_6678_MG-1_100-フリーダムガンダム-Ver.2.0-[CROSS-CONTRAST-COLORS-_-CLEAR-BLUE]/product_details.json
[2026-02-16 21:38:47] [INFO] [BandaiScraper] 详情页抓取完成，随机延时 1.52 秒...
[2026-02-16 21:38:48] [INFO] [BandaiScraper] 正在访问产品详情页: https://bandai-hobby.net/item/01_5593/
[2026-02-16 21:38:51] [INFO] [BandaiScraper] 发现旧格式文件夹: data/MG/MG-1_100-ガンダムMk-V-[クリアカラー]，将迁移到新格式: data/MG/01_5593_MG-1_100-ガンダムMk-V-[クリアカラー]
[2026-02-16 21:38:51] [INFO] [BandaiScraper] 图片不完整 (现有:0, 需要:3)，需要下载
[2026-02-16 21:38:51] [INFO] [BandaiScraper] 图片下载成功，共下载 3 张
[2026-02-16 21:38:51] [INFO] [BandaiScraper] 产品详情已保存到: data/MG/01_5593_MG-1_100-ガンダムMk-V-[クリアカラー]/product_details.json
[2026-02-16 21:38:51] [INFO] [BandaiScraper] 详情页抓取完成，随机延时 2.74 秒...
[2026-02-16 21:38:54] [INFO] [BandaiScraper] 正在访问Premium Bandai产品详情页: https://p-bandai.jp/item/item-1000216602/
[2026-02-16 21:38:54] [INFO] [BandaiScraper] 爬不了一点，过 (PB页面策略)
[2026-02-16 21:38:54] [INFO] [BandaiScraper] 迁移文件夹: data/MG/ＭＧ-1_100-ガンダムアストレア＋プロトＧＮツインブロードブレイド -> data/MG/1000216602_ＭＧ-1_100-ガンダムアストレア＋プロトＧＮツインブロードブレイド
[2026-02-16 21:38:54] [INFO] [BandaiScraper] 产品详情已保存到: data/MG/1000216602_ＭＧ-1_100-ガンダムアストレア＋プロトＧＮツインブロードブレイド/product_details.json
[2026-02-16 21:38:55] [INFO] [BandaiScraper] 正在访问产品详情页: https://bandai-hobby.net/item/01_5414/
[2026-02-16 21:38:57] [INFO] [BandaiScraper] 发现旧格式文件夹: data/MG/ＭＧ-1_100-量産型リコ専用ザク，将迁移到新格式: data/MG/01_5414_ＭＧ-1_100-量産型リコ専用ザク
[2026-02-16 21:38:57] [INFO] [BandaiScraper] 图片不完整 (现有:0, 需要:4)，需要下载
[2026-02-16 21:38:58] [INFO] [BandaiScraper] 图片下载成功，共下载 4 张
[2026-02-16 21:38:58] [INFO] [BandaiScraper] 产品详情已保存到: data/MG/01_5414_ＭＧ-1_100-量産型リコ専用ザク/product_details.json
[2026-02-16 21:38:58] [INFO] [BandaiScraper] 详情页抓取完成，随机延时 1.50 秒...
[2026-02-16 21:39:00] [INFO] [BandaiScraper] 正在访问产品详情页: https://bandai-hobby.net/item/01_5526/
[2026-02-16 21:39:02] [INFO] [BandaiScraper] 发现旧格式文件夹: data/MG/MG-1_100-ガンダムベース限定-ガンダムエクシア-[クリアカラー]，将迁移到新格式: data/MG/01_5526_MG-1_100-ガンダムベース限定-ガンダムエクシア-[クリアカラー]
[2026-02-16 21:39:02] [INFO] [BandaiScraper] 图片不完整 (现有:0, 需要:5)，需要下载
[2026-02-16 21:39:03] [INFO] [BandaiScraper] 图片下载成功，共下载 5 张
[2026-02-16 21:39:03] [INFO] [BandaiScraper] 产品详情已保存到: data/MG/01_5526_MG-1_100-ガンダムベース限定-ガンダムエクシア-[クリアカラー]/product_details.json
[2026-02-16 21:39:03] [INFO] [BandaiScraper] 详情页抓取完成，随机延时 2.59 秒...
[2026-02-16 21:39:06] [INFO] [BandaiScraper] 正在访问Premium Bandai产品详情页: https://p-bandai.jp/item/item-1000211614/
[2026-02-16 21:39:06] [INFO] [BandaiScraper] 爬不了一点，过 (PB页面策略)
[2026-02-16 21:39:06] [INFO] [BandaiScraper] 迁移文件夹: data/MG/ＭＧ-1_100-Ｆ９０IIIＹ-クラスターガンダム -> data/MG/1000211614_ＭＧ-1_100-Ｆ９０IIIＹ-クラスターガンダム
[2026-02-16 21:39:06] [INFO] [BandaiScraper] 产品详情已保存到: data/MG/1000211614_ＭＧ-1_100-Ｆ９０IIIＹ-クラスターガンダム/product_details.json
[2026-02-16 21:39:06] [INFO] [BandaiScraper] 正在访问产品详情页: https://bandai-hobby.net/item/01_5509/
[2026-02-16 21:39:09] [INFO] [BandaiScraper] 发现旧格式文件夹: data/MG/MG-1_100-ガンダムべース限定-RX-78-3-G-3ガンダム-Ver.3.0，将迁移到新格式: data/MG/01_5509_MG-1_100-ガンダムべース限定-RX-78-3-G-3ガンダム-Ver.3.0
[2026-02-16 21:39:09] [INFO] [BandaiScraper] 图片不完整 (现有:0, 需要:5)，需要下载
[2026-02-16 21:39:10] [INFO] [BandaiScraper] 图片下载成功，共下载 5 张
[2026-02-16 21:39:10] [INFO] [BandaiScraper] 产品详情已保存到: data/MG/01_5509_MG-1_100-ガンダムべース限定-RX-78-3-G-3ガンダム-Ver.3.0/product_details.json
[2026-02-16 21:39:10] [INFO] [BandaiScraper] 详情页抓取完成，随机延时 1.60 秒...
[2026-02-16 21:39:12] [INFO] [BandaiScraper] 正在访问Premium Bandai产品详情页: https://p-bandai.jp/item/item-1000208236/
[2026-02-16 21:39:12] [INFO] [BandaiScraper] 爬不了一点，过 (PB页面策略)
[2026-02-16 21:39:12] [INFO] [BandaiScraper] 迁移文件夹: data/MG/ＭＧ-1_100-ガンダムストームブリンガー-Ｐ.Ｆ -> data/MG/1000208236_ＭＧ-1_100-ガンダムストームブリンガー-Ｐ.Ｆ
[2026-02-16 21:39:12] [INFO] [BandaiScraper] 产品详情已保存到: data/MG/1000208236_ＭＧ-1_100-ガンダムストームブリンガー-Ｐ.Ｆ/product_details.json
[2026-02-16 21:39:13] [INFO] [BandaiScraper] 正在访问产品详情页: https://bandai-hobby.net/item/01_5421/
[2026-02-16 21:39:15] [INFO] [BandaiScraper] 发现旧格式文件夹: data/MG/MG-1_100-ガンダムベース限定-デスティニーガンダム-(ハイネ専用機)，将迁移到新格式: data/MG/01_5421_MG-1_100-ガンダムベース限定-デスティニーガンダム-(ハイネ専用機)
[2026-02-16 21:39:15] [INFO] [BandaiScraper] 图片不完整 (现有:0, 需要:6)，需要下载
[2026-02-16 21:39:16] [INFO] [BandaiScraper] 图片下载成功，共下载 6 张
[2026-02-16 21:39:16] [INFO] [BandaiScraper] 产品详情已保存到: data/MG/01_5421_MG-1_100-ガンダムベース限定-デスティニーガンダム-(ハイネ専用機)/product_details.json
[2026-02-16 21:39:16] [INFO] [BandaiScraper] 详情页抓取完成，随机延时 1.55 秒...
[2026-02-16 21:39:18] [INFO] [BandaiScraper] 正在访问Premium Bandai产品详情页: https://p-bandai.jp/item/item-1000203900/
[2026-02-16 21:39:18] [INFO] [BandaiScraper] 爬不了一点，过 (PB页面策略)
[2026-02-16 21:39:18] [INFO] [BandaiScraper] 迁移文件夹: data/MG/ＭＧ-1_100-ガンダムＦ９０-Ｎタイプ -> data/MG/1000203900_ＭＧ-1_100-ガンダムＦ９０-Ｎタイプ
[2026-02-16 21:39:18] [INFO] [BandaiScraper] 产品详情已保存到: data/MG/1000203900_ＭＧ-1_100-ガンダムＦ９０-Ｎタイプ/product_details.json
[2026-02-16 21:39:18] [INFO] [BandaiScraper] 正在访问产品详情页: https://bandai-hobby.net/item/01_5353/
[2026-02-16 21:39:21] [INFO] [BandaiScraper] 发现旧格式文件夹: data/MG/MG-1_100-武者ガンダムMk-II-徳川家康-南蛮胴具足Ver，将迁移到新格式: data/MG/01_5353_MG-1_100-武者ガンダムMk-II-徳川家康-南蛮胴具足Ver
[2026-02-16 21:39:21] [INFO] [BandaiScraper] 图片不完整 (现有:0, 需要:12)，需要下载
[2026-02-16 21:39:23] [INFO] [BandaiScraper] 图片下载成功，共下载 12 张
[2026-02-16 21:39:23] [INFO] [BandaiScraper] 产品详情已保存到: data/MG/01_5353_MG-1_100-武者ガンダムMk-II-徳川家康-南蛮胴具足Ver/product_details.json
[2026-02-16 21:39:23] [INFO] [BandaiScraper] 详情页抓取完成，随机延时 3.47 秒...
[2026-02-16 21:39:26] [INFO] [BandaiScraper] 正在访问Premium Bandai产品详情页: https://p-bandai.jp/item/item-1000219110/
[2026-02-16 21:39:26] [INFO] [BandaiScraper] 爬不了一点，过 (PB页面策略)
[2026-02-16 21:39:26] [INFO] [BandaiScraper] 迁移文件夹: data/MG/MG-1_100-リ・ガズィ-(逆襲のシャアVer.) -> data/MG/1000219110_MG-1_100-リ・ガズィ-(逆襲のシャアVer.)
[2026-02-16 21:39:26] [INFO] [BandaiScraper] 产品详情已保存到: data/MG/1000219110_MG-1_100-リ・ガズィ-(逆襲のシャアVer.)/product_details.json
[2026-02-16 21:39:27] [INFO] [BandaiScraper] 正在访问Premium Bandai产品详情页: https://p-bandai.jp/item/item-1000200169/
[2026-02-16 21:39:27] [INFO] [BandaiScraper] 爬不了一点，过 (PB页面策略)
[2026-02-16 21:39:27] [INFO] [BandaiScraper] 迁移文件夹: data/MG/ＭＧ-1_100-モビルジン(ミゲル・アイマン専用機) -> data/MG/1000200169_ＭＧ-1_100-モビルジン(ミゲル・アイマン専用機)
[2026-02-16 21:39:27] [INFO] [BandaiScraper] 产品详情已保存到: data/MG/1000200169_ＭＧ-1_100-モビルジン(ミゲル・アイマン専用機)/product_details.json
[2026-02-16 21:39:28] [INFO] [BandaiScraper] 正在访问产品详情页: https://bandai-hobby.net/item/01_6683/
[2026-02-16 21:39:30] [INFO] [BandaiScraper] 发现旧格式文件夹: data/MG/MG-1_100-ウイングガンダムゼロEW-[CROSS-CONTRAST-COLORS-_-CLEAR-PURPLE]，将迁移到新格式: data/MG/01_6683_MG-1_100-ウイングガンダムゼロEW-[CROSS-CONTRAST-COLORS-_-CLEAR-PURPLE]
[2026-02-16 21:39:31] [INFO] [BandaiScraper] 图片不完整 (现有:0, 需要:6)，需要下载
[2026-02-16 21:39:33] [INFO] [BandaiScraper] 图片下载成功，共下载 6 张
[2026-02-16 21:39:33] [INFO] [BandaiScraper] 产品详情已保存到: data/MG/01_6683_MG-1_100-ウイングガンダムゼロEW-[CROSS-CONTRAST-COLORS-_-CLEAR-PURPLE]/product_details.json
[2026-02-16 21:39:33] [INFO] [BandaiScraper] 详情页抓取完成，随机延时 2.35 秒...
[2026-02-16 21:39:35] [INFO] [BandaiScraper] 正在访问产品详情页: https://bandai-hobby.net/item/01_6682/
[2026-02-16 21:39:38] [INFO] [BandaiScraper] 发现旧格式文件夹: data/MG/MG-1_100-ガンダムエピオンEW-[CROSS-CONTRAST-COLORS-_-CLEAR-WHITE]，将迁移到新格式: data/MG/01_6682_MG-1_100-ガンダムエピオンEW-[CROSS-CONTRAST-COLORS-_-CLEAR-WHITE]
[2026-02-16 21:39:38] [INFO] [BandaiScraper] 图片不完整 (现有:0, 需要:8)，需要下载
[2026-02-16 21:39:41] [INFO] [BandaiScraper] 图片下载成功，共下载 8 张
[2026-02-16 21:39:41] [INFO] [BandaiScraper] 产品详情已保存到: data/MG/01_6682_MG-1_100-ガンダムエピオンEW-[CROSS-CONTRAST-COLORS-_-CLEAR-WHITE]/product_details.json
[2026-02-16 21:39:41] [INFO] [BandaiScraper] 详情页抓取完成，随机延时 2.24 秒...
[2026-02-16 21:39:43] [INFO] [BandaiScraper] 正在访问产品详情页: https://bandai-hobby.net/item/01_5221/
[2026-02-16 21:39:45] [INFO] [BandaiScraper] 发现旧格式文件夹: data/MG/MG-1_100-イージスガンダム-[クリアカラー]，将迁移到新格式: data/MG/01_5221_MG-1_100-イージスガンダム-[クリアカラー]
[2026-02-16 21:39:45] [INFO] [BandaiScraper] 图片不完整 (现有:0, 需要:3)，需要下载
[2026-02-16 21:39:46] [INFO] [BandaiScraper] 图片下载成功，共下载 3 张
[2026-02-16 21:39:46] [INFO] [BandaiScraper] 产品详情已保存到: data/MG/01_5221_MG-1_100-イージスガンダム-[クリアカラー]/product_details.json
[2026-02-16 21:39:46] [INFO] [BandaiScraper] 详情页抓取完成，随机延时 2.62 秒...
[2026-02-16 21:39:49] [INFO] [BandaiScraper] 正在访问Premium Bandai产品详情页: https://p-bandai.jp/item/item-1000223368/
[2026-02-16 21:39:49] [INFO] [BandaiScraper] 爬不了一点，过 (PB页面策略)
[2026-02-16 21:39:49] [INFO] [BandaiScraper] 迁移文件夹: data/MG/ＭＧ-1_100-ガンダムＦ９０用-ミッションパック-Ａタイプ&Ｌタイプ -> data/MG/1000223368_ＭＧ-1_100-ガンダムＦ９０用-ミッションパック-Ａタイプ&Ｌタイプ
[2026-02-16 21:39:49] [INFO] [BandaiScraper] 产品详情已保存到: data/MG/1000223368_ＭＧ-1_100-ガンダムＦ９０用-ミッションパック-Ａタイプ&Ｌタイプ/product_details.json
[2026-02-16 21:39:50] [INFO] [BandaiScraper] 正在访问Premium Bandai产品详情页: https://p-bandai.jp/item/item-1000194972/
[2026-02-16 21:39:50] [INFO] [BandaiScraper] 爬不了一点，过 (PB页面策略)
[2026-02-16 21:39:50] [INFO] [BandaiScraper] 迁移文件夹: data/MG/ＭＧ-1_100-ガンダムエピオン-EW-(シュトゥルム・ウント・ドラング装備) -> data/MG/1000194972_ＭＧ-1_100-ガンダムエピオン-EW-(シュトゥルム・ウント・ドラング装備)
[2026-02-16 21:39:50] [INFO] [BandaiScraper] 产品详情已保存到: data/MG/1000194972_ＭＧ-1_100-ガンダムエピオン-EW-(シュトゥルム・ウント・ドラング装備)/product_details.json
[2026-02-16 21:39:51] [INFO] [BandaiScraper] 正在访问产品详情页: https://bandai-hobby.net/item/01_5104/
[2026-02-16 21:39:54] [INFO] [BandaiScraper] 发现旧格式文件夹: data/MG/MG-1_100-ガンダムベース限定-ザクキャノン-(ZガンダムVer.)，将迁移到新格式: data/MG/01_5104_MG-1_100-ガンダムベース限定-ザクキャノン-(ZガンダムVer.)
[2026-02-16 21:39:54] [INFO] [BandaiScraper] 图片不完整 (现有:0, 需要:6)，需要下载
[2026-02-16 21:39:56] [INFO] [BandaiScraper] 图片下载成功，共下载 6 张
[2026-02-16 21:39:56] [INFO] [BandaiScraper] 产品详情已保存到: data/MG/01_5104_MG-1_100-ガンダムベース限定-ザクキャノン-(ZガンダムVer.)/product_details.json
[2026-02-16 21:39:56] [INFO] [BandaiScraper] 详情页抓取完成，随机延时 2.58 秒...
[2026-02-16 21:39:58] [INFO] [BandaiScraper] 正在访问Premium Bandai产品详情页: https://p-bandai.jp/item/item-1000223367/
[2026-02-16 21:39:58] [INFO] [BandaiScraper] 爬不了一点，过 (PB页面策略)
[2026-02-16 21:39:58] [INFO] [BandaiScraper] 迁移文件夹: data/MG/ＭＧ-1_100-ガンダムＦ９０用-ミッションパック-Ｊタイプ&Ｑタイプ -> data/MG/1000223367_ＭＧ-1_100-ガンダムＦ９０用-ミッションパック-Ｊタイプ&Ｑタイプ
[2026-02-16 21:39:58] [INFO] [BandaiScraper] 产品详情已保存到: data/MG/1000223367_ＭＧ-1_100-ガンダムＦ９０用-ミッションパック-Ｊタイプ&Ｑタイプ/product_details.json
[2026-02-16 21:40:00] [INFO] [BandaiScraper] 正在访问产品详情页: https://bandai-hobby.net/item/01_5102/
[2026-02-16 21:40:02] [INFO] [BandaiScraper] 发现旧格式文件夹: data/MG/MG-1_100-ガンダムベース限定-ガンダムナドレ，将迁移到新格式: data/MG/01_5102_MG-1_100-ガンダムベース限定-ガンダムナドレ
[2026-02-16 21:40:02] [INFO] [BandaiScraper] 图片不完整 (现有:0, 需要:6)，需要下载
[2026-02-16 21:40:04] [INFO] [BandaiScraper] 图片下载成功，共下载 6 张
[2026-02-16 21:40:04] [INFO] [BandaiScraper] 产品详情已保存到: data/MG/01_5102_MG-1_100-ガンダムベース限定-ガンダムナドレ/product_details.json
[2026-02-16 21:40:04] [INFO] [BandaiScraper] 详情页抓取完成，随机延时 2.61 秒...
[2026-02-16 21:40:07] [INFO] [BandaiScraper] 正在访问Premium Bandai产品详情页: https://p-bandai.jp/item/item-1000190858/
[2026-02-16 21:40:07] [INFO] [BandaiScraper] 爬不了一点，过 (PB页面策略)
[2026-02-16 21:40:07] [INFO] [BandaiScraper] 迁移文件夹: data/MG/ＭＧ-1_100-エクリプスガンダム２号機 -> data/MG/1000190858_ＭＧ-1_100-エクリプスガンダム２号機
[2026-02-16 21:40:07] [INFO] [BandaiScraper] 产品详情已保存到: data/MG/1000190858_ＭＧ-1_100-エクリプスガンダム２号機/product_details.json
[2026-02-16 21:40:08] [INFO] [BandaiScraper] 正在访问产品详情页: https://bandai-hobby.net/item/01_4987/
[2026-02-16 21:40:11] [INFO] [BandaiScraper] 发现旧格式文件夹: data/MG/ＭＧ-1_100-ケンプファー・シュヴェーア，将迁移到新格式: data/MG/01_4987_ＭＧ-1_100-ケンプファー・シュヴェーア
[2026-02-16 21:40:11] [INFO] [BandaiScraper] 图片不完整 (现有:0, 需要:10)，需要下载
[2026-02-16 21:40:14] [INFO] [BandaiScraper] 图片下载成功，共下载 10 张
[2026-02-16 21:40:14] [INFO] [BandaiScraper] 产品详情已保存到: data/MG/01_4987_ＭＧ-1_100-ケンプファー・シュヴェーア/product_details.json
[2026-02-16 21:40:14] [INFO] [BandaiScraper] 详情页抓取完成，随机延时 2.81 秒...
[2026-02-16 21:40:17] [INFO] [BandaiScraper] 正在访问Premium Bandai产品详情页: https://p-bandai.jp/item/item-1000187840/
[2026-02-16 21:40:17] [INFO] [BandaiScraper] 爬不了一点，过 (PB页面策略)
[2026-02-16 21:40:17] [INFO] [BandaiScraper] 迁移文件夹: data/MG/ＭＧ-1_100-ジョニー・ライデン専用ゲルググ -> data/MG/1000187840_ＭＧ-1_100-ジョニー・ライデン専用ゲルググ
[2026-02-16 21:40:17] [INFO] [BandaiScraper] 产品详情已保存到: data/MG/1000187840_ＭＧ-1_100-ジョニー・ライデン専用ゲルググ/product_details.json
[2026-02-16 21:40:18] [INFO] [BandaiScraper] 正在访问Premium Bandai产品详情页: https://p-bandai.jp/item/item-1000214719/
[2026-02-16 21:40:18] [INFO] [BandaiScraper] 爬不了一点，过 (PB页面策略)
[2026-02-16 21:40:18] [INFO] [BandaiScraper] 迁移文件夹: data/MG/ＭＧ-1_100-ガンダムＦ９０用-ミッションパック-Ｐタイプ -> data/MG/1000214719_ＭＧ-1_100-ガンダムＦ９０用-ミッションパック-Ｐタイプ
[2026-02-16 21:40:18] [INFO] [BandaiScraper] 产品详情已保存到: data/MG/1000214719_ＭＧ-1_100-ガンダムＦ９０用-ミッションパック-Ｐタイプ/product_details.json
[2026-02-16 21:40:20] [INFO] [BandaiScraper] 正在访问产品详情页: https://bandai-hobby.net/item/01_4977/
[2026-02-16 21:40:22] [INFO] [BandaiScraper] 发现旧格式文件夹: data/MG/MG-1_100-ガンダムベース限定-ドム[クリアカラー]，将迁移到新格式: data/MG/01_4977_MG-1_100-ガンダムベース限定-ドム[クリアカラー]
[2026-02-16 21:40:22] [INFO] [BandaiScraper] 图片不完整 (现有:0, 需要:5)，需要下载
[2026-02-16 21:40:23] [INFO] [BandaiScraper] 图片下载成功，共下载 5 张
[2026-02-16 21:40:23] [INFO] [BandaiScraper] 产品详情已保存到: data/MG/01_4977_MG-1_100-ガンダムベース限定-ドム[クリアカラー]/product_details.json
[2026-02-16 21:40:23] [INFO] [BandaiScraper] 详情页抓取完成，随机延时 3.30 秒...
[2026-02-16 21:40:27] [INFO] [BandaiScraper] 正在访问Premium Bandai产品详情页: https://p-bandai.jp/item/item-1000183861/
[2026-02-16 21:40:27] [INFO] [BandaiScraper] 爬不了一点，过 (PB页面策略)
[2026-02-16 21:40:27] [INFO] [BandaiScraper] 迁移文件夹: data/MG/ＭＧ-1_100-ガンダムアストレイ-アウトフレームＤ -> data/MG/1000183861_ＭＧ-1_100-ガンダムアストレイ-アウトフレームＤ
[2026-02-16 21:40:27] [INFO] [BandaiScraper] 产品详情已保存到: data/MG/1000183861_ＭＧ-1_100-ガンダムアストレイ-アウトフレームＤ/product_details.json
[2026-02-16 21:40:28] [INFO] [BandaiScraper] 正在访问Premium Bandai产品详情页: https://p-bandai.jp/item/item-1000183862/
[2026-02-16 21:40:28] [INFO] [BandaiScraper] 爬不了一点，过 (PB页面策略)
[2026-02-16 21:40:28] [INFO] [BandaiScraper] 迁移文件夹: data/MG/ＭＧ-1_100-ガナーウィザード／スラッシュウィザード／ブレイズウィザードセット -> data/MG/1000183862_ＭＧ-1_100-ガナーウィザード／スラッシュウィザード／ブレイズウィザードセット
[2026-02-16 21:40:28] [INFO] [BandaiScraper] 产品详情已保存到: data/MG/1000183862_ＭＧ-1_100-ガナーウィザード／スラッシュウィザード／ブレイズウィザードセット/product_details.json
[2026-02-16 21:40:28] [INFO] [BandaiScraper] 正在访问Premium Bandai产品详情页: https://p-bandai.jp/item/item-1000183366/
[2026-02-16 21:40:28] [INFO] [BandaiScraper] 爬不了一点，过 (PB页面策略)
[2026-02-16 21:40:28] [INFO] [BandaiScraper] 迁移文件夹: data/MG/ＭＧ-1_100-スタークジェガン -> data/MG/1000183366_ＭＧ-1_100-スタークジェガン
[2026-02-16 21:40:28] [INFO] [BandaiScraper] 产品详情已保存到: data/MG/1000183366_ＭＧ-1_100-スタークジェガン/product_details.json
[2026-02-16 21:40:30] [INFO] [BandaiScraper] 正在访问Premium Bandai产品详情页: https://p-bandai.jp/item/item-1000223366/
[2026-02-16 21:40:30] [INFO] [BandaiScraper] 爬不了一点，过 (PB页面策略)
[2026-02-16 21:40:30] [INFO] [BandaiScraper] 迁移文件夹: data/MG/ＭＧ-1_100-ガンダムＦ９０用-ミッションパック-Ｃタイプ&Ｔタイプ -> data/MG/1000223366_ＭＧ-1_100-ガンダムＦ９０用-ミッションパック-Ｃタイプ&Ｔタイプ
[2026-02-16 21:40:30] [INFO] [BandaiScraper] 产品详情已保存到: data/MG/1000223366_ＭＧ-1_100-ガンダムＦ９０用-ミッションパック-Ｃタイプ&Ｔタイプ/product_details.json
[2026-02-16 21:40:31] [INFO] [BandaiScraper] 正在访问Premium Bandai产品详情页: https://p-bandai.jp/item/item-1000224957/
[2026-02-16 21:40:31] [INFO] [BandaiScraper] 爬不了一点，过 (PB页面策略)
[2026-02-16 21:40:31] [INFO] [BandaiScraper] 迁移文件夹: data/MG/ＭＧ-1_100-ガンダムＦ９０用-ミッションパック-専用ハンガー-2個セット -> data/MG/1000224957_ＭＧ-1_100-ガンダムＦ９０用-ミッションパック-専用ハンガー-2個セット
[2026-02-16 21:40:31] [INFO] [BandaiScraper] 产品详情已保存到: data/MG/1000224957_ＭＧ-1_100-ガンダムＦ９０用-ミッションパック-専用ハンガー-2個セット/product_details.json
[2026-02-16 21:40:31] [INFO] [BandaiScraper] 正在访问产品详情页: https://bandai-hobby.net/item/01_4422/
[2026-02-16 21:40:34] [INFO] [BandaiScraper] 发现旧格式文件夹: data/MG/MG-1_100-ガンダムベース限定-ガンダムキュリオス[クリアカラー］，将迁移到新格式: data/MG/01_4422_MG-1_100-ガンダムベース限定-ガンダムキュリオス[クリアカラー］
[2026-02-16 21:40:34] [INFO] [BandaiScraper] 图片不完整 (现有:0, 需要:8)，需要下载
[2026-02-16 21:40:35] [INFO] [BandaiScraper] 图片下载成功，共下载 8 张
[2026-02-16 21:40:35] [INFO] [BandaiScraper] 产品详情已保存到: data/MG/01_4422_MG-1_100-ガンダムベース限定-ガンダムキュリオス[クリアカラー］/product_details.json
[2026-02-16 21:40:35] [INFO] [BandaiScraper] 详情页抓取完成，随机延时 1.67 秒...
[2026-02-16 21:40:36] [INFO] [BandaiScraper] 正在访问Premium Bandai产品详情页: https://p-bandai.jp/item/item-1000181354/
[2026-02-16 21:40:36] [INFO] [BandaiScraper] 爬不了一点，过 (PB页面策略)
[2026-02-16 21:40:36] [INFO] [BandaiScraper] 迁移文件夹: data/MG/ＭＧ-1_100-ガンダムＡＧＥ－１-フルグランサ-[デザイナーズカラーＶｅｒ．] -> data/MG/1000181354_ＭＧ-1_100-ガンダムＡＧＥ－１-フルグランサ-[デザイナーズカラーＶｅｒ．]
[2026-02-16 21:40:36] [INFO] [BandaiScraper] 产品详情已保存到: data/MG/1000181354_ＭＧ-1_100-ガンダムＡＧＥ－１-フルグランサ-[デザイナーズカラーＶｅｒ．]/product_details.json
[2026-02-16 21:40:38] [INFO] [BandaiScraper] 正在访问产品详情页: https://bandai-hobby.net/item/01_4213/
[2026-02-16 21:40:40] [INFO] [BandaiScraper] 发现旧格式文件夹: data/MG/MG-1_100-ガンダムベース限定-ガンダムF90[クリアカラー］，将迁移到新格式: data/MG/01_4213_MG-1_100-ガンダムベース限定-ガンダムF90[クリアカラー］
[2026-02-16 21:40:40] [INFO] [BandaiScraper] 图片不完整 (现有:0, 需要:5)，需要下载
[2026-02-16 21:40:41] [INFO] [BandaiScraper] 图片下载成功，共下载 5 张
[2026-02-16 21:40:41] [INFO] [BandaiScraper] 产品详情已保存到: data/MG/01_4213_MG-1_100-ガンダムベース限定-ガンダムF90[クリアカラー］/product_details.json
[2026-02-16 21:40:41] [INFO] [BandaiScraper] 详情页抓取完成，随机延时 2.90 秒...
[2026-02-16 21:39:45] [INFO] [BandaiScraper] 正在访问产品详情页: https://bandai-hobby.net/item/01_4242/
[2026-02-16 21:40:47] [INFO] [BandaiScraper] 发现旧格式文件夹: data/MG/MG-1_100-ガンダムエクシア-[リサーキュレーションカラー_ネオンパープル]，将迁移到新格式: data/MG/01_4242_MG-1_100-ガンダムエクシア-[リサーキュレーションカラー_ネオンパープル]
[2026-02-16 21:40:47] [INFO] [BandaiScraper] 图片不完整 (现有:0, 需要:4)，需要下载
[2026-02-16 21:40:49] [INFO] [BandaiScraper] 图片下载成功，共下载 4 张
[2026-02-16 21:40:49] [INFO] [BandaiScraper] 产品详情已保存到: data/MG/01_4242_MG-1_100-ガンダムエクシア-[リサーキュレーションカラー_ネオンパープル]/product_details.json
[2026-02-16 21:40:49] [INFO] [BandaiScraper] 详情页抓取完成，随机延时 2.65 秒...
[2026-02-16 21:40:51] [INFO] [BandaiScraper] 正在访问产品详情页: https://bandai-hobby.net/item/01_4196/
[2026-02-16 21:40:54] [INFO] [BandaiScraper] 发现旧格式文件夹: data/MG/MG-1_100-ガンダムベース限定-ガンダムAGE-1-ウェアシステムセット[クリアカラー]，将迁移到新格式: data/MG/01_4196_MG-1_100-ガンダムベース限定-ガンダムAGE-1-ウェアシステムセット[クリアカラー]
[2026-02-16 21:40:54] [INFO] [BandaiScraper] 图片不完整 (现有:0, 需要:10)，需要下载
[2026-02-16 21:40:57] [INFO] [BandaiScraper] 图片下载成功，共下载 10 张
[2026-02-16 21:40:57] [INFO] [BandaiScraper] 产品详情已保存到: data/MG/01_4196_MG-1_100-ガンダムベース限定-ガンダムAGE-1-ウェアシステムセット[クリアカラー]/product_details.json
[2026-02-16 21:40:57] [INFO] [BandaiScraper] 详情页抓取完成，随机延时 1.53 秒...
[2026-02-16 21:40:58] [INFO] [BandaiScraper] 正在访问产品详情页: https://bandai-hobby.net/item/01_4195/
[2026-02-16 21:41:01] [INFO] [BandaiScraper] 发现旧格式文件夹: data/MG/MG-1_100-ガンダムベース限定-エクリプスガンダム[クリアカラー]，将迁移到新格式: data/MG/01_4195_MG-1_100-ガンダムベース限定-エクリプスガンダム[クリアカラー]
[2026-02-16 21:41:01] [INFO] [BandaiScraper] 图片不完整 (现有:0, 需要:7)，需要下载
[2026-02-16 21:41:03] [INFO] [BandaiScraper] 图片下载成功，共下载 7 张
[2026-02-16 21:41:03] [INFO] [BandaiScraper] 产品详情已保存到: data/MG/01_4195_MG-1_100-ガンダムベース限定-エクリプスガンダム[クリアカラー]/product_details.json
[2026-02-16 21:41:03] [INFO] [BandaiScraper] 详情页抓取完成，随机延时 3.03 秒...
[2026-02-16 21:41:06] [INFO] [BandaiScraper] 正在访问Premium Bandai产品详情页: https://p-bandai.jp/item/item-1000223365/
[2026-02-16 21:41:06] [INFO] [BandaiScraper] 爬不了一点，过 (PB页面策略)
[2026-02-16 21:41:06] [INFO] [BandaiScraper] 迁移文件夹: data/MG/ＭＧ-1_100-ガンダムＦ９０（火星独立ジオン軍仕様） -> data/MG/1000223365_ＭＧ-1_100-ガンダムＦ９０（火星独立ジオン軍仕様）
[2026-02-16 21:41:06] [INFO] [BandaiScraper] 产品详情已保存到: data/MG/1000223365_ＭＧ-1_100-ガンダムＦ９０（火星独立ジオン軍仕様）/product_details.json
[2026-02-16 21:41:07] [INFO] [BandaiScraper] 正在访问Premium Bandai产品详情页: https://p-bandai.jp/item/item-1000167358/
[2026-02-16 21:41:07] [INFO] [BandaiScraper] 爬不了一点，过 (PB页面策略)
[2026-02-16 21:41:07] [INFO] [BandaiScraper] 迁移文件夹: data/MG/ＭＧ-1_100-ガンダムアストレア-TYPE-F（フルウェポンセット） -> data/MG/1000167358_ＭＧ-1_100-ガンダムアストレア-TYPE-F（フルウェポンセット）
[2026-02-16 21:41:07] [INFO] [BandaiScraper] 产品详情已保存到: data/MG/1000167358_ＭＧ-1_100-ガンダムアストレア-TYPE-F（フルウェポンセット）/product_details.json
[2026-02-16 21:41:08] [INFO] [BandaiScraper] 正在访问Premium Bandai产品详情页: https://p-bandai.jp/item/item-1000167359/
[2026-02-16 21:41:08] [INFO] [BandaiScraper] 爬不了一点，过 (PB页面策略)
[2026-02-16 21:41:08] [INFO] [BandaiScraper] 迁移文件夹: data/MG/MG-1_100-ガンダムアストレア-TYPE-F用-アヴァランチダッシュユニット -> data/MG/1000167359_MG-1_100-ガンダムアストレア-TYPE-F用-アヴァランチダッシュユニット
[2026-02-16 21:41:08] [INFO] [BandaiScraper] 产品详情已保存到: data/MG/1000167359_MG-1_100-ガンダムアストレア-TYPE-F用-アヴァランチダッシュユニット/product_details.json
[2026-02-16 21:41:09] [INFO] [BandaiScraper] 正在访问产品详情页: https://bandai-hobby.net/item/01_3772/
[2026-02-16 21:41:12] [INFO] [BandaiScraper] 发现旧格式文件夹: data/MG/MG-1_100-リック・ドム，将迁移到新格式: data/MG/01_3772_MG-1_100-リック・ドム
[2026-02-16 21:41:12] [INFO] [BandaiScraper] 图片不完整 (现有:0, 需要:9)，需要下载
[2026-02-16 21:41:13] [INFO] [BandaiScraper] 图片下载成功，共下载 9 张
[2026-02-16 21:41:13] [INFO] [BandaiScraper] 产品详情已保存到: data/MG/01_3772_MG-1_100-リック・ドム/product_details.json
[2026-02-16 21:41:13] [INFO] [BandaiScraper] 详情页抓取完成，随机延时 2.07 秒...
[2026-02-16 21:41:15] [INFO] [BandaiScraper] 正在访问产品详情页: https://bandai-hobby.net/item/01_4127/
[2026-02-16 21:41:18] [INFO] [BandaiScraper] 发现旧格式文件夹: data/MG/MG-1_100-ガンダムベース限定-ガンダムアストレイレッドフレーム-フライトユニット-メッキフレーム_カラークリア，将迁移到新格式: data/MG/01_4127_MG-1_100-ガンダムベース限定-ガンダムアストレイレッドフレーム-フライトユニット-メッキフレーム_カラークリア
[2026-02-16 21:41:18] [INFO] [BandaiScraper] 图片不完整 (现有:0, 需要:7)，需要下载
[2026-02-16 21:41:20] [INFO] [BandaiScraper] 图片下载成功，共下载 7 张
[2026-02-16 21:41:20] [INFO] [BandaiScraper] 产品详情已保存到: data/MG/01_4127_MG-1_100-ガンダムベース限定-ガンダムアストレイレッドフレーム-フライトユニット-メッキフレーム_カラークリア/product_details.json
[2026-02-16 21:41:20] [INFO] [BandaiScraper] 详情页抓取完成，随机延时 3.26 秒...
[2026-02-16 21:41:23] [INFO] [BandaiScraper] 正在访问产品详情页: https://bandai-hobby.net/item/01_3754/
[2026-02-16 21:41:25] [INFO] [BandaiScraper] 发现旧格式文件夹: data/MG/MG-1_100-ドム，将迁移到新格式: data/MG/01_3754_MG-1_100-ドム
[2026-02-16 21:41:25] [INFO] [BandaiScraper] 图片不完整 (现有:0, 需要:8)，需要下载
[2026-02-16 21:41:27] [INFO] [BandaiScraper] 图片下载成功，共下载 8 张
[2026-02-16 21:41:28] [INFO] [BandaiScraper] 产品详情已保存到: data/MG/01_3754_MG-1_100-ドム/product_details.json
[2026-02-16 21:41:28] [INFO] [BandaiScraper] 详情页抓取完成，随机延时 3.34 秒...
[2026-02-16 21:41:31] [INFO] [BandaiScraper] 正在访问Premium Bandai产品详情页: https://p-bandai.jp/item/item-1000163466/
[2026-02-16 21:41:31] [INFO] [BandaiScraper] 爬不了一点，过 (PB页面策略)
[2026-02-16 21:41:31] [INFO] [BandaiScraper] 迁移文件夹: data/MG/ＭＧ-1_100-真武者頑駄無-戦国の陣-黒衣大鎧 -> data/MG/1000163466_ＭＧ-1_100-真武者頑駄無-戦国の陣-黒衣大鎧
[2026-02-16 21:41:31] [INFO] [BandaiScraper] 产品详情已保存到: data/MG/1000163466_ＭＧ-1_100-真武者頑駄無-戦国の陣-黒衣大鎧/product_details.json
[2026-02-16 21:41:32] [INFO] [BandaiScraper] 正在访问产品详情页: https://bandai-hobby.net/item/01_4067/
[2026-02-16 21:41:34] [INFO] [BandaiScraper] 发现旧格式文件夹: data/MG/MG-1_100-エールストライクガンダム-Ver.RM-[リサーキュレーションカラー_ネオンピンク]，将迁移到新格式: data/MG/01_4067_MG-1_100-エールストライクガンダム-Ver.RM-[リサーキュレーションカラー_ネオンピンク]
[2026-02-16 21:41:34] [INFO] [BandaiScraper] 图片不完整 (现有:0, 需要:7)，需要下载
[2026-02-16 21:41:38] [INFO] [BandaiScraper] 图片下载成功，共下载 7 张
[2026-02-16 21:41:38] [INFO] [BandaiScraper] 产品详情已保存到: data/MG/01_4067_MG-1_100-エールストライクガンダム-Ver.RM-[リサーキュレーションカラー_ネオンピンク]/product_details.json
[2026-02-16 21:41:38] [INFO] [BandaiScraper] 详情页抓取完成，随机延时 1.70 秒...
[2026-02-16 21:41:40] [INFO] [BandaiScraper] 正在访问产品详情页: https://bandai-hobby.net/item/01_4066/
[2026-02-16 21:41:43] [INFO] [BandaiScraper] 发现旧格式文件夹: data/MG/MG-1_100-RX-78-2-ガンダム-Ver.3.0-[リサーキュレーションカラー_ネオングリーン]，将迁移到新格式: data/MG/01_4066_MG-1_100-RX-78-2-ガンダム-Ver.3.0-[リサーキュレーションカラー_ネオングリーン]
[2026-02-16 21:41:43] [INFO] [BandaiScraper] 图片不完整 (现有:0, 需要:8)，需要下载
[2026-02-16 21:41:47] [INFO] [BandaiScraper] 图片下载成功，共下载 8 张
[2026-02-16 21:41:47] [INFO] [BandaiScraper] 产品详情已保存到: data/MG/01_4066_MG-1_100-RX-78-2-ガンダム-Ver.3.0-[リサーキュレーションカラー_ネオングリーン]/product_details.json
[2026-02-16 21:41:47] [INFO] [BandaiScraper] 详情页抓取完成，随机延时 3.13 秒...
[2026-02-16 21:41:50] [INFO] [BandaiScraper] 正在访问产品详情页: https://bandai-hobby.net/item/01_3656/
[2026-02-16 21:41:53] [INFO] [BandaiScraper] 发现旧格式文件夹: data/MG/MG-1_100-ガンダムヴァーチェ，将迁移到新格式: data/MG/01_3656_MG-1_100-ガンダムヴァーチェ
[2026-02-16 21:41:53] [INFO] [BandaiScraper] 图片不完整 (现有:0, 需要:12)，需要下载
[2026-02-16 21:41:55] [INFO] [BandaiScraper] 图片下载成功，共下载 12 张
[2026-02-16 21:41:55] [INFO] [BandaiScraper] 产品详情已保存到: data/MG/01_3656_MG-1_100-ガンダムヴァーチェ/product_details.json
[2026-02-16 21:41:55] [INFO] [BandaiScraper] 详情页抓取完成，随机延时 2.83 秒...
[2026-02-16 21:41:58] [INFO] [BandaiScraper] 正在访问产品详情页: https://bandai-hobby.net/item/01_3842/
[2026-02-16 21:42:00] [INFO] [BandaiScraper] 发现旧格式文件夹: data/MG/MG-1_100-ガンダムバルバトス[アイアンブラッドコーティング]，将迁移到新格式: data/MG/01_3842_MG-1_100-ガンダムバルバトス[アイアンブラッドコーティング]
[2026-02-16 21:42:00] [INFO] [BandaiScraper] 图片不完整 (现有:0, 需要:3)，需要下载
[2026-02-16 21:42:01] [INFO] [BandaiScraper] 图片下载成功，共下载 3 张
[2026-02-16 21:42:01] [INFO] [BandaiScraper] 产品详情已保存到: data/MG/01_3842_MG-1_100-ガンダムバルバトス[アイアンブラッドコーティング]/product_details.json
[2026-02-16 21:42:01] [INFO] [BandaiScraper] 详情页抓取完成，随机延时 2.28 秒...
[2026-02-16 21:42:03] [INFO] [BandaiScraper] 正在访问Premium Bandai产品详情页: https://p-bandai.jp/item/item-1000161413/
[2026-02-16 21:42:03] [INFO] [BandaiScraper] 爬不了一点，过 (PB页面策略)
[2026-02-16 21:42:03] [INFO] [BandaiScraper] 迁移文件夹: data/MG/ＭＧ-1_100-エクリプスガンダム用-マニューバストライカーパック -> data/MG/1000161413_ＭＧ-1_100-エクリプスガンダム用-マニューバストライカーパック
[2026-02-16 21:42:03] [INFO] [BandaiScraper] 产品详情已保存到: data/MG/1000161413_ＭＧ-1_100-エクリプスガンダム用-マニューバストライカーパック/product_details.json
[2026-02-16 21:42:04] [INFO] [BandaiScraper] 正在访问产品详情页: https://bandai-hobby.net/item/01_3694/
[2026-02-16 21:42:07] [INFO] [BandaiScraper] 发现旧格式文件夹: data/MG/ＭＧ-1_100-トールギスＦ-ＥＷ，将迁移到新格式: data/MG/01_3694_ＭＧ-1_100-トールギスＦ-ＥＷ
[2026-02-16 21:42:08] [INFO] [BandaiScraper] 图片不完整 (现有:0, 需要:10)，需要下载
[2026-02-16 21:42:09] [INFO] [BandaiScraper] 图片下载成功，共下载 10 张
[2026-02-16 21:42:09] [INFO] [BandaiScraper] 产品详情已保存到: data/MG/01_3694_ＭＧ-1_100-トールギスＦ-ＥＷ/product_details.json
[2026-02-16 21:42:09] [INFO] [BandaiScraper] 详情页抓取完成，随机延时 1.73 秒...
[2026-02-16 21:42:11] [INFO] [BandaiScraper] 正在访问Premium Bandai产品详情页: https://p-bandai.jp/item/item-1000158721/
[2026-02-16 21:42:11] [INFO] [BandaiScraper] 爬不了一点，过 (PB页面策略)
[2026-02-16 21:42:11] [INFO] [BandaiScraper] 迁移文件夹: data/MG/ＭＧ-1_100-ガンダムＦ９０用-ミッションパック-Ｗタイプ -> data/MG/1000158721_ＭＧ-1_100-ガンダムＦ９０用-ミッションパック-Ｗタイプ
[2026-02-16 21:42:11] [INFO] [BandaiScraper] 产品详情已保存到: data/MG/1000158721_ＭＧ-1_100-ガンダムＦ９０用-ミッションパック-Ｗタイプ/product_details.json
[2026-02-16 21:42:12] [INFO] [BandaiScraper] 正在访问产品详情页: https://bandai-hobby.net/item/01_3712/
[2026-02-16 21:42:14] [INFO] [BandaiScraper] 发现旧格式文件夹: data/MG/MG-1_100-ガナーザクウォーリア(ルナマリア・ホーク専用機)[クリアカラー]，将迁移到新格式: data/MG/01_3712_MG-1_100-ガナーザクウォーリア(ルナマリア・ホーク専用機)[クリアカラー]
[2026-02-16 21:42:14] [INFO] [BandaiScraper] 图片不完整 (现有:0, 需要:3)，需要下载
[2026-02-16 21:42:15] [INFO] [BandaiScraper] 图片下载成功，共下载 3 张
[2026-02-16 21:42:15] [INFO] [BandaiScraper] 产品详情已保存到: data/MG/01_3712_MG-1_100-ガナーザクウォーリア(ルナマリア・ホーク専用機)[クリアカラー]/product_details.json
[2026-02-16 21:42:15] [INFO] [BandaiScraper] 详情页抓取完成，随机延时 2.44 秒...
[2026-02-16 21:42:17] [INFO] [BandaiScraper] 正在访问产品详情页: https://bandai-hobby.net/item/01_3523/
[2026-02-16 21:42:20] [INFO] [BandaiScraper] 发现旧格式文件夹: data/MG/MG-1_100-エクリプスガンダム，将迁移到新格式: data/MG/01_3523_MG-1_100-エクリプスガンダム
[2026-02-16 21:42:20] [INFO] [BandaiScraper] 图片不完整 (现有:0, 需要:11)，需要下载
[2026-02-16 21:42:23] [INFO] [BandaiScraper] 图片下载成功，共下载 11 张
[2026-02-16 21:42:23] [INFO] [BandaiScraper] 产品详情已保存到: data/MG/01_3523_MG-1_100-エクリプスガンダム/product_details.json
[2026-02-16 21:42:23] [INFO] [BandaiScraper] 详情页抓取完成，随机延时 2.84 秒...
[2026-02-16 21:42:26] [INFO] [BandaiScraper] 正在访问产品详情页: https://bandai-hobby.net/item/01_3709/
[2026-02-16 21:42:28] [INFO] [BandaiScraper] 发现旧格式文件夹: data/MG/MG-1_100-ガンダムベース限定-RX-78-2-ガンダム-Ver.3.0[チタニウムフィニッシュ]，将迁移到新格式: data/MG/01_3709_MG-1_100-ガンダムベース限定-RX-78-2-ガンダム-Ver.3.0[チタニウムフィニッシュ]
[2026-02-16 21:42:28] [INFO] [BandaiScraper] 图片不完整 (现有:0, 需要:4)，需要下载
[2026-02-16 21:42:29] [INFO] [BandaiScraper] 图片下载成功，共下载 4 张
[2026-02-16 21:42:29] [INFO] [BandaiScraper] 产品详情已保存到: data/MG/01_3709_MG-1_100-ガンダムベース限定-RX-78-2-ガンダム-Ver.3.0[チタニウムフィニッシュ]/product_details.json
[2026-02-16 21:42:29] [INFO] [BandaiScraper] 详情页抓取完成，随机延时 2.62 秒...
[2026-02-16 21:42:31] [INFO] [BandaiScraper] 正在访问Premium Bandai产品详情页: https://p-bandai.jp/item/item-1000155997/
[2026-02-16 21:42:31] [INFO] [BandaiScraper] 爬不了一点，过 (PB页面策略)
[2026-02-16 21:42:31] [INFO] [BandaiScraper] 迁移文件夹: data/MG/ＭＧ-1_100-ライトニングストライクガンダム-Ｖｅｒ．ＲＭ -> data/MG/1000155997_ＭＧ-1_100-ライトニングストライクガンダム-Ｖｅｒ．ＲＭ
[2026-02-16 21:42:31] [INFO] [BandaiScraper] 产品详情已保存到: data/MG/1000155997_ＭＧ-1_100-ライトニングストライクガンダム-Ｖｅｒ．ＲＭ/product_details.json
[2026-02-16 21:42:32] [INFO] [BandaiScraper] 正在访问Premium Bandai产品详情页: https://p-bandai.jp/item/item-1000155998/
[2026-02-16 21:42:32] [INFO] [BandaiScraper] 爬不了一点，过 (PB页面策略)
[2026-02-16 21:42:32] [INFO] [BandaiScraper] 迁移文件夹: data/MG/ＭＧ-1_100-エールストライクガンダム-Ｖｅｒ．ＲＭ用-ライトニングストライカーパック -> data/MG/1000155998_ＭＧ-1_100-エールストライクガンダム-Ｖｅｒ．ＲＭ用-ライトニングストライカーパック
[2026-02-16 21:42:32] [INFO] [BandaiScraper] 产品详情已保存到: data/MG/1000155998_ＭＧ-1_100-エールストライクガンダム-Ｖｅｒ．ＲＭ用-ライトニングストライカーパック/product_details.json
[2026-02-16 21:42:33] [INFO] [BandaiScraper] 正在访问产品详情页: https://bandai-hobby.net/item/01_3485/
[2026-02-16 21:42:36] [INFO] [BandaiScraper] 发现旧格式文件夹: data/MG/ＭＧ-1_100-ガンダムＦ９１-Ｖｅｒ．２．０［チタニウムフィニッシュ］，将迁移到新格式: data/MG/01_3485_ＭＧ-1_100-ガンダムＦ９１-Ｖｅｒ．２．０［チタニウムフィニッシュ］
[2026-02-16 21:42:37] [INFO] [BandaiScraper] 图片不完整 (现有:0, 需要:10)，需要下载
[2026-02-16 21:42:39] [INFO] [BandaiScraper] 图片下载成功，共下载 10 张
[2026-02-16 21:42:39] [INFO] [BandaiScraper] 产品详情已保存到: data/MG/01_3485_ＭＧ-1_100-ガンダムＦ９１-Ｖｅｒ．２．０［チタニウムフィニッシュ］/product_details.json
[2026-02-16 21:42:39] [INFO] [BandaiScraper] 详情页抓取完成，随机延时 2.02 秒...
[2026-02-16 21:42:41] [INFO] [BandaiScraper] 正在访问Premium Bandai产品详情页: https://p-bandai.jp/item/item-1000155898/
[2026-02-16 21:42:41] [INFO] [BandaiScraper] 爬不了一点，过 (PB页面策略)
[2026-02-16 21:42:41] [INFO] [BandaiScraper] 迁移文件夹: data/MG/ＭＧ-1_100-ガンダムＦ９０用-ミッションパック-Ｒタイプ＆Ｖタイプ -> data/MG/1000155898_ＭＧ-1_100-ガンダムＦ９０用-ミッションパック-Ｒタイプ＆Ｖタイプ
[2026-02-16 21:42:41] [INFO] [BandaiScraper] 产品详情已保存到: data/MG/1000155898_ＭＧ-1_100-ガンダムＦ９０用-ミッションパック-Ｒタイプ＆Ｖタイプ/product_details.json
[2026-02-16 21:42:42] [INFO] [BandaiScraper] 正在访问Premium Bandai产品详情页: https://p-bandai.jp/item/item-1000155441/
[2026-02-16 21:42:42] [INFO] [BandaiScraper] 爬不了一点，过 (PB页面策略)
[2026-02-16 21:42:42] [INFO] [BandaiScraper] 迁移文件夹: data/MG/ＭＧ-1_100-ブレイズザクファントム（レイ・ザ・バレル専用機） -> data/MG/1000155441_ＭＧ-1_100-ブレイズザクファントム（レイ・ザ・バレル専用機）
[2026-02-16 21:42:42] [INFO] [BandaiScraper] 产品详情已保存到: data/MG/1000155441_ＭＧ-1_100-ブレイズザクファントム（レイ・ザ・バレル専用機）/product_details.json
[2026-02-16 21:42:43] [INFO] [BandaiScraper] 正在访问Premium Bandai产品详情页: https://p-bandai.jp/item/item-1000155442/
[2026-02-16 21:42:43] [INFO] [BandaiScraper] 爬不了一点，过 (PB页面策略)
[2026-02-16 21:42:43] [INFO] [BandaiScraper] 迁移文件夹: data/MG/ＭＧ-1_100-ガンダムエクシア-リペアＩＩＩ -> data/MG/1000155442_ＭＧ-1_100-ガンダムエクシア-リペアＩＩＩ
[2026-02-16 21:42:43] [INFO] [BandaiScraper] 产品详情已保存到: data/MG/1000155442_ＭＧ-1_100-ガンダムエクシア-リペアＩＩＩ/product_details.json
[2026-02-16 21:42:44] [INFO] [BandaiScraper] 正在访问产品详情页: https://bandai-hobby.net/item/01_3461/
[2026-02-16 21:42:47] [INFO] [BandaiScraper] 发现旧格式文件夹: data/MG/MG-1_100-ダブルオーザンライザー[クリアカラー]，将迁移到新格式: data/MG/01_3461_MG-1_100-ダブルオーザンライザー[クリアカラー]
[2026-02-16 21:42:47] [INFO] [BandaiScraper] 图片不完整 (现有:0, 需要:9)，需要下载
[2026-02-16 21:42:49] [INFO] [BandaiScraper] 图片下载成功，共下载 9 张
[2026-02-16 21:42:49] [INFO] [BandaiScraper] 产品详情已保存到: data/MG/01_3461_MG-1_100-ダブルオーザンライザー[クリアカラー]/product_details.json
[2026-02-16 21:42:49] [INFO] [BandaiScraper] 详情页抓取完成，随机延时 2.04 秒...
[2026-02-16 21:42:52] [INFO] [BandaiScraper] 正在访问Premium Bandai产品详情页: https://p-bandai.jp/item/item-1000154822/
[2026-02-16 21:42:52] [INFO] [BandaiScraper] 爬不了一点，过 (PB页面策略)
[2026-02-16 21:42:52] [INFO] [BandaiScraper] 迁移文件夹: data/MG/ＭＧ-1_100-新機動戦記ガンダムＷ-ＥＷシリーズ用拡張パーツセット（敗者たちの栄光仕様） -> data/MG/1000154822_ＭＧ-1_100-新機動戦記ガンダムＷ-ＥＷシリーズ用拡張パーツセット（敗者たちの栄光仕様）
[2026-02-16 21:42:52] [INFO] [BandaiScraper] 产品详情已保存到: data/MG/1000154822_ＭＧ-1_100-新機動戦記ガンダムＷ-ＥＷシリーズ用拡張パーツセット（敗者たちの栄光仕様）/product_details.json
[2026-02-16 21:42:53] [INFO] [BandaiScraper] 正在访问产品详情页: https://bandai-hobby.net/item/01_3389/
[2026-02-16 21:42:56] [INFO] [BandaiScraper] 发现旧格式文件夹: data/MG/MG-1_100-モビルジン，将迁移到新格式: data/MG/01_3389_MG-1_100-モビルジン
[2026-02-16 21:42:56] [INFO] [BandaiScraper] 图片不完整 (现有:0, 需要:12)，需要下载
[2026-02-16 21:42:57] [INFO] [BandaiScraper] 图片下载成功，共下载 12 张
[2026-02-16 21:42:57] [INFO] [BandaiScraper] 产品详情已保存到: data/MG/01_3389_MG-1_100-モビルジン/product_details.json
[2026-02-16 21:42:57] [INFO] [BandaiScraper] 详情页抓取完成，随机延时 2.83 秒...
[2026-02-16 21:43:00] [INFO] [BandaiScraper] 正在访问产品详情页: https://bandai-hobby.net/item/01_3488/
[2026-02-16 21:43:03] [INFO] [BandaiScraper] 发现旧格式文件夹: data/MG/MG-1_100-ガンダムベース限定-フリーダムガンダム-Ver.2.0[シルバーコーティング]，将迁移到新格式: data/MG/01_3488_MG-1_100-ガンダムベース限定-フリーダムガンダム-Ver.2.0[シルバーコーティング]
[2026-02-16 21:43:03] [INFO] [BandaiScraper] 图片不完整 (现有:0, 需要:6)，需要下载
[2026-02-16 21:43:04] [INFO] [BandaiScraper] 图片下载成功，共下载 6 张
[2026-02-16 21:43:04] [INFO] [BandaiScraper] 产品详情已保存到: data/MG/01_3488_MG-1_100-ガンダムベース限定-フリーダムガンダム-Ver.2.0[シルバーコーティング]/product_details.json
[2026-02-16 21:43:04] [INFO] [BandaiScraper] 详情页抓取完成，随机延时 1.62 秒...
[2026-02-16 21:43:05] [INFO] [BandaiScraper] 正在访问产品详情页: https://bandai-hobby.net/item/01_3408/
[2026-02-16 21:43:08] [INFO] [BandaiScraper] 发现旧格式文件夹: data/MG/ＭＧ-1_100-ガンダムＭｋ-Ｖ，将迁移到新格式: data/MG/01_3408_ＭＧ-1_100-ガンダムＭｋ-Ｖ
[2026-02-16 21:43:08] [INFO] [BandaiScraper] 图片不完整 (现有:0, 需要:10)，需要下载
[2026-02-16 21:43:09] [INFO] [BandaiScraper] 图片下载成功，共下载 10 张
[2026-02-16 21:43:09] [INFO] [BandaiScraper] 产品详情已保存到: data/MG/01_3408_ＭＧ-1_100-ガンダムＭｋ-Ｖ/product_details.json
[2026-02-16 21:43:09] [INFO] [BandaiScraper] 详情页抓取完成，随机延时 2.41 秒...
[2026-02-16 21:43:12] [INFO] [BandaiScraper] 正在访问产品详情页: https://bandai-hobby.net/item/01_3454/
[2026-02-16 21:43:15] [INFO] [BandaiScraper] 发现旧格式文件夹: data/MG/MG-1_100-ガンダムベース限定-ザクウォーリア(ライブコンサート-Ver.)，将迁移到新格式: data/MG/01_3454_MG-1_100-ガンダムベース限定-ザクウォーリア(ライブコンサート-Ver.)
[2026-02-16 21:43:15] [INFO] [BandaiScraper] 图片不完整 (现有:0, 需要:8)，需要下载
[2026-02-16 21:43:16] [INFO] [BandaiScraper] 图片下载成功，共下载 8 张
[2026-02-16 21:43:16] [INFO] [BandaiScraper] 产品详情已保存到: data/MG/01_3454_MG-1_100-ガンダムベース限定-ザクウォーリア(ライブコンサート-Ver.)/product_details.json
[2026-02-16 21:43:16] [INFO] [BandaiScraper] 详情页抓取完成，随机延时 2.24 秒...
[2026-02-16 21:43:18] [INFO] [BandaiScraper] 正在访问产品详情页: https://bandai-hobby.net/item/01_3458/
[2026-02-16 21:42:21] [INFO] [BandaiScraper] 发现旧格式文件夹: data/MG/MG-1_100-ガンダムバルバトス[チタニウムフィニッシュ］，将迁移到新格式: data/MG/01_3458_MG-1_100-ガンダムバルバトス[チタニウムフィニッシュ］
[2026-02-16 21:42:21] [INFO] [BandaiScraper] 图片不完整 (现有:0, 需要:3)，需要下载
[2026-02-16 21:42:22] [INFO] [BandaiScraper] 图片下载成功，共下载 3 张
[2026-02-16 21:42:22] [INFO] [BandaiScraper] 产品详情已保存到: data/MG/01_3458_MG-1_100-ガンダムバルバトス[チタニウムフィニッシュ］/product_details.json
[2026-02-16 21:42:22] [INFO] [BandaiScraper] 详情页抓取完成，随机延时 1.67 秒...
[2026-02-16 21:43:23] [INFO] [BandaiScraper] 正在访问Premium Bandai产品详情页: https://p-bandai.jp/item/item-1000152314/
[2026-02-16 21:43:23] [INFO] [BandaiScraper] 爬不了一点，过 (PB页面策略)
[2026-02-16 21:43:23] [INFO] [BandaiScraper] 迁移文件夹: data/MG/ＭＧ-1_100-ガンダムＦ９０用-ミッションパック-Ｉタイプ（木星決戦仕様） -> data/MG/1000152314_ＭＧ-1_100-ガンダムＦ９０用-ミッションパック-Ｉタイプ（木星決戦仕様）
[2026-02-16 21:43:23] [INFO] [BandaiScraper] 产品详情已保存到: data/MG/1000152314_ＭＧ-1_100-ガンダムＦ９０用-ミッションパック-Ｉタイプ（木星決戦仕様）/product_details.json
[2026-02-16 21:43:24] [INFO] [BandaiScraper] 正在访问Premium Bandai产品详情页: https://p-bandai.jp/item/item-1000223364/
[2026-02-16 21:43:24] [INFO] [BandaiScraper] 爬不了一点，过 (PB页面策略)
[2026-02-16 21:43:24] [INFO] [BandaiScraper] 迁移文件夹: data/MG/ＭＧ-1_100-ガンダムＦ９０-２号機 -> data/MG/1000223364_ＭＧ-1_100-ガンダムＦ９０-２号機
[2026-02-16 21:43:24] [INFO] [BandaiScraper] 产品详情已保存到: data/MG/1000223364_ＭＧ-1_100-ガンダムＦ９０-２号機/product_details.json
[2026-02-16 21:43:25] [INFO] [BandaiScraper] 正在访问Premium Bandai产品详情页: https://p-bandai.jp/item/item-1000150723/
[2026-02-16 21:43:25] [INFO] [BandaiScraper] 爬不了一点，过 (PB页面策略)
[2026-02-16 21:43:25] [INFO] [BandaiScraper] 迁移文件夹: data/MG/ＭＧ-1_100-百式ライズカイン -> data/MG/1000150723_ＭＧ-1_100-百式ライズカイン
[2026-02-16 21:43:25] [INFO] [BandaiScraper] 产品详情已保存到: data/MG/1000150723_ＭＧ-1_100-百式ライズカイン/product_details.json
[2026-02-16 21:43:26] [INFO] [BandaiScraper] 正在访问产品详情页: https://bandai-hobby.net/item/01_3410/
[2026-02-16 21:43:28] [INFO] [BandaiScraper] 发现旧格式文件夹: data/MG/MG-1_100-ガンダムデスサイズヘル-EW[スペシャルコーティング]，将迁移到新格式: data/MG/01_3410_MG-1_100-ガンダムデスサイズヘル-EW[スペシャルコーティング]
[2026-02-16 21:43:28] [INFO] [BandaiScraper] 图片不完整 (现有:0, 需要:3)，需要下载
[2026-02-16 21:43:29] [INFO] [BandaiScraper] 图片下载成功，共下载 3 张
[2026-02-16 21:43:29] [INFO] [BandaiScraper] 产品详情已保存到: data/MG/01_3410_MG-1_100-ガンダムデスサイズヘル-EW[スペシャルコーティング]/product_details.json
[2026-02-16 21:43:29] [INFO] [BandaiScraper] 详情页抓取完成，随机延时 3.33 秒...
[2026-02-16 21:43:33] [INFO] [BandaiScraper] 正在访问Premium Bandai产品详情页: https://p-bandai.jp/item/item-1000171722/
[2026-02-16 21:43:33] [INFO] [BandaiScraper] 爬不了一点，过 (PB页面策略)
[2026-02-16 21:43:33] [INFO] [BandaiScraper] 迁移文件夹: data/MG/MG-1_100-ガンダムベース限定-ガンダムエピオン-EW[スペシャルコーティング] -> data/MG/1000171722_MG-1_100-ガンダムベース限定-ガンダムエピオン-EW[スペシャルコーティング]
[2026-02-16 21:43:33] [INFO] [BandaiScraper] 产品详情已保存到: data/MG/1000171722_MG-1_100-ガンダムベース限定-ガンダムエピオン-EW[スペシャルコーティング]/product_details.json
[2026-02-16 21:43:34] [INFO] [BandaiScraper] 正在访问产品详情页: https://bandai-hobby.net/item/01_3365/
[2026-02-16 21:43:36] [INFO] [BandaiScraper] 发现旧格式文件夹: data/MG/MG-1_100-ガンダムベース限定-RX-78-2ガンダム(パーフェクトガンダムVer.)[アニメカラー]，将迁移到新格式: data/MG/01_3365_MG-1_100-ガンダムベース限定-RX-78-2ガンダム(パーフェクトガンダムVer.)[アニメカラー]
[2026-02-16 21:43:36] [INFO] [BandaiScraper] 图片不完整 (现有:0, 需要:4)，需要下载
[2026-02-16 21:43:37] [INFO] [BandaiScraper] 图片下载成功，共下载 4 张
[2026-02-16 21:43:37] [INFO] [BandaiScraper] 产品详情已保存到: data/MG/01_3365_MG-1_100-ガンダムベース限定-RX-78-2ガンダム(パーフェクトガンダムVer.)[アニメカラー]/product_details.json
[2026-02-16 21:43:37] [INFO] [BandaiScraper] 详情页抓取完成，随机延时 2.67 秒...
[2026-02-16 21:43:40] [INFO] [BandaiScraper] 正在访问Premium Bandai产品详情页: https://p-bandai.jp/item/item-1000149236/
[2026-02-16 21:43:40] [INFO] [BandaiScraper] 爬不了一点，过 (PB页面策略)
[2026-02-16 21:43:40] [INFO] [BandaiScraper] 迁移文件夹: data/MG/ＭＧ-1_100-ガンダムＦ９０用-ミッションパック-Ｄタイプ＆Ｇタイプ -> data/MG/1000149236_ＭＧ-1_100-ガンダムＦ９０用-ミッションパック-Ｄタイプ＆Ｇタイプ
[2026-02-16 21:43:40] [INFO] [BandaiScraper] 产品详情已保存到: data/MG/1000149236_ＭＧ-1_100-ガンダムＦ９０用-ミッションパック-Ｄタイプ＆Ｇタイプ/product_details.json
[2026-02-16 21:43:41] [INFO] [BandaiScraper] 正在访问Premium Bandai产品详情页: https://p-bandai.jp/item/item-1000148959/
[2026-02-16 21:43:41] [INFO] [BandaiScraper] 爬不了一点，过 (PB页面策略)
[2026-02-16 21:43:41] [INFO] [BandaiScraper] 迁移文件夹: data/MG/ＭＧ-1_100-緊急脱出ポッド［プリムローズ］拡張セット -> data/MG/1000148959_ＭＧ-1_100-緊急脱出ポッド［プリムローズ］拡張セット
[2026-02-16 21:43:41] [INFO] [BandaiScraper] 产品详情已保存到: data/MG/1000148959_ＭＧ-1_100-緊急脱出ポッド［プリムローズ］拡張セット/product_details.json
[2026-02-16 21:43:42] [INFO] [BandaiScraper] 正在访问Premium Bandai产品详情页: https://p-bandai.jp/item/item-1000148952/
[2026-02-16 21:43:42] [INFO] [BandaiScraper] 爬不了一点，过 (PB页面策略)
[2026-02-16 21:43:42] [INFO] [BandaiScraper] 迁移文件夹: data/MG/ＭＧ-1_100-ガンダムＴＲ-１［ヘイズル・アウスラ］ -> data/MG/1000148952_ＭＧ-1_100-ガンダムＴＲ-１［ヘイズル・アウスラ］
[2026-02-16 21:43:43] [INFO] [BandaiScraper] 产品详情已保存到: data/MG/1000148952_ＭＧ-1_100-ガンダムＴＲ-１［ヘイズル・アウスラ］/product_details.json
[2026-02-16 21:43:43] [INFO] [BandaiScraper] 正在访问Premium Bandai产品详情页: https://p-bandai.jp/item/item-1000148704/
[2026-02-16 21:43:43] [INFO] [BandaiScraper] 爬不了一点，过 (PB页面策略)
[2026-02-16 21:43:43] [INFO] [BandaiScraper] 迁移文件夹: data/MG/ＭＧ-1_100-ブレイズザクファントム／ブレイズザクウォーリア -> data/MG/1000148704_ＭＧ-1_100-ブレイズザクファントム／ブレイズザクウォーリア
[2026-02-16 21:43:43] [INFO] [BandaiScraper] 产品详情已保存到: data/MG/1000148704_ＭＧ-1_100-ブレイズザクファントム／ブレイズザクウォーリア/product_details.json
[2026-02-16 21:43:44] [INFO] [BandaiScraper] 正在访问产品详情页: https://bandai-hobby.net/item/01_3078/
[2026-02-16 21:43:47] [INFO] [BandaiScraper] 发现旧格式文件夹: data/MG/ＭＧ-1_100-ガンダムストームブリンガー-Ｆ.Ａ.（フェイタル・アッシュ）／ジム・タービュレンス，将迁移到新格式: data/MG/01_3078_ＭＧ-1_100-ガンダムストームブリンガー-Ｆ.Ａ.（フェイタル・アッシュ）／ジム・タービュレンス
[2026-02-16 21:43:47] [INFO] [BandaiScraper] 图片不完整 (现有:0, 需要:10)，需要下载
[2026-02-16 21:43:49] [INFO] [BandaiScraper] 图片下载成功，共下载 10 张
[2026-02-16 21:43:49] [INFO] [BandaiScraper] 产品详情已保存到: data/MG/01_3078_ＭＧ-1_100-ガンダムストームブリンガー-Ｆ.Ａ.（フェイタル・アッシュ）／ジム・タービュレンス/product_details.json
[2026-02-16 21:43:49] [INFO] [BandaiScraper] 详情页抓取完成，随机延时 1.63 秒...
[2026-02-16 21:43:50] [INFO] [BandaiScraper] 正在访问Premium Bandai产品详情页: https://p-bandai.jp/item/item-1000146847/
[2026-02-16 21:43:50] [INFO] [BandaiScraper] 爬不了一点，过 (PB页面策略)
[2026-02-16 21:43:50] [INFO] [BandaiScraper] 迁移文件夹: data/MG/ＭＧ-1_100-テスタメントガンダム -> data/MG/1000146847_ＭＧ-1_100-テスタメントガンダム
[2026-02-16 21:43:50] [INFO] [BandaiScraper] 产品详情已保存到: data/MG/1000146847_ＭＧ-1_100-テスタメントガンダム/product_details.json
[2026-02-16 21:43:52] [INFO] [BandaiScraper] 正在访问Premium Bandai产品详情页: https://p-bandai.jp/item/item-1000146930/
[2026-02-16 21:43:52] [INFO] [BandaiScraper] 爬不了一点，过 (PB页面策略)
[2026-02-16 21:43:52] [INFO] [BandaiScraper] 迁移文件夹: data/MG/ＭＧ-1_100-エールストライクガンダム-Ver.ＲＭ用-ランチャーストライカー_ソードストライカーパック -> data/MG/1000146930_ＭＧ-1_100-エールストライクガンダム-Ver.ＲＭ用-ランチャーストライカー_ソードストライカーパック
[2026-02-16 21:43:52] [INFO] [BandaiScraper] 产品详情已保存到: data/MG/1000146930_ＭＧ-1_100-エールストライクガンダム-Ver.ＲＭ用-ランチャーストライカー_ソードストライカーパック/product_details.json
[2026-02-16 21:43:53] [INFO] [BandaiScraper] 正在访问Premium Bandai产品详情页: https://p-bandai.jp/item/item-1000147489/
[2026-02-16 21:43:53] [INFO] [BandaiScraper] 爬不了一点，过 (PB页面策略)
[2026-02-16 21:43:53] [INFO] [BandaiScraper] 迁移文件夹: data/MG/ＭＧ-1_100-ガンダムサンドロックＥＷ（アーマディロ装備） -> data/MG/1000147489_ＭＧ-1_100-ガンダムサンドロックＥＷ（アーマディロ装備）
[2026-02-16 21:43:53] [INFO] [BandaiScraper] 产品详情已保存到: data/MG/1000147489_ＭＧ-1_100-ガンダムサンドロックＥＷ（アーマディロ装備）/product_details.json
[2026-02-16 21:43:54] [INFO] [BandaiScraper] 正在访问Premium Bandai产品详情页: https://p-bandai.jp/item/item-1000146674/
[2026-02-16 21:43:54] [INFO] [BandaiScraper] 爬不了一点，过 (PB页面策略)
[2026-02-16 21:43:54] [INFO] [BandaiScraper] 迁移文件夹: data/MG/ＭＧ-1_100-ガンダムバルバトス用-拡張パーツセット -> data/MG/1000146674_ＭＧ-1_100-ガンダムバルバトス用-拡張パーツセット
[2026-02-16 21:43:54] [INFO] [BandaiScraper] 产品详情已保存到: data/MG/1000146674_ＭＧ-1_100-ガンダムバルバトス用-拡張パーツセット/product_details.json
[2026-02-16 21:43:55] [INFO] [BandaiScraper] 正在访问Premium Bandai产品详情页: https://p-bandai.jp/item/item-1000224952/
[2026-02-16 21:43:55] [INFO] [BandaiScraper] 爬不了一点，过 (PB页面策略)
[2026-02-16 21:43:55] [INFO] [BandaiScraper] 迁移文件夹: data/MG/ＭＧ-1_100-ガンダムＦ９０用-ミッションパック-Ｏタイプ＆Ｕタイプ -> data/MG/1000224952_ＭＧ-1_100-ガンダムＦ９０用-ミッションパック-Ｏタイプ＆Ｕタイプ
[2026-02-16 21:43:55] [INFO] [BandaiScraper] 产品详情已保存到: data/MG/1000224952_ＭＧ-1_100-ガンダムＦ９０用-ミッションパック-Ｏタイプ＆Ｕタイプ/product_details.json
[2026-02-16 21:43:56] [INFO] [BandaiScraper] 正在访问Premium Bandai产品详情页: https://p-bandai.jp/item/item-1000145352/
[2026-02-16 21:43:56] [INFO] [BandaiScraper] 爬不了一点，过 (PB页面策略)
[2026-02-16 21:43:56] [INFO] [BandaiScraper] 迁移文件夹: data/MG/ＭＧ-1_100-RMS-179-ジムII（エゥーゴカラーＶｅｒ．） -> data/MG/1000145352_ＭＧ-1_100-RMS-179-ジムII（エゥーゴカラーＶｅｒ．）
[2026-02-16 21:43:56] [INFO] [BandaiScraper] 产品详情已保存到: data/MG/1000145352_ＭＧ-1_100-RMS-179-ジムII（エゥーゴカラーＶｅｒ．）/product_details.json
[2026-02-16 21:43:57] [INFO] [BandaiScraper] 正在访问Premium Bandai产品详情页: https://p-bandai.jp/item/item-1000145835/
[2026-02-16 21:43:57] [INFO] [BandaiScraper] 爬不了一点，过 (PB页面策略)
[2026-02-16 21:43:57] [INFO] [BandaiScraper] 迁移文件夹: data/MG/ＭＧ-1_100-キュベレイ・アンベリール -> data/MG/1000145835_ＭＧ-1_100-キュベレイ・アンベリール
[2026-02-16 21:43:57] [INFO] [BandaiScraper] 产品详情已保存到: data/MG/1000145835_ＭＧ-1_100-キュベレイ・アンベリール/product_details.json
[2026-02-16 21:43:59] [INFO] [BandaiScraper] 正在访问Premium Bandai产品详情页: https://p-bandai.jp/item/item-1000145097/
[2026-02-16 21:43:59] [INFO] [BandaiScraper] 爬不了一点，过 (PB页面策略)
[2026-02-16 21:43:59] [INFO] [BandaiScraper] 迁移文件夹: data/MG/ＭＧ-1_100-ガンダムアストレイレッドフレーム用-フライトユニット拡張セット -> data/MG/1000145097_ＭＧ-1_100-ガンダムアストレイレッドフレーム用-フライトユニット拡張セット
[2026-02-16 21:43:59] [INFO] [BandaiScraper] 产品详情已保存到: data/MG/1000145097_ＭＧ-1_100-ガンダムアストレイレッドフレーム用-フライトユニット拡張セット/product_details.json
[2026-02-16 21:44:00] [INFO] [BandaiScraper] 正在访问Premium Bandai产品详情页: https://p-bandai.jp/item/item-1000145096/
[2026-02-16 21:44:00] [INFO] [BandaiScraper] 爬不了一点，过 (PB页面策略)
[2026-02-16 21:44:00] [INFO] [BandaiScraper] 迁移文件夹: data/MG/ＭＧ-1_100-ガンダムアストレイレッドフレーム-フライトユニット -> data/MG/1000145096_ＭＧ-1_100-ガンダムアストレイレッドフレーム-フライトユニット
[2026-02-16 21:44:00] [INFO] [BandaiScraper] 产品详情已保存到: data/MG/1000145096_ＭＧ-1_100-ガンダムアストレイレッドフレーム-フライトユニット/product_details.json
[2026-02-16 21:44:01] [INFO] [BandaiScraper] 正在访问Premium Bandai产品详情页: https://p-bandai.jp/item/item-1000223363/
[2026-02-16 21:44:01] [INFO] [BandaiScraper] 爬不了一点，过 (PB页面策略)
[2026-02-16 21:44:01] [INFO] [BandaiScraper] 迁移文件夹: data/MG/ＭＧ-1_100-ガンダムＦ９０II-Ｉタイプ -> data/MG/1000223363_ＭＧ-1_100-ガンダムＦ９０II-Ｉタイプ
[2026-02-16 21:44:01] [INFO] [BandaiScraper] 产品详情已保存到: data/MG/1000223363_ＭＧ-1_100-ガンダムＦ９０II-Ｉタイプ/product_details.json
[2026-02-16 21:44:02] [INFO] [BandaiScraper] 正在访问产品详情页: https://bandai-hobby.net/item/01_2991/
[2026-02-16 21:44:04] [INFO] [BandaiScraper] 发现旧格式文件夹: data/MG/MG-1_100-ガンダムベース限定-カタパルトベース，将迁移到新格式: data/MG/01_2991_MG-1_100-ガンダムベース限定-カタパルトベース
[2026-02-16 21:44:04] [INFO] [BandaiScraper] 图片不完整 (现有:0, 需要:5)，需要下载
[2026-02-16 21:44:06] [INFO] [BandaiScraper] 图片下载成功，共下载 5 张
[2026-02-16 21:44:06] [INFO] [BandaiScraper] 产品详情已保存到: data/MG/01_2991_MG-1_100-ガンダムベース限定-カタパルトベース/product_details.json
[2026-02-16 21:44:06] [INFO] [BandaiScraper] 详情页抓取完成，随机延时 1.68 秒...
[2026-02-16 21:44:08] [INFO] [BandaiScraper] 正在访问产品详情页: https://bandai-hobby.net/item/01_2990/
[2026-02-16 21:44:10] [INFO] [BandaiScraper] 发现旧格式文件夹: data/MG/MG-1_100-ガンダムベース限定-ガンダムバルバトス[クリアカラー]，将迁移到新格式: data/MG/01_2990_MG-1_100-ガンダムベース限定-ガンダムバルバトス[クリアカラー]
[2026-02-16 21:44:10] [INFO] [BandaiScraper] 图片不完整 (现有:0, 需要:7)，需要下载
[2026-02-16 21:44:11] [INFO] [BandaiScraper] 图片下载成功，共下载 7 张
[2026-02-16 21:44:11] [INFO] [BandaiScraper] 产品详情已保存到: data/MG/01_2990_MG-1_100-ガンダムベース限定-ガンダムバルバトス[クリアカラー]/product_details.json
[2026-02-16 21:44:11] [INFO] [BandaiScraper] 详情页抓取完成，随机延时 2.81 秒...
[2026-02-16 21:44:14] [INFO] [BandaiScraper] 正在访问Premium Bandai产品详情页: https://p-bandai.jp/item/item-1000143254/
[2026-02-16 21:44:14] [INFO] [BandaiScraper] 爬不了一点，过 (PB页面策略)
[2026-02-16 21:44:14] [INFO] [BandaiScraper] 迁移文件夹: data/MG/ＭＧ-1_100-RGM-89D-ジェガン-Ｄ型（先行配備機） -> data/MG/1000143254_ＭＧ-1_100-RGM-89D-ジェガン-Ｄ型（先行配備機）
[2026-02-16 21:44:14] [INFO] [BandaiScraper] 产品详情已保存到: data/MG/1000143254_ＭＧ-1_100-RGM-89D-ジェガン-Ｄ型（先行配備機）/product_details.json
[2026-02-16 21:44:15] [INFO] [BandaiScraper] 正在访问产品详情页: https://bandai-hobby.net/item/01_2835/
[2026-02-16 21:44:16] [INFO] [BandaiScraper] 发现旧格式文件夹: data/MG/MG-1_100-ガンダムベース限定-V2アサルトバスターガンダムVer.Ka-[チタニウムフィニッシュ]，将迁移到新格式: data/MG/01_2835_MG-1_100-ガンダムベース限定-V2アサルトバスターガンダムVer.Ka-[チタニウムフィニッシュ]
[2026-02-16 21:44:16] [INFO] [BandaiScraper] 图片不完整 (现有:0, 需要:4)，需要下载
[2026-02-16 21:44:17] [INFO] [BandaiScraper] 图片下载成功，共下载 4 张
[2026-02-16 21:44:17] [INFO] [BandaiScraper] 产品详情已保存到: data/MG/01_2835_MG-1_100-ガンダムベース限定-V2アサルトバスターガンダムVer.Ka-[チタニウムフィニッシュ]/product_details.json
[2026-02-16 21:44:17] [INFO] [BandaiScraper] 详情页抓取完成，随机延时 2.70 秒...
[2026-02-16 21:44:20] [INFO] [BandaiScraper] 正在访问产品详情页: https://bandai-hobby.net/item/01_2785/
[2026-02-16 21:44:22] [INFO] [BandaiScraper] 发现旧格式文件夹: data/MG/MG-1_100-ガンダムキュリオス，将迁移到新格式: data/MG/01_2785_MG-1_100-ガンダムキュリオス
[2026-02-16 21:44:22] [INFO] [BandaiScraper] 图片不完整 (现有:0, 需要:11)，需要下载
[2026-02-16 21:44:25] [INFO] [BandaiScraper] 图片下载成功，共下载 11 张
[2026-02-16 21:44:25] [INFO] [BandaiScraper] 产品详情已保存到: data/MG/01_2785_MG-1_100-ガンダムキュリオス/product_details.json
[2026-02-16 21:44:25] [INFO] [BandaiScraper] 详情页抓取完成，随机延时 2.57 秒...
[2026-02-16 21:44:28] [INFO] [BandaiScraper] 正在访问Premium Bandai产品详情页: https://p-bandai.jp/item/item-1000164559
[2026-02-16 21:44:28] [INFO] [BandaiScraper] 爬不了一点，过 (PB页面策略)
[2026-02-16 21:44:28] [INFO] [BandaiScraper] 迁移文件夹: data/MG/ＭＧ-1_100-ガンダムデスサイズ-ＥＷ（ルーセット装備） -> data/MG/1000164559_ＭＧ-1_100-ガンダムデスサイズ-ＥＷ（ルーセット装備）
[2026-02-16 21:44:28] [INFO] [BandaiScraper] 产品详情已保存到: data/MG/1000164559_ＭＧ-1_100-ガンダムデスサイズ-ＥＷ（ルーセット装備）/product_details.json
[2026-02-16 21:44:29] [INFO] [BandaiScraper] 正在访问Premium Bandai产品详情页: https://p-bandai.jp/item/item-1000158699
[2026-02-16 21:44:29] [INFO] [BandaiScraper] 爬不了一点，过 (PB页面策略)
[2026-02-16 21:44:29] [INFO] [BandaiScraper] 迁移文件夹: data/MG/ＭＧ-1_100-スラッシュザクファントム（イザーク・ジュール専用機） -> data/MG/1000158699_ＭＧ-1_100-スラッシュザクファントム（イザーク・ジュール専用機）
[2026-02-16 21:44:29] [INFO] [BandaiScraper] 产品详情已保存到: data/MG/1000158699_ＭＧ-1_100-スラッシュザクファントム（イザーク・ジュール専用機）/product_details.json
[2026-02-16 21:44:29] [INFO] [BandaiScraper] 正在访问Premium Bandai产品详情页: https://p-bandai.jp/item/item-1000142325/
[2026-02-16 21:44:29] [INFO] [BandaiScraper] 爬不了一点，过 (PB页面策略)
[2026-02-16 21:44:29] [INFO] [BandaiScraper] 迁移文件夹: data/MG/ＭＧ-1_100-ガンダムデスサイズ-EW（ルーセット装備） -> data/MG/1000142325_ＭＧ-1_100-ガンダムデスサイズ-EW（ルーセット装備）
[2026-02-16 21:44:29] [INFO] [BandaiScraper] 产品详情已保存到: data/MG/1000142325_ＭＧ-1_100-ガンダムデスサイズ-EW（ルーセット装備）/product_details.json
[2026-02-16 21:44:30] [INFO] [BandaiScraper] 正在访问Premium Bandai产品详情页: https://p-bandai.jp/item/item-1000223362/
[2026-02-16 21:44:30] [INFO] [BandaiScraper] 爬不了一点，过 (PB页面策略)
[2026-02-16 21:44:30] [INFO] [BandaiScraper] 迁移文件夹: data/MG/ＭＧ-1_100-ガンダムＦ９０用-ミッションパック-Ｂタイプ＆Ｋタイプ -> data/MG/1000223362_ＭＧ-1_100-ガンダムＦ９０用-ミッションパック-Ｂタイプ＆Ｋタイプ
[2026-02-16 21:44:30] [INFO] [BandaiScraper] 产品详情已保存到: data/MG/1000223362_ＭＧ-1_100-ガンダムＦ９０用-ミッションパック-Ｂタイプ＆Ｋタイプ/product_details.json
[2026-02-16 21:44:32] [INFO] [BandaiScraper] 正在访问产品详情页: https://bandai-hobby.net/item/01_2703/
[2026-02-16 21:44:34] [INFO] [BandaiScraper] 发现旧格式文件夹: data/MG/MG-1_100-トールギスIII-[スペシャルコーティング]，将迁移到新格式: data/MG/01_2703_MG-1_100-トールギスIII-[スペシャルコーティング]
[2026-02-16 21:44:34] [INFO] [BandaiScraper] 图片不完整 (现有:0, 需要:4)，需要下载
[2026-02-16 21:44:36] [INFO] [BandaiScraper] 图片下载成功，共下载 4 张
[2026-02-16 21:44:36] [INFO] [BandaiScraper] 产品详情已保存到: data/MG/01_2703_MG-1_100-トールギスIII-[スペシャルコーティング]/product_details.json
[2026-02-16 21:44:36] [INFO] [BandaiScraper] 详情页抓取完成，随机延时 1.77 秒...
[2026-02-16 21:44:38] [INFO] [BandaiScraper] 正在访问Premium Bandai产品详情页: https://p-bandai.jp/item/item-1000144878
[2026-02-16 21:44:38] [INFO] [BandaiScraper] 爬不了一点，过 (PB页面策略)
[2026-02-16 21:44:38] [INFO] [BandaiScraper] 迁移文件夹: data/MG/ＭＧ-1_100-ブラストインパルスガンダム -> data/MG/1000144878_ＭＧ-1_100-ブラストインパルスガンダム
[2026-02-16 21:44:38] [INFO] [BandaiScraper] 产品详情已保存到: data/MG/1000144878_ＭＧ-1_100-ブラストインパルスガンダム/product_details.json
[2026-02-16 21:44:39] [INFO] [BandaiScraper] 正在访问产品详情页: https://bandai-hobby.net/item/01_2492/
[2026-02-16 21:44:41] [INFO] [BandaiScraper] 发现旧格式文件夹: data/MG/MG-1_100-ガンダムバルバトス，将迁移到新格式: data/MG/01_2492_MG-1_100-ガンダムバルバトス
[2026-02-16 21:44:41] [INFO] [BandaiScraper] 图片不完整 (现有:0, 需要:9)，需要下载
[2026-02-16 21:44:44] [INFO] [BandaiScraper] 图片下载成功，共下载 9 张
[2026-02-16 21:44:44] [INFO] [BandaiScraper] 产品详情已保存到: data/MG/01_2492_MG-1_100-ガンダムバルバトス/product_details.json
[2026-02-16 21:44:44] [INFO] [BandaiScraper] 详情页抓取完成，随机延时 1.86 秒...
[2026-02-16 21:44:46] [INFO] [BandaiScraper] 正在访问产品详情页: https://bandai-hobby.net/item/01_2670/
[2026-02-16 21:44:48] [INFO] [BandaiScraper] 发现旧格式文件夹: data/MG/MG-1_100-ジェスタ・キャノン[クリアカラー]，将迁移到新格式: data/MG/01_2670_MG-1_100-ジェスタ・キャノン[クリアカラー]
[2026-02-16 21:44:48] [INFO] [BandaiScraper] 图片不完整 (现有:0, 需要:3)，需要下载
[2026-02-16 21:44:49] [INFO] [BandaiScraper] 图片下载成功，共下载 3 张
[2026-02-16 21:44:49] [INFO] [BandaiScraper] 产品详情已保存到: data/MG/01_2670_MG-1_100-ジェスタ・キャノン[クリアカラー]/product_details.json
[2026-02-16 21:44:49] [INFO] [BandaiScraper] 详情页抓取完成，随机延时 3.06 秒...
[2026-02-16 21:44:52] [INFO] [BandaiScraper] 正在访问Premium Bandai产品详情页: https://p-bandai.jp/item/item-1000138934/
[2026-02-16 21:44:52] [INFO] [BandaiScraper] 爬不了一点，过 (PB页面策略)
[2026-02-16 21:44:52] [INFO] [BandaiScraper] 迁移文件夹: data/MG/ＭＧ-1_100-リ・ガズィ（ユニコーンＶｅｒ．） -> data/MG/1000138934_ＭＧ-1_100-リ・ガズィ（ユニコーンＶｅｒ．）
[2026-02-16 21:44:52] [INFO] [BandaiScraper] 产品详情已保存到: data/MG/1000138934_ＭＧ-1_100-リ・ガズィ（ユニコーンＶｅｒ．）/product_details.json
[2026-02-16 21:44:53] [INFO] [BandaiScraper] 正在访问产品详情页: https://bandai-hobby.net/item/01_2649/
[2026-02-16 21:44:56] [INFO] [BandaiScraper] 发现旧格式文件夹: data/MG/MG-1_100-ガンダムベース限定-RX-78-2-ガンダムVer.3.0-[ガンダムベースカラー]，将迁移到新格式: data/MG/01_2649_MG-1_100-ガンダムベース限定-RX-78-2-ガンダムVer.3.0-[ガンダムベースカラー]
[2026-02-16 21:44:56] [INFO] [BandaiScraper] 图片不完整 (现有:0, 需要:9)，需要下载
[2026-02-16 21:44:57] [INFO] [BandaiScraper] 图片下载成功，共下载 9 张
[2026-02-16 21:44:57] [INFO] [BandaiScraper] 产品详情已保存到: data/MG/01_2649_MG-1_100-ガンダムベース限定-RX-78-2-ガンダムVer.3.0-[ガンダムベースカラー]/product_details.json
[2026-02-16 21:44:57] [INFO] [BandaiScraper] 详情页抓取完成，随机延时 1.68 秒...
[2026-02-16 21:44:59] [INFO] [BandaiScraper] 正在访问Premium Bandai产品详情页: https://p-bandai.jp/item/item-1000223384/
[2026-02-16 21:44:59] [INFO] [BandaiScraper] 爬不了一点，过 (PB页面策略)
[2026-02-16 21:44:59] [INFO] [BandaiScraper] 迁移文件夹: data/MG/ＭＧ-1_100-ガンダムＦ９０用-ミッションパック-Ｆタイプ＆Ｍタイプ -> data/MG/1000223384_ＭＧ-1_100-ガンダムＦ９０用-ミッションパック-Ｆタイプ＆Ｍタイプ
[2026-02-16 21:44:59] [INFO] [BandaiScraper] 产品详情已保存到: data/MG/1000223384_ＭＧ-1_100-ガンダムＦ９０用-ミッションパック-Ｆタイプ＆Ｍタイプ/product_details.json
[2026-02-16 21:45:00] [INFO] [BandaiScraper] 正在访问Premium Bandai产品详情页: https://p-bandai.jp/item/item-1000137303/
[2026-02-16 21:45:00] [INFO] [BandaiScraper] 爬不了一点，过 (PB页面策略)
[2026-02-16 21:45:00] [INFO] [BandaiScraper] 迁移文件夹: data/MG/ＭＧ-1_100-ガンダムヘビーアームズ-EW（イーゲル装備） -> data/MG/1000137303_ＭＧ-1_100-ガンダムヘビーアームズ-EW（イーゲル装備）
[2026-02-16 21:45:00] [INFO] [BandaiScraper] 产品详情已保存到: data/MG/1000137303_ＭＧ-1_100-ガンダムヘビーアームズ-EW（イーゲル装備）/product_details.json
[2026-02-16 21:45:00] [INFO] [BandaiScraper] 正在访问Premium Bandai产品详情页: https://p-bandai.jp/item/item-1000137712/
[2026-02-16 21:45:00] [INFO] [BandaiScraper] 爬不了一点，过 (PB页面策略)
[2026-02-16 21:45:00] [INFO] [BandaiScraper] 迁移文件夹: data/MG/ＭＧ-1_100-ドワッジ改 -> data/MG/1000137712_ＭＧ-1_100-ドワッジ改
[2026-02-16 21:45:00] [INFO] [BandaiScraper] 产品详情已保存到: data/MG/1000137712_ＭＧ-1_100-ドワッジ改/product_details.json
[2026-02-16 21:45:01] [INFO] [BandaiScraper] 正在访问Premium Bandai产品详情页: https://p-bandai.jp/item/item-1000137643/
[2026-02-16 21:45:01] [INFO] [BandaiScraper] 爬不了一点，过 (PB页面策略)
[2026-02-16 21:45:01] [INFO] [BandaiScraper] 迁移文件夹: data/MG/ＭＧ-1_100-ガンダムデュナメス（トランザムモード）［メタリックグロスインジェクション］ -> data/MG/1000137643_ＭＧ-1_100-ガンダムデュナメス（トランザムモード）［メタリックグロスインジェクション］
[2026-02-16 21:45:01] [INFO] [BandaiScraper] 产品详情已保存到: data/MG/1000137643_ＭＧ-1_100-ガンダムデュナメス（トランザムモード）［メタリックグロスインジェクション］/product_details.json
[2026-02-16 21:45:03] [INFO] [BandaiScraper] 正在访问Premium Bandai产品详情页: https://p-bandai.jp/item/item-1000136952
[2026-02-16 21:45:03] [INFO] [BandaiScraper] 爬不了一点，过 (PB页面策略)
[2026-02-16 21:45:03] [INFO] [BandaiScraper] 迁移文件夹: data/MG/ＭＧ-1_100-ガンダムＦ９１-Ｖｅｒ．２．０（ハリソン・マディン専用機） -> data/MG/1000136952_ＭＧ-1_100-ガンダムＦ９１-Ｖｅｒ．２．０（ハリソン・マディン専用機）
[2026-02-16 21:45:03] [INFO] [BandaiScraper] 产品详情已保存到: data/MG/1000136952_ＭＧ-1_100-ガンダムＦ９１-Ｖｅｒ．２．０（ハリソン・マディン専用機）/product_details.json
[2026-02-16 21:45:03] [INFO] [BandaiScraper] 正在访问Premium Bandai产品详情页: https://p-bandai.jp/item/item-1000136483
[2026-02-16 21:45:03] [INFO] [BandaiScraper] 爬不了一点，过 (PB页面策略)
[2026-02-16 21:45:03] [INFO] [BandaiScraper] 迁移文件夹: data/MG/ＭＧ-1_100-ジム・ドミナンス（フィリップ・ヒューズ機） -> data/MG/1000136483_ＭＧ-1_100-ジム・ドミナンス（フィリップ・ヒューズ機）
[2026-02-16 21:45:03] [INFO] [BandaiScraper] 产品详情已保存到: data/MG/1000136483_ＭＧ-1_100-ジム・ドミナンス（フィリップ・ヒューズ機）/product_details.json
[2026-02-16 21:45:04] [INFO] [BandaiScraper] 正在访问产品详情页: https://bandai-hobby.net/item/01_2402/
[2026-02-16 21:45:07] [INFO] [BandaiScraper] 发现旧格式文件夹: data/MG/MG-1_100-ガナーザクウォーリア（ルナマリア・ホーク専用機），将迁移到新格式: data/MG/01_2402_MG-1_100-ガナーザクウォーリア（ルナマリア・ホーク専用機）
[2026-02-16 21:45:07] [INFO] [BandaiScraper] 图片不完整 (现有:0, 需要:10)，需要下载
[2026-02-16 21:45:08] [INFO] [BandaiScraper] 图片下载成功，共下载 10 张
[2026-02-16 21:45:08] [INFO] [BandaiScraper] 产品详情已保存到: data/MG/01_2402_MG-1_100-ガナーザクウォーリア（ルナマリア・ホーク専用機）/product_details.json
[2026-02-16 21:45:08] [INFO] [BandaiScraper] 详情页抓取完成，随机延时 2.90 秒...
[2026-02-16 21:45:11] [INFO] [BandaiScraper] 正在访问Premium Bandai产品详情页: https://p-bandai.jp/item/item-1000136461
[2026-02-16 21:45:11] [INFO] [BandaiScraper] 爬不了一点，过 (PB页面策略)
[2026-02-16 21:45:11] [INFO] [BandaiScraper] 迁移文件夹: data/MG/ＭＧ-1_100-TR-1［ヘイズル2号機］アーリータイプ／ヘイズル予備機／ジム・クゥエル -> data/MG/1000136461_ＭＧ-1_100-TR-1［ヘイズル2号機］アーリータイプ／ヘイズル予備機／ジム・クゥエル
[2026-02-16 21:45:11] [INFO] [BandaiScraper] 产品详情已保存到: data/MG/1000136461_ＭＧ-1_100-TR-1［ヘイズル2号機］アーリータイプ／ヘイズル予備機／ジム・クゥエル/product_details.json
[2026-02-16 21:45:12] [INFO] [BandaiScraper] 正在访问产品详情页: https://bandai-hobby.net/item/01_2461/
[2026-02-16 21:45:14] [INFO] [BandaiScraper] 发现旧格式文件夹: data/MG/MG-1_100-ガンダムNT-1-ver.2.0[クリアカラー]，将迁移到新格式: data/MG/01_2461_MG-1_100-ガンダムNT-1-ver.2.0[クリアカラー]
[2026-02-16 21:45:14] [INFO] [BandaiScraper] 图片不完整 (现有:0, 需要:3)，需要下载
[2026-02-16 21:45:16] [INFO] [BandaiScraper] 图片下载成功，共下载 3 张
[2026-02-16 21:45:16] [INFO] [BandaiScraper] 产品详情已保存到: data/MG/01_2461_MG-1_100-ガンダムNT-1-ver.2.0[クリアカラー]/product_details.json
[2026-02-16 21:45:16] [INFO] [BandaiScraper] 详情页抓取完成，随机延时 2.24 秒...
[2026-02-16 21:45:18] [INFO] [BandaiScraper] 正在访问Premium Bandai产品详情页: https://p-bandai.jp/item/item-1000223358/
[2026-02-16 21:45:18] [INFO] [BandaiScraper] 爬不了一点，过 (PB页面策略)
[2026-02-16 21:45:18] [INFO] [BandaiScraper] 迁移文件夹: data/MG/ＭＧ-1_100-ガンダムＦ９０ -> data/MG/1000223358_ＭＧ-1_100-ガンダムＦ９０
[2026-02-16 21:45:18] [INFO] [BandaiScraper] 产品详情已保存到: data/MG/1000223358_ＭＧ-1_100-ガンダムＦ９０/product_details.json
[2026-02-16 21:45:19] [INFO] [BandaiScraper] 正在访问Premium Bandai产品详情页: https://p-bandai.jp/item/item-1000223383/
[2026-02-16 21:45:19] [INFO] [BandaiScraper] 爬不了一点，过 (PB页面策略)
[2026-02-16 21:45:19] [INFO] [BandaiScraper] 迁移文件夹: data/MG/ＭＧ-1_100-ガンダムＦ９０用-ミッションパック-Ｅタイプ＆Ｓタイプ -> data/MG/1000223383_ＭＧ-1_100-ガンダムＦ９０用-ミッションパック-Ｅタイプ＆Ｓタイプ
[2026-02-16 21:45:19] [INFO] [BandaiScraper] 产品详情已保存到: data/MG/1000223383_ＭＧ-1_100-ガンダムＦ９０用-ミッションパック-Ｅタイプ＆Ｓタイプ/product_details.json
[2026-02-16 21:45:20] [INFO] [BandaiScraper] 正在访问Premium Bandai产品详情页: https://p-bandai.jp/item/item-1000135920
[2026-02-16 21:45:20] [INFO] [BandaiScraper] 爬不了一点，过 (PB页面策略)
[2026-02-16 21:45:20] [INFO] [BandaiScraper] 迁移文件夹: data/MG/ＭＧ-1_100-∀ガンダム／ターンＸ［ナノスキンイメージ］ -> data/MG/1000135920_ＭＧ-1_100-∀ガンダム／ターンＸ［ナノスキンイメージ］
[2026-02-16 21:45:20] [INFO] [BandaiScraper] 产品详情已保存到: data/MG/1000135920_ＭＧ-1_100-∀ガンダム／ターンＸ［ナノスキンイメージ］/product_details.json
[2026-02-16 21:45:20] [INFO] [BandaiScraper] 正在访问产品详情页: https://bandai-hobby.net/item/01_2437/
[2026-02-16 21:45:23] [INFO] [BandaiScraper] 发现旧格式文件夹: data/MG/MG-1_100-ガンダムベース限定-ユニコーンガンダム-ペルフェクティビリティ，将迁移到新格式: data/MG/01_2437_MG-1_100-ガンダムベース限定-ユニコーンガンダム-ペルフェクティビリティ
[2026-02-16 21:45:23] [INFO] [BandaiScraper] 图片不完整 (现有:0, 需要:10)，需要下载
[2026-02-16 21:45:25] [INFO] [BandaiScraper] 图片下载成功，共下载 10 张
[2026-02-16 21:45:25] [INFO] [BandaiScraper] 产品详情已保存到: data/MG/01_2437_MG-1_100-ガンダムベース限定-ユニコーンガンダム-ペルフェクティビリティ/product_details.json
[2026-02-16 21:45:25] [INFO] [BandaiScraper] 详情页抓取完成，随机延时 2.30 秒...
[2026-02-16 21:45:27] [INFO] [BandaiScraper] 正在访问Premium Bandai产品详情页: https://p-bandai.jp/item/item-1000134688
[2026-02-16 21:45:27] [INFO] [BandaiScraper] 爬不了一点，过 (PB页面策略)
[2026-02-16 21:45:27] [INFO] [BandaiScraper] 迁移文件夹: data/MG/ＭＧ-1_100-ジム・スナイパーＩＩ（リド・ウォルフ機） -> data/MG/1000134688_ＭＧ-1_100-ジム・スナイパーＩＩ（リド・ウォルフ機）
[2026-02-16 21:45:27] [INFO] [BandaiScraper] 产品详情已保存到: data/MG/1000134688_ＭＧ-1_100-ジム・スナイパーＩＩ（リド・ウォルフ機）/product_details.json
[2026-02-16 21:45:28] [INFO] [BandaiScraper] 正在访问Premium Bandai产品详情页: https://p-bandai.jp/item/item-1000130813
[2026-02-16 21:45:28] [INFO] [BandaiScraper] 爬不了一点，过 (PB页面策略)
[2026-02-16 21:45:28] [INFO] [BandaiScraper] 迁移文件夹: data/MG/ＭＧ-1_100-ダブルオークアンタフルセイバー-［スペシャルコーティング］ -> data/MG/1000130813_ＭＧ-1_100-ダブルオークアンタフルセイバー-［スペシャルコーティング］
[2026-02-16 21:45:28] [INFO] [BandaiScraper] 产品详情已保存到: data/MG/1000130813_ＭＧ-1_100-ダブルオークアンタフルセイバー-［スペシャルコーティング］/product_details.json
[2026-02-16 21:45:30] [INFO] [BandaiScraper] 正在访问产品详情页: https://bandai-hobby.net/item/01_2254/
[2026-02-16 21:45:32] [INFO] [BandaiScraper] 发现旧格式文件夹: data/MG/MG-1_100-ガンダムNT-1-Ver.2.0，将迁移到新格式: data/MG/01_2254_MG-1_100-ガンダムNT-1-Ver.2.0
[2026-02-16 21:45:32] [INFO] [BandaiScraper] 图片不完整 (现有:0, 需要:4)，需要下载
[2026-02-16 21:45:33] [INFO] [BandaiScraper] 图片下载成功，共下载 4 张
[2026-02-16 21:45:33] [INFO] [BandaiScraper] 产品详情已保存到: data/MG/01_2254_MG-1_100-ガンダムNT-1-Ver.2.0/product_details.json
[2026-02-16 21:45:33] [INFO] [BandaiScraper] 详情页抓取完成，随机延时 1.53 秒...
[2026-02-16 21:45:35] [INFO] [BandaiScraper] 正在访问Premium Bandai产品详情页: https://p-bandai.jp/item/item-1000134463
[2026-02-16 21:45:35] [INFO] [BandaiScraper] 爬不了一点，过 (PB页面策略)
[2026-02-16 21:45:35] [INFO] [BandaiScraper] 迁移文件夹: data/MG/MG-1_100-ジム(寒冷地仕様) -> data/MG/1000134463_MG-1_100-ジム(寒冷地仕様)
[2026-02-16 21:45:35] [INFO] [BandaiScraper] 产品详情已保存到: data/MG/1000134463_MG-1_100-ジム(寒冷地仕様)/product_details.json
[2026-02-16 21:45:36] [INFO] [BandaiScraper] 正在访问Premium Bandai产品详情页: https://p-bandai.jp/item/item-1000134054/
[2026-02-16 21:45:36] [INFO] [BandaiScraper] 爬不了一点，过 (PB页面策略)
[2026-02-16 21:45:36] [INFO] [BandaiScraper] 迁移文件夹: data/MG/MG-1_100-リ・ガズィ・カスタム -> data/MG/1000134054_MG-1_100-リ・ガズィ・カスタム
[2026-02-16 21:45:36] [INFO] [BandaiScraper] 产品详情已保存到: data/MG/1000134054_MG-1_100-リ・ガズィ・カスタム/product_details.json
[2026-02-16 21:45:36] [INFO] [BandaiScraper] 正在访问Premium Bandai产品详情页: https://p-bandai.jp/item/item-1000133713
[2026-02-16 21:45:36] [INFO] [BandaiScraper] 爬不了一点，过 (PB页面策略)
[2026-02-16 21:45:36] [INFO] [BandaiScraper] 迁移文件夹: data/MG/ＭＧ-1_100-シェンロンガンダム-EW-（タウヤー装備） -> data/MG/1000133713_ＭＧ-1_100-シェンロンガンダム-EW-（タウヤー装備）
[2026-02-16 21:45:36] [INFO] [BandaiScraper] 产品详情已保存到: data/MG/1000133713_ＭＧ-1_100-シェンロンガンダム-EW-（タウヤー装備）/product_details.json
[2026-02-16 21:45:37] [INFO] [BandaiScraper] 正在访问产品详情页: https://bandai-hobby.net/item/01_2176/
[2026-02-16 21:45:39] [INFO] [BandaiScraper] 发现旧格式文件夹: data/MG/MG-1_100-Ex-Sガンダム_Sガンダム，将迁移到新格式: data/MG/01_2176_MG-1_100-Ex-Sガンダム_Sガンダム
[2026-02-16 21:45:39] [INFO] [BandaiScraper] 图片不完整 (现有:0, 需要:5)，需要下载
[2026-02-16 21:45:41] [INFO] [BandaiScraper] 图片下载成功，共下载 5 张
[2026-02-16 21:45:41] [INFO] [BandaiScraper] 产品详情已保存到: data/MG/01_2176_MG-1_100-Ex-Sガンダム_Sガンダム/product_details.json
[2026-02-16 21:45:41] [INFO] [BandaiScraper] 详情页抓取完成，随机延时 2.20 秒...
[2026-02-16 21:45:43] [INFO] [BandaiScraper] 正在访问产品详情页: https://bandai-hobby.net/item/01_2306/
[2026-02-16 21:45:46] [INFO] [BandaiScraper] 发现旧格式文件夹: data/MG/MG-1_100-ガンダムベース限定-MS-CAGE，将迁移到新格式: data/MG/01_2306_MG-1_100-ガンダムベース限定-MS-CAGE
[2026-02-16 21:45:46] [INFO] [BandaiScraper] 图片不完整 (现有:0, 需要:8)，需要下载
[2026-02-16 21:45:47] [INFO] [BandaiScraper] 图片下载成功，共下载 8 张
[2026-02-16 21:45:47] [INFO] [BandaiScraper] 产品详情已保存到: data/MG/01_2306_MG-1_100-ガンダムベース限定-MS-CAGE/product_details.json
[2026-02-16 21:45:47] [INFO] [BandaiScraper] 详情页抓取完成，随机延时 1.69 秒...
[2026-02-16 21:45:49] [INFO] [BandaiScraper] 正在访问产品详情页: https://bandai-hobby.net/item/01_2231/
[2026-02-16 21:45:51] [INFO] [BandaiScraper] 发现旧格式文件夹: data/MG/MG-1_100-ドワッジ，将迁移到新格式: data/MG/01_2231_MG-1_100-ドワッジ
[2026-02-16 21:45:51] [INFO] [BandaiScraper] 图片不完整 (现有:0, 需要:1)，需要下载
[2026-02-16 21:45:51] [INFO] [BandaiScraper] 图片下载成功，共下载 1 张
[2026-02-16 21:45:51] [INFO] [BandaiScraper] 产品详情已保存到: data/MG/01_2231_MG-1_100-ドワッジ/product_details.json
[2026-02-16 21:45:51] [INFO] [BandaiScraper] 详情页抓取完成，随机延时 1.91 秒...
[2026-02-16 21:45:53] [INFO] [BandaiScraper] 正在访问Premium Bandai产品详情页: https://p-bandai.jp/item/item-1000132570
[2026-02-16 21:45:53] [INFO] [BandaiScraper] 爬不了一点，过 (PB页面策略)
[2026-02-16 21:45:53] [INFO] [BandaiScraper] 迁移文件夹: data/MG/MG-1_100-ジェスタ-(シェザール隊仕様-B&C班装備) -> data/MG/1000132570_MG-1_100-ジェスタ-(シェザール隊仕様-B&C班装備)
[2026-02-16 21:45:53] [INFO] [BandaiScraper] 产品详情已保存到: data/MG/1000132570_MG-1_100-ジェスタ-(シェザール隊仕様-B&C班装備)/product_details.json
[2026-02-16 21:44:55] [INFO] [BandaiScraper] 正在访问Premium Bandai产品详情页: https://p-bandai.jp/item/item-1000131841
[2026-02-16 21:44:55] [INFO] [BandaiScraper] 爬不了一点，过 (PB页面策略)
[2026-02-16 21:44:55] [INFO] [BandaiScraper] 迁移文件夹: data/MG/ＭＧ-1_100-RGM-89D-ジェガンＤ型 -> data/MG/1000131841_ＭＧ-1_100-RGM-89D-ジェガンＤ型
[2026-02-16 21:44:55] [INFO] [BandaiScraper] 产品详情已保存到: data/MG/1000131841_ＭＧ-1_100-RGM-89D-ジェガンＤ型/product_details.json
[2026-02-16 21:44:55] [INFO] [BandaiScraper] 正在访问产品详情页: https://bandai-hobby.net/item/01_2125/
[2026-02-16 21:44:57] [INFO] [BandaiScraper] 发现旧格式文件夹: data/MG/MG-1_100-ガンダムAGEIIマグナム，将迁移到新格式: data/MG/01_2125_MG-1_100-ガンダムAGEIIマグナム
[2026-02-16 21:44:57] [INFO] [BandaiScraper] 图片不完整 (现有:0, 需要:11)，需要下载
[2026-02-16 21:45:01] [INFO] [BandaiScraper] 图片下载成功，共下载 11 张
[2026-02-16 21:45:01] [INFO] [BandaiScraper] 产品详情已保存到: data/MG/01_2125_MG-1_100-ガンダムAGEIIマグナム/product_details.json
[2026-02-16 21:45:01] [INFO] [BandaiScraper] 详情页抓取完成，随机延时 2.79 秒...
[2026-02-16 21:46:03] [INFO] [BandaiScraper] 正在访问产品详情页: https://bandai-hobby.net/item/01_2127/
[2026-02-16 21:46:06] [INFO] [BandaiScraper] 发现旧格式文件夹: data/MG/MG-1_100-ガンダムデュナメス，将迁移到新格式: data/MG/01_2127_MG-1_100-ガンダムデュナメス
[2026-02-16 21:46:06] [INFO] [BandaiScraper] 图片不完整 (现有:0, 需要:12)，需要下载
[2026-02-16 21:46:08] [INFO] [BandaiScraper] 图片下载成功，共下载 12 张
[2026-02-16 21:46:08] [INFO] [BandaiScraper] 产品详情已保存到: data/MG/01_2127_MG-1_100-ガンダムデュナメス/product_details.json
[2026-02-16 21:46:08] [INFO] [BandaiScraper] 详情页抓取完成，随机延时 2.09 秒...
[2026-02-16 21:46:10] [INFO] [BandaiScraper] 正在访问Premium Bandai产品详情页: https://p-bandai.jp/item/item-1000131596
[2026-02-16 21:46:10] [INFO] [BandaiScraper] 爬不了一点，过 (PB页面策略)
[2026-02-16 21:46:10] [INFO] [BandaiScraper] 迁移文件夹: data/MG/ＭＧ-1_100-ジム・キャノン-［レッド・ヘッド］（ジャブロー防衛隊仕様） -> data/MG/1000131596_ＭＧ-1_100-ジム・キャノン-［レッド・ヘッド］（ジャブロー防衛隊仕様）
[2026-02-16 21:46:10] [INFO] [BandaiScraper] 产品详情已保存到: data/MG/1000131596_ＭＧ-1_100-ジム・キャノン-［レッド・ヘッド］（ジャブロー防衛隊仕様）/product_details.json
[2026-02-16 21:46:11] [INFO] [BandaiScraper] 正在访问Premium Bandai产品详情页: https://p-bandai.jp/item/item-1000225604/
[2026-02-16 21:46:11] [INFO] [BandaiScraper] 爬不了一点，过 (PB页面策略)
[2026-02-16 21:46:11] [INFO] [BandaiScraper] 迁移文件夹: data/MG/ＭＧ-1_100-ガンダムアストレイ-レッドドラゴン -> data/MG/1000225604_ＭＧ-1_100-ガンダムアストレイ-レッドドラゴン
[2026-02-16 21:46:11] [INFO] [BandaiScraper] 产品详情已保存到: data/MG/1000225604_ＭＧ-1_100-ガンダムアストレイ-レッドドラゴン/product_details.json
[2026-02-16 21:46:12] [INFO] [BandaiScraper] 正在访问Premium Bandai产品详情页: https://p-bandai.jp/item/item-1000130517
[2026-02-16 21:46:12] [INFO] [BandaiScraper] 爬不了一点，过 (PB页面策略)
[2026-02-16 21:46:12] [INFO] [BandaiScraper] 迁移文件夹: data/MG/ＭＧ-1_100-ガンダムＦ９１-Ｖｅｒ．２．０（残像イメージカラー） -> data/MG/1000130517_ＭＧ-1_100-ガンダムＦ９１-Ｖｅｒ．２．０（残像イメージカラー）
[2026-02-16 21:46:12] [INFO] [BandaiScraper] 产品详情已保存到: data/MG/1000130517_ＭＧ-1_100-ガンダムＦ９１-Ｖｅｒ．２．０（残像イメージカラー）/product_details.json
[2026-02-16 21:46:13] [INFO] [BandaiScraper] 正在访问产品详情页: https://bandai-hobby.net/item/01_2082/
[2026-02-16 21:46:14] [INFO] [BandaiScraper] 发现旧格式文件夹: data/MG/MG-1_100-シナンジュ・スタイン（ナラティブVer.），将迁移到新格式: data/MG/01_2082_MG-1_100-シナンジュ・スタイン（ナラティブVer.）
[2026-02-16 21:46:14] [INFO] [BandaiScraper] 图片不完整 (现有:0, 需要:3)，需要下载
[2026-02-16 21:46:15] [INFO] [BandaiScraper] 图片下载成功，共下载 3 张
[2026-02-16 21:46:15] [INFO] [BandaiScraper] 产品详情已保存到: data/MG/01_2082_MG-1_100-シナンジュ・スタイン（ナラティブVer.）/product_details.json
[2026-02-16 21:46:15] [INFO] [BandaiScraper] 详情页抓取完成，随机延时 2.19 秒...
[2026-02-16 21:46:17] [INFO] [BandaiScraper] 正在访问Premium Bandai产品详情页: https://p-bandai.jp/item/item-1000130158
[2026-02-16 21:46:17] [INFO] [BandaiScraper] 爬不了一点，过 (PB页面策略)
[2026-02-16 21:46:17] [INFO] [BandaiScraper] 迁移文件夹: data/MG/ＭＧ-1_100-ジムＩＩ・セミストライカー -> data/MG/1000130158_ＭＧ-1_100-ジムＩＩ・セミストライカー
[2026-02-16 21:46:17] [INFO] [BandaiScraper] 产品详情已保存到: data/MG/1000130158_ＭＧ-1_100-ジムＩＩ・セミストライカー/product_details.json
[2026-02-16 21:46:19] [INFO] [BandaiScraper] 正在访问Premium Bandai产品详情页: http://p-bandai.jp/item/item-1000129741
[2026-02-16 21:46:19] [INFO] [BandaiScraper] 爬不了一点，过 (PB页面策略)
[2026-02-16 21:46:19] [INFO] [BandaiScraper] 迁移文件夹: data/MG/ＭＧ-1_100-百式壊 -> data/MG/1000129741_ＭＧ-1_100-百式壊
[2026-02-16 21:46:19] [INFO] [BandaiScraper] 产品详情已保存到: data/MG/1000129741_ＭＧ-1_100-百式壊/product_details.json
[2026-02-16 21:46:20] [INFO] [BandaiScraper] 正在访问Premium Bandai产品详情页: http://p-bandai.jp/item/item-1000128880
[2026-02-16 21:46:20] [INFO] [BandaiScraper] 爬不了一点，过 (PB页面策略)
[2026-02-16 21:46:20] [INFO] [BandaiScraper] 迁移文件夹: data/MG/ＭＧ-1_100-ジンクスIII-（連邦カラー） -> data/MG/1000128880_ＭＧ-1_100-ジンクスIII-（連邦カラー）
[2026-02-16 21:46:20] [INFO] [BandaiScraper] 产品详情已保存到: data/MG/1000128880_ＭＧ-1_100-ジンクスIII-（連邦カラー）/product_details.json
[2026-02-16 21:46:21] [INFO] [BandaiScraper] 正在访问Premium Bandai产品详情页: https://p-bandai.jp/item/item-1000225725/
[2026-02-16 21:46:21] [INFO] [BandaiScraper] 爬不了一点，过 (PB页面策略)
[2026-02-16 21:46:21] [INFO] [BandaiScraper] 迁移文件夹: data/MG/ＭＧ-1_100-ガンダムＦ９１-Ｖｅｒ．２．０-バックキャノン装着型-＆-ツイン・ヴェスバー装着型 -> data/MG/1000225725_ＭＧ-1_100-ガンダムＦ９１-Ｖｅｒ．２．０-バックキャノン装着型-＆-ツイン・ヴェスバー装着型
[2026-02-16 21:46:21] [INFO] [BandaiScraper] 产品详情已保存到: data/MG/1000225725_ＭＧ-1_100-ガンダムＦ９１-Ｖｅｒ．２．０-バックキャノン装着型-＆-ツイン・ヴェスバー装着型/product_details.json
[2026-02-16 21:46:21] [INFO] [BandaiScraper] 正在访问产品详情页: https://bandai-hobby.net/item/01_2043/
[2026-02-16 21:46:23] [INFO] [BandaiScraper] 发现旧格式文件夹: data/MG/ＭＧ-1_100-キュベレイダムド，将迁移到新格式: data/MG/01_2043_ＭＧ-1_100-キュベレイダムド
[2026-02-16 21:46:23] [INFO] [BandaiScraper] 图片不完整 (现有:0, 需要:1)，需要下载
[2026-02-16 21:46:23] [INFO] [BandaiScraper] 图片下载成功，共下载 1 张
[2026-02-16 21:46:23] [INFO] [BandaiScraper] 产品详情已保存到: data/MG/01_2043_ＭＧ-1_100-キュベレイダムド/product_details.json
[2026-02-16 21:46:23] [INFO] [BandaiScraper] 详情页抓取完成，随机延时 3.47 秒...
[2026-02-16 21:46:27] [INFO] [BandaiScraper] 正在访问产品详情页: https://bandai-hobby.net/item/01_2015/
[2026-02-16 21:46:29] [INFO] [BandaiScraper] 发现旧格式文件夹: data/MG/ＭＧ-1_100-ユニコーンガンダム３号機-フェネクス-（ナラティブVer.），将迁移到新格式: data/MG/01_2015_ＭＧ-1_100-ユニコーンガンダム３号機-フェネクス-（ナラティブVer.）
[2026-02-16 21:46:29] [INFO] [BandaiScraper] 图片不完整 (现有:0, 需要:1)，需要下载
[2026-02-16 21:46:29] [INFO] [BandaiScraper] 图片下载成功，共下载 1 张
[2026-02-16 21:46:29] [INFO] [BandaiScraper] 产品详情已保存到: data/MG/01_2015_ＭＧ-1_100-ユニコーンガンダム３号機-フェネクス-（ナラティブVer.）/product_details.json
[2026-02-16 21:46:29] [INFO] [BandaiScraper] 详情页抓取完成，随机延时 1.79 秒...
[2026-02-16 21:46:31] [INFO] [BandaiScraper] 正在访问Premium Bandai产品详情页: http://p-bandai.jp/item/item-1000127908
[2026-02-16 21:46:31] [INFO] [BandaiScraper] 爬不了一点，过 (PB页面策略)
[2026-02-16 21:46:31] [INFO] [BandaiScraper] 迁移文件夹: data/MG/ＭＧ-1_100-MS-06F-2-ザクＩＩ-Ｆ２型（キンバライト基地仕様） -> data/MG/1000127908_ＭＧ-1_100-MS-06F-2-ザクＩＩ-Ｆ２型（キンバライト基地仕様）
[2026-02-16 21:46:31] [INFO] [BandaiScraper] 产品详情已保存到: data/MG/1000127908_ＭＧ-1_100-MS-06F-2-ザクＩＩ-Ｆ２型（キンバライト基地仕様）/product_details.json
[2026-02-16 21:46:33] [INFO] [BandaiScraper] 正在访问Premium Bandai产品详情页: http://p-bandai.jp/item/item-1000127907
[2026-02-16 21:46:33] [INFO] [BandaiScraper] 爬不了一点，过 (PB页面策略)
[2026-02-16 21:46:33] [INFO] [BandaiScraper] 迁移文件夹: data/MG/ＭＧ-1_100-MS-06F-2-ザクＩＩ-Ｆ２型（ノイエン・ビッター機） -> data/MG/1000127907_ＭＧ-1_100-MS-06F-2-ザクＩＩ-Ｆ２型（ノイエン・ビッター機）
[2026-02-16 21:46:33] [INFO] [BandaiScraper] 产品详情已保存到: data/MG/1000127907_ＭＧ-1_100-MS-06F-2-ザクＩＩ-Ｆ２型（ノイエン・ビッター機）/product_details.json
[2026-02-16 21:46:34] [INFO] [BandaiScraper] 正在访问产品详情页: https://bandai-hobby.net/item/01_1883/
[2026-02-16 21:46:37] [INFO] [BandaiScraper] 发现旧格式文件夹: data/MG/MG-1_100-ダブルオークアンタフルセイバー，将迁移到新格式: data/MG/01_1883_MG-1_100-ダブルオークアンタフルセイバー
[2026-02-16 21:46:37] [INFO] [BandaiScraper] 图片不完整 (现有:0, 需要:11)，需要下载
[2026-02-16 21:46:38] [INFO] [BandaiScraper] 图片下载成功，共下载 11 张
[2026-02-16 21:46:38] [INFO] [BandaiScraper] 产品详情已保存到: data/MG/01_1883_MG-1_100-ダブルオークアンタフルセイバー/product_details.json
[2026-02-16 21:46:38] [INFO] [BandaiScraper] 详情页抓取完成，随机延时 3.34 秒...
[2026-02-16 21:46:42] [INFO] [BandaiScraper] 正在访问产品详情页: https://bandai-hobby.net/item/01_2033/
[2026-02-16 21:46:44] [INFO] [BandaiScraper] 发现旧格式文件夹: data/MG/MG-1_100-AAPE-RX-78-2-GUNDAM-GRN-CAMO，将迁移到新格式: data/MG/01_2033_MG-1_100-AAPE-RX-78-2-GUNDAM-GRN-CAMO
[2026-02-16 21:46:44] [INFO] [BandaiScraper] 图片不完整 (现有:0, 需要:2)，需要下载
[2026-02-16 21:46:44] [INFO] [BandaiScraper] 图片下载成功，共下载 2 张
[2026-02-16 21:46:44] [INFO] [BandaiScraper] 产品详情已保存到: data/MG/01_2033_MG-1_100-AAPE-RX-78-2-GUNDAM-GRN-CAMO/product_details.json
[2026-02-16 21:46:44] [INFO] [BandaiScraper] 详情页抓取完成，随机延时 2.27 秒...
[2026-02-16 21:46:47] [INFO] [BandaiScraper] 正在访问Premium Bandai产品详情页: http://p-bandai.jp/item/item-1000126937
[2026-02-16 21:46:47] [INFO] [BandaiScraper] 爬不了一点，过 (PB页面策略)
[2026-02-16 21:46:47] [INFO] [BandaiScraper] 迁移文件夹: data/MG/ＭＧ-1_100-ガンダムストームブリンガー -> data/MG/1000126937_ＭＧ-1_100-ガンダムストームブリンガー
[2026-02-16 21:46:47] [INFO] [BandaiScraper] 产品详情已保存到: data/MG/1000126937_ＭＧ-1_100-ガンダムストームブリンガー/product_details.json
[2026-02-16 21:46:47] [INFO] [BandaiScraper] 正在访问Premium Bandai产品详情页: http://p-bandai.jp/item/item-1000126528/
[2026-02-16 21:46:47] [INFO] [BandaiScraper] 爬不了一点，过 (PB页面策略)
[2026-02-16 21:46:47] [INFO] [BandaiScraper] 迁移文件夹: data/MG/ＭＧ-1_100-ジム-（ホワイト・ディンゴ隊仕様） -> data/MG/1000126528_ＭＧ-1_100-ジム-（ホワイト・ディンゴ隊仕様）
[2026-02-16 21:46:48] [INFO] [BandaiScraper] 产品详情已保存到: data/MG/1000126528_ＭＧ-1_100-ジム-（ホワイト・ディンゴ隊仕様）/product_details.json
[2026-02-16 21:46:49] [INFO] [BandaiScraper] 正在访问Premium Bandai产品详情页: http://p-bandai.jp/item/item-1000126529/
[2026-02-16 21:46:49] [INFO] [BandaiScraper] 爬不了一点，过 (PB页面策略)
[2026-02-16 21:46:49] [INFO] [BandaiScraper] 迁移文件夹: data/MG/ＭＧ-1_100-ジム・キャノン-（ホワイト・ディンゴ隊仕様） -> data/MG/1000126529_ＭＧ-1_100-ジム・キャノン-（ホワイト・ディンゴ隊仕様）
[2026-02-16 21:46:49] [INFO] [BandaiScraper] 产品详情已保存到: data/MG/1000126529_ＭＧ-1_100-ジム・キャノン-（ホワイト・ディンゴ隊仕様）/product_details.json
[2026-02-16 21:46:50] [INFO] [BandaiScraper] 正在访问产品详情页: https://bandai-hobby.net/item/01_1817/
[2026-02-16 21:46:53] [INFO] [BandaiScraper] 发现旧格式文件夹: data/MG/ＭＧ-1_100-ポリポッドボール，将迁移到新格式: data/MG/01_1817_ＭＧ-1_100-ポリポッドボール
[2026-02-16 21:46:53] [INFO] [BandaiScraper] 图片不完整 (现有:0, 需要:10)，需要下载
[2026-02-16 21:46:54] [INFO] [BandaiScraper] 图片下载成功，共下载 10 张
[2026-02-16 21:46:54] [INFO] [BandaiScraper] 产品详情已保存到: data/MG/01_1817_ＭＧ-1_100-ポリポッドボール/product_details.json
[2026-02-16 21:46:54] [INFO] [BandaiScraper] 详情页抓取完成，随机延时 2.15 秒...
[2026-02-16 21:46:57] [INFO] [BandaiScraper] 正在访问Premium Bandai产品详情页: http://p-bandai.jp/item/item-1000124942
[2026-02-16 21:46:57] [INFO] [BandaiScraper] 爬不了一点，过 (PB页面策略)
[2026-02-16 21:46:57] [INFO] [BandaiScraper] 迁移文件夹: data/MG/ＭＧ-1_100-アナベル・ガトー専用ゲルググ-Ver.2.0 -> data/MG/1000124942_ＭＧ-1_100-アナベル・ガトー専用ゲルググ-Ver.2.0
[2026-02-16 21:46:57] [INFO] [BandaiScraper] 产品详情已保存到: data/MG/1000124942_ＭＧ-1_100-アナベル・ガトー専用ゲルググ-Ver.2.0/product_details.json
[2026-02-16 21:46:57] [INFO] [BandaiScraper] 正在访问Premium Bandai产品详情页: http://p-bandai.jp/item/item-1000125385
[2026-02-16 21:46:57] [INFO] [BandaiScraper] 爬不了一点，过 (PB页面策略)
[2026-02-16 21:46:57] [INFO] [BandaiScraper] 迁移文件夹: data/MG/ＭＧ-1_100-ガンダムアヴァランチエクシアダッシュ -> data/MG/1000125385_ＭＧ-1_100-ガンダムアヴァランチエクシアダッシュ
[2026-02-16 21:46:57] [INFO] [BandaiScraper] 产品详情已保存到: data/MG/1000125385_ＭＧ-1_100-ガンダムアヴァランチエクシアダッシュ/product_details.json
[2026-02-16 21:46:59] [INFO] [BandaiScraper] 正在访问产品详情页: https://bandai-hobby.net/item/01_1394/
[2026-02-16 21:47:02] [INFO] [BandaiScraper] 发现旧格式文件夹: data/MG/MG-1_100-ジェガン，将迁移到新格式: data/MG/01_1394_MG-1_100-ジェガン
[2026-02-16 21:47:02] [INFO] [BandaiScraper] 图片不完整 (现有:0, 需要:11)，需要下载
[2026-02-16 21:47:06] [INFO] [BandaiScraper] 图片下载成功，共下载 11 张
[2026-02-16 21:47:06] [INFO] [BandaiScraper] 产品详情已保存到: data/MG/01_1394_MG-1_100-ジェガン/product_details.json
[2026-02-16 21:47:06] [INFO] [BandaiScraper] 详情页抓取完成，随机延时 3.33 秒...
[2026-02-16 21:47:10] [INFO] [BandaiScraper] 正在访问Premium Bandai产品详情页: http://p-bandai.jp/item/item-1000124946
[2026-02-16 21:47:10] [INFO] [BandaiScraper] 爬不了一点，过 (PB页面策略)
[2026-02-16 21:47:10] [INFO] [BandaiScraper] 迁移文件夹: data/MG/ＭＧ-1_100-ガンダムＴＲ－１-［ヘイズル改］用-シールド・ブースター拡張セット -> data/MG/1000124946_ＭＧ-1_100-ガンダムＴＲ－１-［ヘイズル改］用-シールド・ブースター拡張セット
[2026-02-16 21:47:10] [INFO] [BandaiScraper] 产品详情已保存到: data/MG/1000124946_ＭＧ-1_100-ガンダムＴＲ－１-［ヘイズル改］用-シールド・ブースター拡張セット/product_details.json
[2026-02-16 21:47:10] [INFO] [BandaiScraper] 正在访问Premium Bandai产品详情页: http://p-bandai.jp/item/item-1000124948/
[2026-02-16 21:47:10] [INFO] [BandaiScraper] 爬不了一点，过 (PB页面策略)
[2026-02-16 21:47:10] [INFO] [BandaiScraper] 迁移文件夹: data/MG/ＭＧ-1_100-Ｇパーツ［フルドド］（実戦配備カラー） -> data/MG/1000124948_ＭＧ-1_100-Ｇパーツ［フルドド］（実戦配備カラー）
[2026-02-16 21:47:10] [INFO] [BandaiScraper] 产品详情已保存到: data/MG/1000124948_ＭＧ-1_100-Ｇパーツ［フルドド］（実戦配備カラー）/product_details.json
[2026-02-16 21:47:11] [INFO] [BandaiScraper] 正在访问Premium Bandai产品详情页: http://p-bandai.jp/item/item-1000124947/
[2026-02-16 21:47:11] [INFO] [BandaiScraper] 爬不了一点，过 (PB页面策略)
[2026-02-16 21:47:11] [INFO] [BandaiScraper] 迁移文件夹: data/MG/ＭＧ-1_100-Ｇパーツ［フルドド］ -> data/MG/1000124947_ＭＧ-1_100-Ｇパーツ［フルドド］
[2026-02-16 21:47:11] [INFO] [BandaiScraper] 产品详情已保存到: data/MG/1000124947_ＭＧ-1_100-Ｇパーツ［フルドド］/product_details.json
[2026-02-16 21:47:12] [INFO] [BandaiScraper] 正在访问Premium Bandai产品详情页: http://p-bandai.jp/item/item-1000124941
[2026-02-16 21:47:12] [INFO] [BandaiScraper] 爬不了一点，过 (PB页面策略)
[2026-02-16 21:47:12] [INFO] [BandaiScraper] 迁移文件夹: data/MG/MG-1_100-ザク・キャノン-(イアン・グレーデン専用機) -> data/MG/1000124941_MG-1_100-ザク・キャノン-(イアン・グレーデン専用機)
[2026-02-16 21:47:12] [INFO] [BandaiScraper] 产品详情已保存到: data/MG/1000124941_MG-1_100-ザク・キャノン-(イアン・グレーデン専用機)/product_details.json
[2026-02-16 21:47:13] [INFO] [BandaiScraper] 正在访问Premium Bandai产品详情页: http://p-bandai.jp/item/item-1000124674
[2026-02-16 21:47:13] [INFO] [BandaiScraper] 爬不了一点，过 (PB页面策略)
[2026-02-16 21:47:13] [INFO] [BandaiScraper] 迁移文件夹: data/MG/ＭＧ-1_100-ガンダムＸ３号機 -> data/MG/1000124674_ＭＧ-1_100-ガンダムＸ３号機
[2026-02-16 21:47:13] [INFO] [BandaiScraper] 产品详情已保存到: data/MG/1000124674_ＭＧ-1_100-ガンダムＸ３号機/product_details.json
[2026-02-16 21:47:14] [INFO] [BandaiScraper] 正在访问产品详情页: https://bandai-hobby.net/item/01_2000/
[2026-02-16 21:47:16] [INFO] [BandaiScraper] 发现旧格式文件夹: data/MG/MG-1_100-トールギスII[スペシャルコーティング]，将迁移到新格式: data/MG/01_2000_MG-1_100-トールギスII[スペシャルコーティング]
[2026-02-16 21:47:16] [INFO] [BandaiScraper] 图片不完整 (现有:0, 需要:1)，需要下载
[2026-02-16 21:47:16] [INFO] [BandaiScraper] 图片下载成功，共下载 1 张
[2026-02-16 21:47:16] [INFO] [BandaiScraper] 产品详情已保存到: data/MG/01_2000_MG-1_100-トールギスII[スペシャルコーティング]/product_details.json
[2026-02-16 21:47:16] [INFO] [BandaiScraper] 详情页抓取完成，随机延时 1.66 秒...
[2026-02-16 21:47:18] [INFO] [BandaiScraper] 正在访问Premium Bandai产品详情页: http://p-bandai.jp/item/item-1000124351/
[2026-02-16 21:47:18] [INFO] [BandaiScraper] 爬不了一点，过 (PB页面策略)
[2026-02-16 21:47:18] [INFO] [BandaiScraper] 迁移文件夹: data/MG/MG-1_100-ジム・ドミナンス -> data/MG/1000124351_MG-1_100-ジム・ドミナンス
[2026-02-16 21:47:18] [INFO] [BandaiScraper] 产品详情已保存到: data/MG/1000124351_MG-1_100-ジム・ドミナンス/product_details.json
[2026-02-16 21:47:19] [INFO] [BandaiScraper] 正在访问产品详情页: https://bandai-hobby.net/item/01_1349/
[2026-02-16 21:47:22] [INFO] [BandaiScraper] 发现旧格式文件夹: data/MG/MG-1_100-ガンダムF91-Ver.2.0，将迁移到新格式: data/MG/01_1349_MG-1_100-ガンダムF91-Ver.2.0
[2026-02-16 21:47:22] [INFO] [BandaiScraper] 图片不完整 (现有:0, 需要:11)，需要下载
[2026-02-16 21:47:24] [INFO] [BandaiScraper] 图片下载成功，共下载 11 张
[2026-02-16 21:47:24] [INFO] [BandaiScraper] 产品详情已保存到: data/MG/01_1349_MG-1_100-ガンダムF91-Ver.2.0/product_details.json
[2026-02-16 21:47:24] [INFO] [BandaiScraper] 详情页抓取完成，随机延时 2.74 秒...
[2026-02-16 21:47:27] [INFO] [BandaiScraper] 正在访问产品详情页: https://bandai-hobby.net/item/01_1955/
[2026-02-16 21:47:29] [INFO] [BandaiScraper] 发现旧格式文件夹: data/MG/MG-1_100-ジム・スナイパーII[クリアカラー]，将迁移到新格式: data/MG/01_1955_MG-1_100-ジム・スナイパーII[クリアカラー]
[2026-02-16 21:47:29] [INFO] [BandaiScraper] 图片不完整 (现有:0, 需要:2)，需要下载
[2026-02-16 21:47:29] [INFO] [BandaiScraper] 图片下载成功，共下载 2 张
[2026-02-16 21:47:29] [INFO] [BandaiScraper] 产品详情已保存到: data/MG/01_1955_MG-1_100-ジム・スナイパーII[クリアカラー]/product_details.json
[2026-02-16 21:47:29] [INFO] [BandaiScraper] 详情页抓取完成，随机延时 3.31 秒...
[2026-02-16 21:47:32] [INFO] [BandaiScraper] 正在访问Premium Bandai产品详情页: http://p-bandai.jp/item/item-1000123688/
[2026-02-16 21:47:32] [INFO] [BandaiScraper] 爬不了一点，过 (PB页面策略)
[2026-02-16 21:47:32] [INFO] [BandaiScraper] 迁移文件夹: data/MG/ＭＧ-1_100-ジンクスIII-（アロウズ型） -> data/MG/1000123688_ＭＧ-1_100-ジンクスIII-（アロウズ型）
[2026-02-16 21:47:32] [INFO] [BandaiScraper] 产品详情已保存到: data/MG/1000123688_ＭＧ-1_100-ジンクスIII-（アロウズ型）/product_details.json
[2026-02-16 21:47:34] [INFO] [BandaiScraper] 正在访问Premium Bandai产品详情页: http://p-bandai.jp/item/item-1000123686/
[2026-02-16 21:47:34] [INFO] [BandaiScraper] 爬不了一点，过 (PB页面策略)
[2026-02-16 21:47:34] [INFO] [BandaiScraper] 迁移文件夹: data/MG/ＭＧ-1_100-ガンダムＴＲ－１-［アドバンスド・ヘイズル］ -> data/MG/1000123686_ＭＧ-1_100-ガンダムＴＲ－１-［アドバンスド・ヘイズル］
[2026-02-16 21:47:34] [INFO] [BandaiScraper] 产品详情已保存到: data/MG/1000123686_ＭＧ-1_100-ガンダムＴＲ－１-［アドバンスド・ヘイズル］/product_details.json
[2026-02-16 21:47:35] [INFO] [BandaiScraper] 正在访问产品详情页: https://bandai-hobby.net/item/01_1941/
[2026-02-16 21:47:37] [INFO] [BandaiScraper] 发现旧格式文件夹: data/MG/MG-1_100-ガンダムベース限定-クロスボーンガンダムX-1-フルクロス-[エクストラフィニッシュ]，将迁移到新格式: data/MG/01_1941_MG-1_100-ガンダムベース限定-クロスボーンガンダムX-1-フルクロス-[エクストラフィニッシュ]
[2026-02-16 21:47:37] [INFO] [BandaiScraper] 图片不完整 (现有:0, 需要:6)，需要下载
[2026-02-16 21:47:39] [INFO] [BandaiScraper] 图片下载成功，共下载 6 张
[2026-02-16 21:47:39] [INFO] [BandaiScraper] 产品详情已保存到: data/MG/01_1941_MG-1_100-ガンダムベース限定-クロスボーンガンダムX-1-フルクロス-[エクストラフィニッシュ]/product_details.json
[2026-02-16 21:47:39] [INFO] [BandaiScraper] 详情页抓取完成，随机延时 3.46 秒...
[2026-02-16 21:47:42] [INFO] [BandaiScraper] 正在访问Premium Bandai产品详情页: http://p-bandai.jp/item/item-1000122564/
[2026-02-16 21:47:42] [INFO] [BandaiScraper] 爬不了一点，过 (PB页面策略)
[2026-02-16 21:47:42] [INFO] [BandaiScraper] 迁移文件夹: data/MG/MG-1_100-ダブルオークアンタ-(トランザムモード)-[スペシャルコーティング] -> data/MG/1000122564_MG-1_100-ダブルオークアンタ-(トランザムモード)-[スペシャルコーティング]
[2026-02-16 21:47:42] [INFO] [BandaiScraper] 产品详情已保存到: data/MG/1000122564_MG-1_100-ダブルオークアンタ-(トランザムモード)-[スペシャルコーティング]/product_details.json
[2026-02-16 21:47:43] [INFO] [BandaiScraper] 正在访问Premium Bandai产品详情页: http://p-bandai.jp/item/item-1000122570/
[2026-02-16 21:47:43] [INFO] [BandaiScraper] 爬不了一点，过 (PB页面策略)
[2026-02-16 21:47:43] [INFO] [BandaiScraper] 迁移文件夹: data/MG/MG-1_100-ダブルオーガンダム-セブンソード_G-(トランザムモード)[スペシャルコーティング] -> data/MG/1000122570_MG-1_100-ダブルオーガンダム-セブンソード_G-(トランザムモード)[スペシャルコーティング]
[2026-02-16 21:47:43] [INFO] [BandaiScraper] 产品详情已保存到: data/MG/1000122570_MG-1_100-ダブルオーガンダム-セブンソード_G-(トランザムモード)[スペシャルコーティング]/product_details.json
[2026-02-16 21:47:45] [INFO] [BandaiScraper] 正在访问产品详情页: https://bandai-hobby.net/item/01_1291/
[2026-02-16 21:47:47] [INFO] [BandaiScraper] 发现旧格式文件夹: data/MG/MG-1_100-PLAN303E-ディープストライカー，将迁移到新格式: data/MG/01_1291_MG-1_100-PLAN303E-ディープストライカー
[2026-02-16 21:47:47] [INFO] [BandaiScraper] 图片不完整 (现有:0, 需要:5)，需要下载
[2026-02-16 21:47:49] [INFO] [BandaiScraper] 图片下载成功，共下载 5 张
[2026-02-16 21:47:49] [INFO] [BandaiScraper] 产品详情已保存到: data/MG/01_1291_MG-1_100-PLAN303E-ディープストライカー/product_details.json
[2026-02-16 21:47:49] [INFO] [BandaiScraper] 详情页抓取完成，随机延时 2.93 秒...
[2026-02-16 21:47:52] [INFO] [BandaiScraper] 正在访问Premium Bandai产品详情页: http://p-bandai.jp/item/item-1000120796/
[2026-02-16 21:47:52] [INFO] [BandaiScraper] 爬不了一点，过 (PB页面策略)
[2026-02-16 21:47:52] [INFO] [BandaiScraper] 迁移文件夹: data/MG/ＭＧ-1_100-ガンダムＴＲ－１-［ヘイズル改］（実戦配備カラー） -> data/MG/1000120796_ＭＧ-1_100-ガンダムＴＲ－１-［ヘイズル改］（実戦配備カラー）
[2026-02-16 21:47:52] [INFO] [BandaiScraper] 产品详情已保存到: data/MG/1000120796_ＭＧ-1_100-ガンダムＴＲ－１-［ヘイズル改］（実戦配備カラー）/product_details.json
[2026-02-16 21:47:52] [INFO] [BandaiScraper] 正在访问Premium Bandai产品详情页: http://p-bandai.jp/item/item-1000120577/
[2026-02-16 21:47:52] [INFO] [BandaiScraper] 爬不了一点，过 (PB页面策略)
[2026-02-16 21:47:52] [INFO] [BandaiScraper] 迁移文件夹: data/MG/ＭＧ-1_100-ガンダムアストレイ-ターンレッド -> data/MG/1000120577_ＭＧ-1_100-ガンダムアストレイ-ターンレッド
[2026-02-16 21:47:52] [INFO] [BandaiScraper] 产品详情已保存到: data/MG/1000120577_ＭＧ-1_100-ガンダムアストレイ-ターンレッド/product_details.json
[2026-02-16 21:47:53] [INFO] [BandaiScraper] 正在访问产品详情页: https://bandai-hobby.net/item/01_1266/
[2026-02-16 21:47:55] [INFO] [BandaiScraper] 发现旧格式文件夹: data/MG/ガンダムデカールNo.118-MG-1_100-ジム・スナイパーII_ジム・コマンド用，将迁移到新格式: data/MG/01_1266_ガンダムデカールNo.118-MG-1_100-ジム・スナイパーII_ジム・コマンド用
[2026-02-16 21:47:55] [INFO] [BandaiScraper] 图片不完整 (现有:0, 需要:1)，需要下载
[2026-02-16 21:47:56] [INFO] [BandaiScraper] 图片下载成功，共下载 1 张
[2026-02-16 21:47:56] [INFO] [BandaiScraper] 产品详情已保存到: data/MG/01_1266_ガンダムデカールNo.118-MG-1_100-ジム・スナイパーII_ジム・コマンド用/product_details.json
[2026-02-16 21:47:56] [INFO] [BandaiScraper] 详情页抓取完成，随机延时 3.38 秒...
[2026-02-16 21:47:59] [INFO] [BandaiScraper] 正在访问Premium Bandai产品详情页: http://p-bandai.jp/item/item-1000120255/
[2026-02-16 21:47:59] [INFO] [BandaiScraper] 爬不了一点，过 (PB页面策略)
[2026-02-16 21:47:59] [INFO] [BandaiScraper] 迁移文件夹: data/MG/ＭＧ-1_100-RGM-79SC-ジム・スナイパーカスタム-（テネス・Ａ・ユング機） -> data/MG/1000120255_ＭＧ-1_100-RGM-79SC-ジム・スナイパーカスタム-（テネス・Ａ・ユング機）
[2026-02-16 21:47:59] [INFO] [BandaiScraper] 产品详情已保存到: data/MG/1000120255_ＭＧ-1_100-RGM-79SC-ジム・スナイパーカスタム-（テネス・Ａ・ユング機）/product_details.json
[2026-02-16 21:48:00] [INFO] [BandaiScraper] 正在访问产品详情页: https://bandai-hobby.net/item/01_1254/
[2026-02-16 21:48:03] [INFO] [BandaiScraper] 发现旧格式文件夹: data/MG/ＭＧ-1_100-プロヴィデンスガンダム-[スペシャルコーティング]，将迁移到新格式: data/MG/01_1254_ＭＧ-1_100-プロヴィデンスガンダム-[スペシャルコーティング]
[2026-02-16 21:48:03] [INFO] [BandaiScraper] 图片不完整 (现有:0, 需要:1)，需要下载
[2026-02-16 21:48:03] [INFO] [BandaiScraper] 图片下载成功，共下载 1 张
[2026-02-16 21:48:03] [INFO] [BandaiScraper] 产品详情已保存到: data/MG/01_1254_ＭＧ-1_100-プロヴィデンスガンダム-[スペシャルコーティング]/product_details.json
[2026-02-16 21:48:03] [INFO] [BandaiScraper] 详情页抓取完成，随机延时 2.87 秒...
[2026-02-16 21:48:06] [INFO] [BandaiScraper] 正在访问Premium Bandai产品详情页: http://p-bandai.jp/item/item-1000119284/
[2026-02-16 21:48:06] [INFO] [BandaiScraper] 爬不了一点，过 (PB页面策略)
[2026-02-16 21:48:06] [INFO] [BandaiScraper] 迁移文件夹: data/MG/ＭＧ-1_100-ウイングガンダムゼロ-ＥＷ-&-ドライツバーク-[スペシャルコーティング] -> data/MG/1000119284_ＭＧ-1_100-ウイングガンダムゼロ-ＥＷ-&-ドライツバーク-[スペシャルコーティング]
[2026-02-16 21:48:06] [INFO] [BandaiScraper] 产品详情已保存到: data/MG/1000119284_ＭＧ-1_100-ウイングガンダムゼロ-ＥＷ-&-ドライツバーク-[スペシャルコーティング]/product_details.json
[2026-02-16 21:48:07] [INFO] [BandaiScraper] 正在访问Premium Bandai产品详情页: http://p-bandai.jp/item/item-1000119060/
[2026-02-16 21:48:07] [INFO] [BandaiScraper] 爬不了一点，过 (PB页面策略)
[2026-02-16 21:48:07] [INFO] [BandaiScraper] 迁移文件夹: data/MG/ＭＧ-1_100-MS-14B-ユーマ・ライトニング専用高機動型ゲルググ -> data/MG/1000119060_ＭＧ-1_100-MS-14B-ユーマ・ライトニング専用高機動型ゲルググ
[2026-02-16 21:48:07] [INFO] [BandaiScraper] 产品详情已保存到: data/MG/1000119060_ＭＧ-1_100-MS-14B-ユーマ・ライトニング専用高機動型ゲルググ/product_details.json
[2026-02-16 21:48:08] [INFO] [BandaiScraper] 正在访问产品详情页: https://bandai-hobby.net/item/01_1248/
[2026-02-16 21:48:11] [INFO] [BandaiScraper] 发现旧格式文件夹: data/MG/MG-1_100-ジム・コマンド(コロニー戦仕様)，将迁移到新格式: data/MG/01_1248_MG-1_100-ジム・コマンド(コロニー戦仕様)
[2026-02-16 21:48:11] [INFO] [BandaiScraper] 图片不完整 (现有:0, 需要:8)，需要下载
[2026-02-16 21:48:12] [INFO] [BandaiScraper] 图片下载成功，共下载 8 张
[2026-02-16 21:48:12] [INFO] [BandaiScraper] 产品详情已保存到: data/MG/01_1248_MG-1_100-ジム・コマンド(コロニー戦仕様)/product_details.json
[2026-02-16 21:48:12] [INFO] [BandaiScraper] 详情页抓取完成，随机延时 2.21 秒...
[2026-02-16 21:48:14] [INFO] [BandaiScraper] 正在访问产品详情页: https://bandai-hobby.net/item/01_1157/
[2026-02-16 21:48:17] [INFO] [BandaiScraper] 发现旧格式文件夹: data/MG/MG-1_100-ジム・スナイパー-カスタム，将迁移到新格式: data/MG/01_1157_MG-1_100-ジム・スナイパー-カスタム
[2026-02-16 21:48:17] [INFO] [BandaiScraper] 图片不完整 (现有:0, 需要:8)，需要下载
[2026-02-16 21:48:19] [INFO] [BandaiScraper] 图片下载成功，共下载 8 张
[2026-02-16 21:48:19] [INFO] [BandaiScraper] 产品详情已保存到: data/MG/01_1157_MG-1_100-ジム・スナイパー-カスタム/product_details.json
[2026-02-16 21:48:19] [INFO] [BandaiScraper] 详情页抓取完成，随机延时 2.92 秒...
[2026-02-16 21:48:22] [INFO] [BandaiScraper] 正在访问产品详情页: https://bandai-hobby.net/item/01_4270/
[2026-02-16 21:48:23] [INFO] [BandaiScraper] 发现旧格式文件夹: data/MG/MG-1_100-百式-Ver.2.0-[メカニカルクリア]，将迁移到新格式: data/MG/01_4270_MG-1_100-百式-Ver.2.0-[メカニカルクリア]
[2026-02-16 21:48:24] [INFO] [BandaiScraper] 图片不完整 (现有:0, 需要:2)，需要下载
[2026-02-16 21:48:24] [INFO] [BandaiScraper] 图片下载成功，共下载 2 张
[2026-02-16 21:48:24] [INFO] [BandaiScraper] 产品详情已保存到: data/MG/01_4270_MG-1_100-百式-Ver.2.0-[メカニカルクリア]/product_details.json
[2026-02-16 21:48:24] [INFO] [BandaiScraper] 详情页抓取完成，随机延时 1.75 秒...
[2026-02-16 21:48:26] [INFO] [BandaiScraper] 正在访问产品详情页: https://bandai-hobby.net/item/01_1952/
[2026-02-16 21:48:28] [INFO] [BandaiScraper] 发现旧格式文件夹: data/MG/MG-1_100-ダブルオーガンダム-セブンソード_G-[クリアカラー]，将迁移到新格式: data/MG/01_1952_MG-1_100-ダブルオーガンダム-セブンソード_G-[クリアカラー]
[2026-02-16 21:48:28] [INFO] [BandaiScraper] 图片不完整 (现有:0, 需要:1)，需要下载
[2026-02-16 21:48:28] [INFO] [BandaiScraper] 图片下载成功，共下载 1 张
[2026-02-16 21:48:28] [INFO] [BandaiScraper] 产品详情已保存到: data/MG/01_1952_MG-1_100-ダブルオーガンダム-セブンソード_G-[クリアカラー]/product_details.json
[2026-02-16 21:48:28] [INFO] [BandaiScraper] 详情页抓取完成，随机延时 1.85 秒...
[2026-02-16 21:48:30] [INFO] [BandaiScraper] 正在访问产品详情页: https://bandai-hobby.net/item/01_1951/
[2026-02-16 21:48:32] [INFO] [BandaiScraper] 发现旧格式文件夹: data/MG/MG-1_100-ジャスティスガンダム[クリアカラー]，将迁移到新格式: data/MG/01_1951_MG-1_100-ジャスティスガンダム[クリアカラー]
[2026-02-16 21:48:32] [INFO] [BandaiScraper] 图片不完整 (现有:0, 需要:1)，需要下载
[2026-02-16 21:48:32] [INFO] [BandaiScraper] 图片下载成功，共下载 1 张
[2026-02-16 21:48:32] [INFO] [BandaiScraper] 产品详情已保存到: data/MG/01_1951_MG-1_100-ジャスティスガンダム[クリアカラー]/product_details.json
[2026-02-16 21:48:32] [INFO] [BandaiScraper] 详情页抓取完成，随机延时 3.32 秒...
[2026-02-16 21:47:36] [INFO] [BandaiScraper] 正在访问产品详情页: https://bandai-hobby.net/item/01_1931/
[2026-02-16 21:48:38] [INFO] [BandaiScraper] 发现旧格式文件夹: data/MG/MG-1_100-ガンダムベース限定-シナンジュ[メカニカルクリア]，将迁移到新格式: data/MG/01_1931_MG-1_100-ガンダムベース限定-シナンジュ[メカニカルクリア]
[2026-02-16 21:48:38] [INFO] [BandaiScraper] 图片不完整 (现有:0, 需要:3)，需要下载
[2026-02-16 21:48:39] [INFO] [BandaiScraper] 图片下载成功，共下载 3 张
[2026-02-16 21:48:39] [INFO] [BandaiScraper] 产品详情已保存到: data/MG/01_1931_MG-1_100-ガンダムベース限定-シナンジュ[メカニカルクリア]/product_details.json
[2026-02-16 21:48:39] [INFO] [BandaiScraper] 详情页抓取完成，随机延时 2.61 秒...
[2026-02-16 21:48:41] [INFO] [BandaiScraper] 正在访问Premium Bandai产品详情页: http://p-bandai.jp/item/item-1000117964/
[2026-02-16 21:48:41] [INFO] [BandaiScraper] 爬不了一点，过 (PB页面策略)
[2026-02-16 21:48:41] [INFO] [BandaiScraper] 迁移文件夹: data/MG/MG-1_100-アドヴァンスドジンクス(デボラ機) -> data/MG/1000117964_MG-1_100-アドヴァンスドジンクス(デボラ機)
[2026-02-16 21:48:41] [INFO] [BandaiScraper] 产品详情已保存到: data/MG/1000117964_MG-1_100-アドヴァンスドジンクス(デボラ機)/product_details.json
[2026-02-16 21:48:43] [INFO] [BandaiScraper] 正在访问Premium Bandai产品详情页: http://p-bandai.jp/item/item-1000115863/
[2026-02-16 21:48:43] [INFO] [BandaiScraper] 爬不了一点，过 (PB页面策略)
[2026-02-16 21:48:43] [INFO] [BandaiScraper] 迁移文件夹: data/MG/ＭＧ-1_100-ジャスティスガンダム-[スペシャルコーティング] -> data/MG/1000115863_ＭＧ-1_100-ジャスティスガンダム-[スペシャルコーティング]
[2026-02-16 21:48:43] [INFO] [BandaiScraper] 产品详情已保存到: data/MG/1000115863_ＭＧ-1_100-ジャスティスガンダム-[スペシャルコーティング]/product_details.json
[2026-02-16 21:48:43] [INFO] [BandaiScraper] 正在访问产品详情页: https://bandai-hobby.net/item/01_1151/
[2026-02-16 21:48:46] [INFO] [BandaiScraper] 发现旧格式文件夹: data/MG/ＭＧ-1_100-ジム・コマンド（宇宙戦仕様），将迁移到新格式: data/MG/01_1151_ＭＧ-1_100-ジム・コマンド（宇宙戦仕様）
[2026-02-16 21:48:46] [INFO] [BandaiScraper] 图片不完整 (现有:0, 需要:1)，需要下载
[2026-02-16 21:48:46] [INFO] [BandaiScraper] 图片下载成功，共下载 1 张
[2026-02-16 21:48:46] [INFO] [BandaiScraper] 产品详情已保存到: data/MG/01_1151_ＭＧ-1_100-ジム・コマンド（宇宙戦仕様）/product_details.json
[2026-02-16 21:48:46] [INFO] [BandaiScraper] 详情页抓取完成，随机延时 1.99 秒...
[2026-02-16 21:48:48] [INFO] [BandaiScraper] 正在访问产品详情页: https://bandai-hobby.net/item/01_1948/
[2026-02-16 21:48:51] [INFO] [BandaiScraper] 发现旧格式文件夹: data/MG/MG-1_100-ガンダムアストレイ-ゴールドフレーム[スペシャルコーティング]，将迁移到新格式: data/MG/01_1948_MG-1_100-ガンダムアストレイ-ゴールドフレーム[スペシャルコーティング]
[2026-02-16 21:48:51] [INFO] [BandaiScraper] 图片不完整 (现有:0, 需要:1)，需要下载
[2026-02-16 21:48:51] [INFO] [BandaiScraper] 图片下载成功，共下载 1 张
[2026-02-16 21:48:51] [INFO] [BandaiScraper] 产品详情已保存到: data/MG/01_1948_MG-1_100-ガンダムアストレイ-ゴールドフレーム[スペシャルコーティング]/product_details.json
[2026-02-16 21:48:51] [INFO] [BandaiScraper] 详情页抓取完成，随机延时 2.50 秒...
[2026-02-16 21:48:53] [INFO] [BandaiScraper] 正在访问Premium Bandai产品详情页: http://p-bandai.jp/item/item-1000116955/
[2026-02-16 21:48:53] [INFO] [BandaiScraper] 爬不了一点，过 (PB页面策略)
[2026-02-16 21:48:53] [INFO] [BandaiScraper] 迁移文件夹: data/MG/ＭＧ-1_100-ガンダムサンドロック改-ＥＷ -> data/MG/1000116955_ＭＧ-1_100-ガンダムサンドロック改-ＥＷ
[2026-02-16 21:48:53] [INFO] [BandaiScraper] 产品详情已保存到: data/MG/1000116955_ＭＧ-1_100-ガンダムサンドロック改-ＥＷ/product_details.json
[2026-02-16 21:48:54] [INFO] [BandaiScraper] 正在访问Premium Bandai产品详情页: http://p-bandai.jp/item/item-1000115815
[2026-02-16 21:48:54] [INFO] [BandaiScraper] 爬不了一点，过 (PB页面策略)
[2026-02-16 21:48:54] [INFO] [BandaiScraper] 迁移文件夹: data/MG/MG-1_100-MS-06R-1-ブレニフ・オグス専用ザクII -> data/MG/1000115815_MG-1_100-MS-06R-1-ブレニフ・オグス専用ザクII
[2026-02-16 21:48:54] [INFO] [BandaiScraper] 产品详情已保存到: data/MG/1000115815_MG-1_100-MS-06R-1-ブレニフ・オグス専用ザクII/product_details.json
[2026-02-16 21:48:55] [INFO] [BandaiScraper] 正在访问产品详情页: https://bandai-hobby.net/item/01_4763/
[2026-02-16 21:48:57] [INFO] [BandaiScraper] 发现旧格式文件夹: data/MG/MG-1_100-ユニコーンガンダム［メタリックグロスインジェクション］，将迁移到新格式: data/MG/01_4763_MG-1_100-ユニコーンガンダム［メタリックグロスインジェクション］
[2026-02-16 21:48:57] [INFO] [BandaiScraper] 图片不完整 (现有:0, 需要:3)，需要下载
[2026-02-16 21:48:58] [INFO] [BandaiScraper] 图片下载成功，共下载 3 张
[2026-02-16 21:48:58] [INFO] [BandaiScraper] 产品详情已保存到: data/MG/01_4763_MG-1_100-ユニコーンガンダム［メタリックグロスインジェクション］/product_details.json
[2026-02-16 21:48:58] [INFO] [BandaiScraper] 详情页抓取完成，随机延时 2.77 秒...
[2026-02-16 21:49:01] [INFO] [BandaiScraper] 正在访问Premium Bandai产品详情页: http://p-bandai.jp/item/item-1000115199/
[2026-02-16 21:49:01] [INFO] [BandaiScraper] 爬不了一点，过 (PB页面策略)
[2026-02-16 21:49:01] [INFO] [BandaiScraper] 迁移文件夹: data/MG/ＭＧ-1_100-RMS-179-ジムＩＩ（ユニコーンＶｅｒ．） -> data/MG/1000115199_ＭＧ-1_100-RMS-179-ジムＩＩ（ユニコーンＶｅｒ．）
[2026-02-16 21:49:01] [INFO] [BandaiScraper] 产品详情已保存到: data/MG/1000115199_ＭＧ-1_100-RMS-179-ジムＩＩ（ユニコーンＶｅｒ．）/product_details.json
[2026-02-16 21:49:03] [INFO] [BandaiScraper] 正在访问Premium Bandai产品详情页: http://p-bandai.jp/item/item-1000115790/
[2026-02-16 21:49:03] [INFO] [BandaiScraper] 爬不了一点，过 (PB页面策略)
[2026-02-16 21:49:03] [INFO] [BandaiScraper] 迁移文件夹: data/MG/ＭＧ-1_100-ガンダムＴＲ－１-［ヘイズル改］ -> data/MG/1000115790_ＭＧ-1_100-ガンダムＴＲ－１-［ヘイズル改］
[2026-02-16 21:49:03] [INFO] [BandaiScraper] 产品详情已保存到: data/MG/1000115790_ＭＧ-1_100-ガンダムＴＲ－１-［ヘイズル改］/product_details.json
[2026-02-16 21:49:04] [INFO] [BandaiScraper] 正在访问产品详情页: https://bandai-hobby.net/item/01_1111/
[2026-02-16 21:49:06] [INFO] [BandaiScraper] 发现旧格式文件夹: data/MG/ＭＧ-1_100-高機動型ザク-“サイコ・ザク”-（GUNDAM-THUNDERBOLT-Ver.）-ラストセッションVer，将迁移到新格式: data/MG/01_1111_ＭＧ-1_100-高機動型ザク-“サイコ・ザク”-（GUNDAM-THUNDERBOLT-Ver.）-ラストセッションVer
[2026-02-16 21:49:06] [INFO] [BandaiScraper] 图片不完整 (现有:0, 需要:1)，需要下载
[2026-02-16 21:49:07] [INFO] [BandaiScraper] 图片下载成功，共下载 1 张
[2026-02-16 21:49:07] [INFO] [BandaiScraper] 产品详情已保存到: data/MG/01_1111_ＭＧ-1_100-高機動型ザク-“サイコ・ザク”-（GUNDAM-THUNDERBOLT-Ver.）-ラストセッションVer/product_details.json
[2026-02-16 21:49:07] [INFO] [BandaiScraper] 详情页抓取完成，随机延时 2.01 秒...
[2026-02-16 21:49:09] [INFO] [BandaiScraper] 正在访问产品详情页: https://bandai-hobby.net/item/01_4760/
[2026-02-16 21:49:11] [INFO] [BandaiScraper] 发现旧格式文件夹: data/MG/MG-1_100-ガンダムフェニーチェリナーシタ-[クリアカラー]，将迁移到新格式: data/MG/01_4760_MG-1_100-ガンダムフェニーチェリナーシタ-[クリアカラー]
[2026-02-16 21:49:11] [INFO] [BandaiScraper] 图片不完整 (现有:0, 需要:2)，需要下载
[2026-02-16 21:49:11] [INFO] [BandaiScraper] 图片下载成功，共下载 2 张
[2026-02-16 21:49:11] [INFO] [BandaiScraper] 产品详情已保存到: data/MG/01_4760_MG-1_100-ガンダムフェニーチェリナーシタ-[クリアカラー]/product_details.json
[2026-02-16 21:49:11] [INFO] [BandaiScraper] 详情页抓取完成，随机延时 2.44 秒...
[2026-02-16 21:49:14] [INFO] [BandaiScraper] 正在访问产品详情页: https://bandai-hobby.net/item/01_1921/
[2026-02-16 21:49:16] [INFO] [BandaiScraper] 发现旧格式文件夹: data/MG/MG-1_100-ガンダムベース限定-RX-78-2-ガンダム-Ver.3.0-[クリアカラー]，将迁移到新格式: data/MG/01_1921_MG-1_100-ガンダムベース限定-RX-78-2-ガンダム-Ver.3.0-[クリアカラー]
[2026-02-16 21:49:16] [INFO] [BandaiScraper] 图片不完整 (现有:0, 需要:5)，需要下载
[2026-02-16 21:49:18] [INFO] [BandaiScraper] 图片下载成功，共下载 5 张
[2026-02-16 21:49:18] [INFO] [BandaiScraper] 产品详情已保存到: data/MG/01_1921_MG-1_100-ガンダムベース限定-RX-78-2-ガンダム-Ver.3.0-[クリアカラー]/product_details.json
[2026-02-16 21:49:18] [INFO] [BandaiScraper] 详情页抓取完成，随机延时 3.08 秒...
[2026-02-16 21:49:21] [INFO] [BandaiScraper] 正在访问产品详情页: https://bandai-hobby.net/item/01_1917/
[2026-02-16 21:49:22] [INFO] [BandaiScraper] 发现旧格式文件夹: data/MG/MG-1_100-トールギス-EW-[スペシャルコーティング]，将迁移到新格式: data/MG/01_1917_MG-1_100-トールギス-EW-[スペシャルコーティング]
[2026-02-16 21:49:23] [INFO] [BandaiScraper] 图片不完整 (现有:0, 需要:1)，需要下载
[2026-02-16 21:49:23] [INFO] [BandaiScraper] 图片下载成功，共下载 1 张
[2026-02-16 21:49:23] [INFO] [BandaiScraper] 产品详情已保存到: data/MG/01_1917_MG-1_100-トールギス-EW-[スペシャルコーティング]/product_details.json
[2026-02-16 21:49:23] [INFO] [BandaiScraper] 详情页抓取完成，随机延时 2.87 秒...
[2026-02-16 21:49:26] [INFO] [BandaiScraper] 正在访问产品详情页: https://bandai-hobby.net/item/01_1911/
[2026-02-16 21:49:28] [INFO] [BandaiScraper] 发现旧格式文件夹: data/MG/MG-1_100-ガンダムベース限定-フリーダムガンダム-Ver.2.0-[クリアカラー]，将迁移到新格式: data/MG/01_1911_MG-1_100-ガンダムベース限定-フリーダムガンダム-Ver.2.0-[クリアカラー]
[2026-02-16 21:49:28] [INFO] [BandaiScraper] 图片不完整 (现有:0, 需要:7)，需要下载
[2026-02-16 21:49:30] [INFO] [BandaiScraper] 图片下载成功，共下载 7 张
[2026-02-16 21:49:30] [INFO] [BandaiScraper] 产品详情已保存到: data/MG/01_1911_MG-1_100-ガンダムベース限定-フリーダムガンダム-Ver.2.0-[クリアカラー]/product_details.json
[2026-02-16 21:49:30] [INFO] [BandaiScraper] 详情页抓取完成，随机延时 1.72 秒...
[2026-02-16 21:49:32] [INFO] [BandaiScraper] 正在访问产品详情页: https://bandai-hobby.net/item/01_1112/
[2026-02-16 21:49:34] [INFO] [BandaiScraper] 发现旧格式文件夹: data/MG/ＭＧ-1_100-フルアーマー・ガンダム（GUNDAM-THUNDERBOLT版）-ラストセッションVer．，将迁移到新格式: data/MG/01_1112_ＭＧ-1_100-フルアーマー・ガンダム（GUNDAM-THUNDERBOLT版）-ラストセッションVer．
[2026-02-16 21:49:34] [INFO] [BandaiScraper] 图片不完整 (现有:0, 需要:1)，需要下载
[2026-02-16 21:49:35] [INFO] [BandaiScraper] 图片下载成功，共下载 1 张
[2026-02-16 21:49:35] [INFO] [BandaiScraper] 产品详情已保存到: data/MG/01_1112_ＭＧ-1_100-フルアーマー・ガンダム（GUNDAM-THUNDERBOLT版）-ラストセッションVer．/product_details.json
[2026-02-16 21:49:35] [INFO] [BandaiScraper] 详情页抓取完成，随机延时 2.10 秒...
[2026-02-16 21:49:37] [INFO] [BandaiScraper] 正在访问产品详情页: https://bandai-hobby.net/item/01_1078/
[2026-02-16 21:49:39] [INFO] [BandaiScraper] 发现旧格式文件夹: data/MG/MG-1_100-ガンダムベース限定-エールストライクガンダムVer.RM［クリアカラー］，将迁移到新格式: data/MG/01_1078_MG-1_100-ガンダムベース限定-エールストライクガンダムVer.RM［クリアカラー］
[2026-02-16 21:49:39] [INFO] [BandaiScraper] 图片不完整 (现有:0, 需要:7)，需要下载
[2026-02-16 21:49:42] [INFO] [BandaiScraper] 图片下载成功，共下载 7 张
[2026-02-16 21:49:42] [INFO] [BandaiScraper] 产品详情已保存到: data/MG/01_1078_MG-1_100-ガンダムベース限定-エールストライクガンダムVer.RM［クリアカラー］/product_details.json
[2026-02-16 21:49:42] [INFO] [BandaiScraper] 详情页抓取完成，随机延时 1.90 秒...
[2026-02-16 21:49:44] [INFO] [BandaiScraper] 正在访问Premium Bandai产品详情页: http://p-bandai.jp/item/item-1000115034/
[2026-02-16 21:49:44] [INFO] [BandaiScraper] 爬不了一点，过 (PB页面策略)
[2026-02-16 21:49:44] [INFO] [BandaiScraper] 迁移文件夹: data/MG/MG-1_100-MS-06R-1A-マサヤ・ナカガワ専用ザクII -> data/MG/1000115034_MG-1_100-MS-06R-1A-マサヤ・ナカガワ専用ザクII
[2026-02-16 21:49:44] [INFO] [BandaiScraper] 产品详情已保存到: data/MG/1000115034_MG-1_100-MS-06R-1A-マサヤ・ナカガワ専用ザクII/product_details.json
[2026-02-16 21:49:44] [INFO] [BandaiScraper] 正在访问Premium Bandai产品详情页: http://p-bandai.jp/item/item-1000114962/
[2026-02-16 21:49:44] [INFO] [BandaiScraper] 爬不了一点，过 (PB页面策略)
[2026-02-16 21:49:44] [INFO] [BandaiScraper] 迁移文件夹: data/MG/ＭＧ-1_100-キャスバル専用ガンダム-Ver.3.0 -> data/MG/1000114962_ＭＧ-1_100-キャスバル専用ガンダム-Ver.3.0
[2026-02-16 21:49:44] [INFO] [BandaiScraper] 产品详情已保存到: data/MG/1000114962_ＭＧ-1_100-キャスバル専用ガンダム-Ver.3.0/product_details.json
[2026-02-16 21:49:46] [INFO] [BandaiScraper] 正在访问Premium Bandai产品详情页: https://p-bandai.jp/item/item-1000141524/
[2026-02-16 21:49:46] [INFO] [BandaiScraper] 爬不了一点，过 (PB页面策略)
[2026-02-16 21:49:46] [INFO] [BandaiScraper] 迁移文件夹: data/MG/ＭＧ-1_100-ダブルオーザンライザー -> data/MG/1000141524_ＭＧ-1_100-ダブルオーザンライザー
[2026-02-16 21:49:46] [INFO] [BandaiScraper] 产品详情已保存到: data/MG/1000141524_ＭＧ-1_100-ダブルオーザンライザー/product_details.json
[2026-02-16 21:49:47] [INFO] [BandaiScraper] 正在访问Premium Bandai产品详情页: http://p-bandai.jp/item/item-1000114409/
[2026-02-16 21:49:47] [INFO] [BandaiScraper] 爬不了一点，过 (PB页面策略)
[2026-02-16 21:49:47] [INFO] [BandaiScraper] 迁移文件夹: data/MG/ＭＧ-1_100-アドヴァンスドジンクス -> data/MG/1000114409_ＭＧ-1_100-アドヴァンスドジンクス
[2026-02-16 21:49:47] [INFO] [BandaiScraper] 产品详情已保存到: data/MG/1000114409_ＭＧ-1_100-アドヴァンスドジンクス/product_details.json
[2026-02-16 21:49:48] [INFO] [BandaiScraper] 正在访问Premium Bandai产品详情页: http://p-bandai.jp/item/item-1000114191/
[2026-02-16 21:49:48] [INFO] [BandaiScraper] 爬不了一点，过 (PB页面策略)
[2026-02-16 21:49:48] [INFO] [BandaiScraper] 迁移文件夹: data/MG/ＭＧ-1_100-MS-06R-1A-シン・マツナガ専用ザクIＩ（カスタムタイプ） -> data/MG/1000114191_ＭＧ-1_100-MS-06R-1A-シン・マツナガ専用ザクIＩ（カスタムタイプ）
[2026-02-16 21:49:48] [INFO] [BandaiScraper] 产品详情已保存到: data/MG/1000114191_ＭＧ-1_100-MS-06R-1A-シン・マツナガ専用ザクIＩ（カスタムタイプ）/product_details.json
[2026-02-16 21:49:49] [INFO] [BandaiScraper] 正在访问产品详情页: https://bandai-hobby.net/item/01_1019/
[2026-02-16 21:49:51] [INFO] [BandaiScraper] 发现旧格式文件夹: data/MG/MG-1_100-ジャスティスガンダム，将迁移到新格式: data/MG/01_1019_MG-1_100-ジャスティスガンダム
[2026-02-16 21:49:51] [INFO] [BandaiScraper] 图片不完整 (现有:0, 需要:3)，需要下载
[2026-02-16 21:49:52] [INFO] [BandaiScraper] 图片下载成功，共下载 3 张
[2026-02-16 21:49:52] [INFO] [BandaiScraper] 产品详情已保存到: data/MG/01_1019_MG-1_100-ジャスティスガンダム/product_details.json
[2026-02-16 21:49:52] [INFO] [BandaiScraper] 详情页抓取完成，随机延时 2.89 秒...
[2026-02-16 21:49:54] [INFO] [BandaiScraper] 正在访问Premium Bandai产品详情页: http://p-bandai.jp/item/item-1000113716/
[2026-02-16 21:49:54] [INFO] [BandaiScraper] 爬不了一点，过 (PB页面策略)
[2026-02-16 21:49:54] [INFO] [BandaiScraper] 迁移文件夹: data/MG/MG-1_100-プロヴィデンスガンダム用-ドラグーンディスプレイエフェクト -> data/MG/1000113716_MG-1_100-プロヴィデンスガンダム用-ドラグーンディスプレイエフェクト
[2026-02-16 21:49:54] [INFO] [BandaiScraper] 产品详情已保存到: data/MG/1000113716_MG-1_100-プロヴィデンスガンダム用-ドラグーンディスプレイエフェクト/product_details.json
[2026-02-16 21:48:56] [INFO] [BandaiScraper] 正在访问Premium Bandai产品详情页: http://p-bandai.jp/item/item-1000112530 
[2026-02-16 21:48:56] [INFO] [BandaiScraper] 爬不了一点，过 (PB页面策略)
[2026-02-16 21:48:56] [INFO] [BandaiScraper] 迁移文件夹: data/MG/ＭＧ-1_100-ジム・キャノン(北米戦線仕様) -> data/MG/1000112530_ＭＧ-1_100-ジム・キャノン(北米戦線仕様)
[2026-02-16 21:48:56] [INFO] [BandaiScraper] 产品详情已保存到: data/MG/1000112530_ＭＧ-1_100-ジム・キャノン(北米戦線仕様)/product_details.json
[2026-02-16 21:48:57] [INFO] [BandaiScraper] 正在访问产品详情页: https://bandai-hobby.net/item/01_837/
[2026-02-16 21:49:59] [INFO] [BandaiScraper] 发现旧格式文件夹: data/MG/MG-1_100-RX-78-02-ガンダム（GUNDAM-THE-ORIGIN版）スペシャルVer，将迁移到新格式: data/MG/01_837_MG-1_100-RX-78-02-ガンダム（GUNDAM-THE-ORIGIN版）スペシャルVer
[2026-02-16 21:49:59] [INFO] [BandaiScraper] 图片不完整 (现有:0, 需要:12)，需要下载
[2026-02-16 21:50:01] [INFO] [BandaiScraper] 图片下载成功，共下载 12 张
[2026-02-16 21:50:01] [INFO] [BandaiScraper] 产品详情已保存到: data/MG/01_837_MG-1_100-RX-78-02-ガンダム（GUNDAM-THE-ORIGIN版）スペシャルVer/product_details.json
[2026-02-16 21:50:01] [INFO] [BandaiScraper] 详情页抓取完成，随机延时 2.56 秒...
[2026-02-16 21:50:04] [INFO] [BandaiScraper] 正在访问产品详情页: https://bandai-hobby.net/item/01_838/
[2026-02-16 21:50:07] [INFO] [BandaiScraper] 发现旧格式文件夹: data/MG/MG-1_100-プロヴィデンスガンダム-G.U.N.D.A.M.-プレミアムエディション，将迁移到新格式: data/MG/01_838_MG-1_100-プロヴィデンスガンダム-G.U.N.D.A.M.-プレミアムエディション
[2026-02-16 21:50:07] [INFO] [BandaiScraper] 图片不完整 (现有:0, 需要:12)，需要下载
[2026-02-16 21:50:10] [INFO] [BandaiScraper] 图片下载成功，共下载 12 张
[2026-02-16 21:50:10] [INFO] [BandaiScraper] 产品详情已保存到: data/MG/01_838_MG-1_100-プロヴィデンスガンダム-G.U.N.D.A.M.-プレミアムエディション/product_details.json
[2026-02-16 21:50:10] [INFO] [BandaiScraper] 详情页抓取完成，随机延时 1.68 秒...
[2026-02-16 21:50:12] [INFO] [BandaiScraper] 正在访问产品详情页: https://bandai-hobby.net/item/01_829/
[2026-02-16 21:50:14] [INFO] [BandaiScraper] 发现旧格式文件夹: data/MG/MG-1_100-プロヴィデンスガンダム，将迁移到新格式: data/MG/01_829_MG-1_100-プロヴィデンスガンダム
[2026-02-16 21:50:14] [INFO] [BandaiScraper] 图片不完整 (现有:0, 需要:3)，需要下载
[2026-02-16 21:50:14] [INFO] [BandaiScraper] 图片下载成功，共下载 3 张
[2026-02-16 21:50:14] [INFO] [BandaiScraper] 产品详情已保存到: data/MG/01_829_MG-1_100-プロヴィデンスガンダム/product_details.json
[2026-02-16 21:50:14] [INFO] [BandaiScraper] 详情页抓取完成，随机延时 2.72 秒...
[2026-02-16 21:50:17] [INFO] [BandaiScraper] 正在访问产品详情页: https://bandai-hobby.net/item/01_839/
[2026-02-16 21:50:19] [INFO] [BandaiScraper] 发现旧格式文件夹: data/MG/ＭＧ-1_100-ジム・スナイパーII（ホワイト・ディンゴ隊仕様），将迁移到新格式: data/MG/01_839_ＭＧ-1_100-ジム・スナイパーII（ホワイト・ディンゴ隊仕様）
[2026-02-16 21:50:19] [INFO] [BandaiScraper] 图片不完整 (现有:0, 需要:10)，需要下载
[2026-02-16 21:50:22] [INFO] [BandaiScraper] 图片下载成功，共下载 10 张
[2026-02-16 21:50:22] [INFO] [BandaiScraper] 产品详情已保存到: data/MG/01_839_ＭＧ-1_100-ジム・スナイパーII（ホワイト・ディンゴ隊仕様）/product_details.json
[2026-02-16 21:50:22] [INFO] [BandaiScraper] 详情页抓取完成，随机延时 2.59 秒...
[2026-02-16 21:50:24] [INFO] [BandaiScraper] 正在访问产品详情页: https://bandai-hobby.net/item/01_813/
[2026-02-16 21:50:27] [INFO] [BandaiScraper] 发现旧格式文件夹: data/MG/ドラマティックコンビネーション-[MG-フリーダムガンダムVer.2.0-&-キラ・ヤマト]，将迁移到新格式: data/MG/01_813_ドラマティックコンビネーション-[MG-フリーダムガンダムVer.2.0-&-キラ・ヤマト]
[2026-02-16 21:50:27] [INFO] [BandaiScraper] 图片不完整 (现有:0, 需要:6)，需要下载
[2026-02-16 21:50:29] [INFO] [BandaiScraper] 图片下载成功，共下载 6 张
[2026-02-16 21:50:29] [INFO] [BandaiScraper] 产品详情已保存到: data/MG/01_813_ドラマティックコンビネーション-[MG-フリーダムガンダムVer.2.0-&-キラ・ヤマト]/product_details.json
[2026-02-16 21:50:29] [INFO] [BandaiScraper] 详情页抓取完成，随机延时 2.59 秒...
[2026-02-16 21:50:31] [INFO] [BandaiScraper] 正在访问产品详情页: https://bandai-hobby.net/item/01_783/
[2026-02-16 21:50:34] [INFO] [BandaiScraper] 发现旧格式文件夹: data/MG/MG-1_100-ジム・スナイパーII，将迁移到新格式: data/MG/01_783_MG-1_100-ジム・スナイパーII
[2026-02-16 21:50:34] [INFO] [BandaiScraper] 图片不完整 (现有:0, 需要:8)，需要下载
[2026-02-16 21:50:36] [INFO] [BandaiScraper] 图片下载成功，共下载 8 张
[2026-02-16 21:50:36] [INFO] [BandaiScraper] 产品详情已保存到: data/MG/01_783_MG-1_100-ジム・スナイパーII/product_details.json
[2026-02-16 21:50:36] [INFO] [BandaiScraper] 详情页抓取完成，随机延时 2.99 秒...
[2026-02-16 21:50:39] [INFO] [BandaiScraper] 正在访问Premium Bandai产品详情页: http://p-bandai.jp/item/item-1000111152/
[2026-02-16 21:50:39] [INFO] [BandaiScraper] 爬不了一点，过 (PB页面策略)
[2026-02-16 21:50:39] [INFO] [BandaiScraper] 迁移文件夹: data/MG/ＭＧ-1_100-プロトタイプグフ -> data/MG/1000111152_ＭＧ-1_100-プロトタイプグフ
[2026-02-16 21:50:39] [INFO] [BandaiScraper] 产品详情已保存到: data/MG/1000111152_ＭＧ-1_100-プロトタイプグフ/product_details.json
[2026-02-16 21:50:40] [INFO] [BandaiScraper] 正在访问Premium Bandai产品详情页: http://p-bandai.jp/item/item-1000112091/
[2026-02-16 21:50:40] [INFO] [BandaiScraper] 爬不了一点，过 (PB页面策略)
[2026-02-16 21:50:40] [INFO] [BandaiScraper] 迁移文件夹: data/MG/ＭＧ-1_100-RMS-179-ジムＩＩ -> data/MG/1000112091_ＭＧ-1_100-RMS-179-ジムＩＩ
[2026-02-16 21:50:40] [INFO] [BandaiScraper] 产品详情已保存到: data/MG/1000112091_ＭＧ-1_100-RMS-179-ジムＩＩ/product_details.json
[2026-02-16 21:50:42] [INFO] [BandaiScraper] 正在访问产品详情页: https://bandai-hobby.net/item/01_776/
[2026-02-16 21:50:44] [INFO] [BandaiScraper] 发现旧格式文件夹: data/MG/MG-1_100-ユニコーンガンダム(レッド_グリーン-TWIN-FRAME-EDITION)チタニウムフィニッシュ，将迁移到新格式: data/MG/01_776_MG-1_100-ユニコーンガンダム(レッド_グリーン-TWIN-FRAME-EDITION)チタニウムフィニッシュ
[2026-02-16 21:50:44] [INFO] [BandaiScraper] 图片不完整 (现有:0, 需要:6)，需要下载
[2026-02-16 21:50:46] [INFO] [BandaiScraper] 图片下载成功，共下载 6 张
[2026-02-16 21:50:46] [INFO] [BandaiScraper] 产品详情已保存到: data/MG/01_776_MG-1_100-ユニコーンガンダム(レッド_グリーン-TWIN-FRAME-EDITION)チタニウムフィニッシュ/product_details.json
[2026-02-16 21:50:46] [INFO] [BandaiScraper] 详情页抓取完成，随机延时 1.93 秒...
[2026-02-16 21:50:48] [INFO] [BandaiScraper] 正在访问产品详情页: https://bandai-hobby.net/item/01_4821/
[2026-02-16 21:50:49] [INFO] [BandaiScraper] 发现旧格式文件夹: data/MG/MG-1_100-V2ガンダム-Ver.Ka-メカニカルクリア_ゴールドメッキVer，将迁移到新格式: data/MG/01_4821_MG-1_100-V2ガンダム-Ver.Ka-メカニカルクリア_ゴールドメッキVer
[2026-02-16 21:50:49] [INFO] [BandaiScraper] 图片不完整 (现有:0, 需要:1)，需要下载
[2026-02-16 21:50:50] [INFO] [BandaiScraper] 图片下载成功，共下载 1 张
[2026-02-16 21:50:50] [INFO] [BandaiScraper] 产品详情已保存到: data/MG/01_4821_MG-1_100-V2ガンダム-Ver.Ka-メカニカルクリア_ゴールドメッキVer/product_details.json
[2026-02-16 21:50:50] [INFO] [BandaiScraper] 详情页抓取完成，随机延时 1.56 秒...
[2026-02-16 21:50:51] [INFO] [BandaiScraper] 正在访问Premium Bandai产品详情页: https://p-bandai.jp/item/item-1000118902
[2026-02-16 21:50:51] [INFO] [BandaiScraper] 爬不了一点，过 (PB页面策略)
[2026-02-16 21:50:51] [INFO] [BandaiScraper] 迁移文件夹: data/MG/ＭＧ-1_100-MS-06R-2-ロバート・ギリアム専用ザクＩＩ -> data/MG/1000118902_ＭＧ-1_100-MS-06R-2-ロバート・ギリアム専用ザクＩＩ
[2026-02-16 21:50:51] [INFO] [BandaiScraper] 产品详情已保存到: data/MG/1000118902_ＭＧ-1_100-MS-06R-2-ロバート・ギリアム専用ザクＩＩ/product_details.json
[2026-02-16 21:50:52] [INFO] [BandaiScraper] 正在访问Premium Bandai产品详情页: https://p-bandai.jp/item/item-1000134783
[2026-02-16 21:50:52] [INFO] [BandaiScraper] 爬不了一点，过 (PB页面策略)
[2026-02-16 21:50:52] [INFO] [BandaiScraper] 迁移文件夹: data/MG/ＭＧ-1_100-パーフェクトストライクガンダム-スペシャルコーティングＶｅｒ． -> data/MG/1000134783_ＭＧ-1_100-パーフェクトストライクガンダム-スペシャルコーティングＶｅｒ．
[2026-02-16 21:50:52] [INFO] [BandaiScraper] 产品详情已保存到: data/MG/1000134783_ＭＧ-1_100-パーフェクトストライクガンダム-スペシャルコーティングＶｅｒ．/product_details.json
[2026-02-16 21:50:54] [INFO] [BandaiScraper] 正在访问Premium Bandai产品详情页: https://p-bandai.jp/item/item-1000152635
[2026-02-16 21:50:54] [INFO] [BandaiScraper] 爬不了一点，过 (PB页面策略)
[2026-02-16 21:50:54] [INFO] [BandaiScraper] 迁移文件夹: data/MG/ＭＧ-1_100-ガンダムヘビーアームズ改-ＥＷ -> data/MG/1000152635_ＭＧ-1_100-ガンダムヘビーアームズ改-ＥＷ
[2026-02-16 21:50:54] [INFO] [BandaiScraper] 产品详情已保存到: data/MG/1000152635_ＭＧ-1_100-ガンダムヘビーアームズ改-ＥＷ/product_details.json
[2026-02-16 21:50:54] [INFO] [BandaiScraper] 正在访问产品详情页: https://bandai-hobby.net/item/01_4036/
[2026-02-16 21:50:57] [INFO] [BandaiScraper] 发现旧格式文件夹: data/MG/ＭＧ-1_100-インパルスガンダムブランシュ，将迁移到新格式: data/MG/01_4036_ＭＧ-1_100-インパルスガンダムブランシュ
[2026-02-16 21:50:57] [INFO] [BandaiScraper] 图片不完整 (现有:0, 需要:10)，需要下载
[2026-02-16 21:50:59] [INFO] [BandaiScraper] 图片下载成功，共下载 10 张
[2026-02-16 21:50:59] [INFO] [BandaiScraper] 产品详情已保存到: data/MG/01_4036_ＭＧ-1_100-インパルスガンダムブランシュ/product_details.json
[2026-02-16 21:50:59] [INFO] [BandaiScraper] 详情页抓取完成，随机延时 2.99 秒...
[2026-02-16 21:51:02] [INFO] [BandaiScraper] 正在访问Premium Bandai产品详情页: https://p-bandai.jp/item/item-1000139113
[2026-02-16 21:51:02] [INFO] [BandaiScraper] 爬不了一点，过 (PB页面策略)
[2026-02-16 21:51:02] [INFO] [BandaiScraper] 迁移文件夹: data/MG/ＭＧ-1_100-百式改 -> data/MG/1000139113_ＭＧ-1_100-百式改
[2026-02-16 21:51:02] [INFO] [BandaiScraper] 产品详情已保存到: data/MG/1000139113_ＭＧ-1_100-百式改/product_details.json
[2026-02-16 21:51:04] [INFO] [BandaiScraper] 正在访问Premium Bandai产品详情页: https://p-bandai.jp/item/item-1000105596
[2026-02-16 21:51:04] [INFO] [BandaiScraper] 爬不了一点，过 (PB页面策略)
[2026-02-16 21:51:04] [INFO] [BandaiScraper] 迁移文件夹: data/MG/ＭＧ-1_100-パワード・ジム -> data/MG/1000105596_ＭＧ-1_100-パワード・ジム
[2026-02-16 21:51:04] [INFO] [BandaiScraper] 产品详情已保存到: data/MG/1000105596_ＭＧ-1_100-パワード・ジム/product_details.json
[2026-02-16 21:51:04] [INFO] [BandaiScraper] 正在访问Premium Bandai产品详情页: https://p-bandai.jp/item/item-1000105646
[2026-02-16 21:51:04] [INFO] [BandaiScraper] 爬不了一点，过 (PB页面策略)
[2026-02-16 21:51:04] [INFO] [BandaiScraper] 迁移文件夹: data/MG/ＭＧ-1_100-ゼータプラス（ユニコーンＶｅｒ．） -> data/MG/1000105646_ＭＧ-1_100-ゼータプラス（ユニコーンＶｅｒ．）
[2026-02-16 21:51:04] [INFO] [BandaiScraper] 产品详情已保存到: data/MG/1000105646_ＭＧ-1_100-ゼータプラス（ユニコーンＶｅｒ．）/product_details.json
[2026-02-16 21:51:06] [INFO] [BandaiScraper] 正在访问Premium Bandai产品详情页: https://p-bandai.jp/item/item-1000132017
[2026-02-16 21:51:06] [INFO] [BandaiScraper] 爬不了一点，过 (PB页面策略)
[2026-02-16 21:51:06] [INFO] [BandaiScraper] 迁移文件夹: data/MG/ＭＧ-1_100-ギラ・ドーガ（ユニコーンＶｅｒ．） -> data/MG/1000132017_ＭＧ-1_100-ギラ・ドーガ（ユニコーンＶｅｒ．）
[2026-02-16 21:51:06] [INFO] [BandaiScraper] 产品详情已保存到: data/MG/1000132017_ＭＧ-1_100-ギラ・ドーガ（ユニコーンＶｅｒ．）/product_details.json
[2026-02-16 21:51:07] [INFO] [BandaiScraper] 正在访问Premium Bandai产品详情页: https://p-bandai.jp/item/item-1000118895
[2026-02-16 21:51:07] [INFO] [BandaiScraper] 爬不了一点，过 (PB页面策略)
[2026-02-16 21:51:07] [INFO] [BandaiScraper] 迁移文件夹: data/MG/ＭＧ-1_100-MS-06R-1A-エリック・マンスフィールド専用ザクＩＩ -> data/MG/1000118895_ＭＧ-1_100-MS-06R-1A-エリック・マンスフィールド専用ザクＩＩ
[2026-02-16 21:51:07] [INFO] [BandaiScraper] 产品详情已保存到: data/MG/1000118895_ＭＧ-1_100-MS-06R-1A-エリック・マンスフィールド専用ザクＩＩ/product_details.json
[2026-02-16 21:51:08] [INFO] [BandaiScraper] 正在访问Premium Bandai产品详情页: https://p-bandai.jp/item/item-1000131426
[2026-02-16 21:51:08] [INFO] [BandaiScraper] 爬不了一点，过 (PB页面策略)
[2026-02-16 21:51:08] [INFO] [BandaiScraper] 迁移文件夹: data/MG/ＭＧ-1_100-フリーダムガンダム-Ｖｅｒ．２．０-フルバーストモード-スペシャルコーティングＶｅｒ． -> data/MG/1000131426_ＭＧ-1_100-フリーダムガンダム-Ｖｅｒ．２．０-フルバーストモード-スペシャルコーティングＶｅｒ．
[2026-02-16 21:51:08] [INFO] [BandaiScraper] 产品详情已保存到: data/MG/1000131426_ＭＧ-1_100-フリーダムガンダム-Ｖｅｒ．２．０-フルバーストモード-スペシャルコーティングＶｅｒ．/product_details.json
[2026-02-16 21:51:09] [INFO] [BandaiScraper] 正在访问Premium Bandai产品详情页: https://p-bandai.jp/item/item-1000104287
[2026-02-16 21:51:09] [INFO] [BandaiScraper] 爬不了一点，过 (PB页面策略)
[2026-02-16 21:51:09] [INFO] [BandaiScraper] 迁移文件夹: data/MG/ＭＧ-1_100-フリーダムガンダム-Ｖｅｒ．２．０用-拡張エフェクトセット -> data/MG/1000104287_ＭＧ-1_100-フリーダムガンダム-Ｖｅｒ．２．０用-拡張エフェクトセット
[2026-02-16 21:51:09] [INFO] [BandaiScraper] 产品详情已保存到: data/MG/1000104287_ＭＧ-1_100-フリーダムガンダム-Ｖｅｒ．２．０用-拡張エフェクトセット/product_details.json
[2026-02-16 21:51:10] [INFO] [BandaiScraper] 正在访问产品详情页: https://bandai-hobby.net/item/01_542/
[2026-02-16 21:51:12] [INFO] [BandaiScraper] 发现旧格式文件夹: data/MG/MG-1_100-フリーダムガンダム-Ver.2.0，将迁移到新格式: data/MG/01_542_MG-1_100-フリーダムガンダム-Ver.2.0
[2026-02-16 21:51:12] [INFO] [BandaiScraper] 图片不完整 (现有:0, 需要:4)，需要下载
[2026-02-16 21:51:13] [INFO] [BandaiScraper] 图片下载成功，共下载 4 张
[2026-02-16 21:51:13] [INFO] [BandaiScraper] 产品详情已保存到: data/MG/01_542_MG-1_100-フリーダムガンダム-Ver.2.0/product_details.json
[2026-02-16 21:51:13] [INFO] [BandaiScraper] 详情页抓取完成，随机延时 2.32 秒...
[2026-02-16 21:51:15] [INFO] [BandaiScraper] 正在访问Premium Bandai产品详情页: https://p-bandai.jp/item/item-1000106283
[2026-02-16 21:51:15] [INFO] [BandaiScraper] 爬不了一点，过 (PB页面策略)
[2026-02-16 21:51:15] [INFO] [BandaiScraper] 迁移文件夹: data/MG/ＭＧ-1_100-スタービルドストライクガンダム（ＲＧシステムＶｅｒ．） -> data/MG/1000106283_ＭＧ-1_100-スタービルドストライクガンダム（ＲＧシステムＶｅｒ．）
[2026-02-16 21:50:15] [INFO] [BandaiScraper] 产品详情已保存到: data/MG/1000106283_ＭＧ-1_100-スタービルドストライクガンダム（ＲＧシステムＶｅｒ．）/product_details.json
[2026-02-16 21:50:16] [INFO] [BandaiScraper] 正在访问Premium Bandai产品详情页: https://p-bandai.jp/item/item-1000106282
[2026-02-16 21:50:16] [INFO] [BandaiScraper] 爬不了一点，过 (PB页面策略)
[2026-02-16 21:50:16] [INFO] [BandaiScraper] 迁移文件夹: data/MG/ＭＧ-1_100-ガンダムアメイジングエクシア -> data/MG/1000106282_ＭＧ-1_100-ガンダムアメイジングエクシア
[2026-02-16 21:50:16] [INFO] [BandaiScraper] 产品详情已保存到: data/MG/1000106282_ＭＧ-1_100-ガンダムアメイジングエクシア/product_details.json
[2026-02-16 21:51:17] [INFO] [BandaiScraper] 正在访问产品详情页: https://bandai-hobby.net/item/01_3991/
[2026-02-16 21:51:20] [INFO] [BandaiScraper] 发现旧格式文件夹: data/MG/ＭＧ-1_100-量産型百式改，将迁移到新格式: data/MG/01_3991_ＭＧ-1_100-量産型百式改
[2026-02-16 21:51:20] [INFO] [BandaiScraper] 图片不完整 (现有:0, 需要:10)，需要下载
[2026-02-16 21:51:21] [INFO] [BandaiScraper] 图片下载成功，共下载 10 张
[2026-02-16 21:51:21] [INFO] [BandaiScraper] 产品详情已保存到: data/MG/01_3991_ＭＧ-1_100-量産型百式改/product_details.json
[2026-02-16 21:51:21] [INFO] [BandaiScraper] 详情页抓取完成，随机延时 3.08 秒...
[2026-02-16 21:51:24] [INFO] [BandaiScraper] 正在访问产品详情页: https://bandai-hobby.net/item/01_435/
[2026-02-16 21:51:26] [INFO] [BandaiScraper] 发现旧格式文件夹: data/MG/MG-1_100-RX-78-02-ガンダム(GUNDAM-THE-ORIGIN版)，将迁移到新格式: data/MG/01_435_MG-1_100-RX-78-02-ガンダム(GUNDAM-THE-ORIGIN版)
[2026-02-16 21:51:26] [INFO] [BandaiScraper] 图片不完整 (现有:0, 需要:5)，需要下载
[2026-02-16 21:51:27] [INFO] [BandaiScraper] 图片下载成功，共下载 5 张
[2026-02-16 21:51:27] [INFO] [BandaiScraper] 产品详情已保存到: data/MG/01_435_MG-1_100-RX-78-02-ガンダム(GUNDAM-THE-ORIGIN版)/product_details.json
[2026-02-16 21:51:27] [INFO] [BandaiScraper] 详情页抓取完成，随机延时 1.53 秒...
[2026-02-16 21:51:28] [INFO] [BandaiScraper] 正在访问产品详情页: https://bandai-hobby.net/item/01_3990/
[2026-02-16 21:51:31] [INFO] [BandaiScraper] 发现旧格式文件夹: data/MG/ＭＧ-1_100-ジェスタ・キャノン，将迁移到新格式: data/MG/01_3990_ＭＧ-1_100-ジェスタ・キャノン
[2026-02-16 21:51:31] [INFO] [BandaiScraper] 图片不完整 (现有:0, 需要:10)，需要下载
[2026-02-16 21:51:33] [INFO] [BandaiScraper] 图片下载成功，共下载 10 张
[2026-02-16 21:51:33] [INFO] [BandaiScraper] 产品详情已保存到: data/MG/01_3990_ＭＧ-1_100-ジェスタ・キャノン/product_details.json
[2026-02-16 21:51:33] [INFO] [BandaiScraper] 详情页抓取完成，随机延时 3.10 秒...
[2026-02-16 21:51:36] [INFO] [BandaiScraper] 正在访问Premium Bandai产品详情页: https://p-bandai.jp/item/item-1000098218
[2026-02-16 21:51:36] [INFO] [BandaiScraper] 爬不了一点，过 (PB页面策略)
[2026-02-16 21:51:36] [INFO] [BandaiScraper] 迁移文件夹: data/MG/ＭＧ-1_100-ガンダムフェニーチェリナーシタアルバ -> data/MG/1000098218_ＭＧ-1_100-ガンダムフェニーチェリナーシタアルバ
[2026-02-16 21:51:36] [INFO] [BandaiScraper] 产品详情已保存到: data/MG/1000098218_ＭＧ-1_100-ガンダムフェニーチェリナーシタアルバ/product_details.json
[2026-02-16 21:51:37] [INFO] [BandaiScraper] 正在访问Premium Bandai产品详情页: https://p-bandai.jp/item/item-1000161110/
[2026-02-16 21:51:37] [INFO] [BandaiScraper] 爬不了一点，过 (PB页面策略)
[2026-02-16 21:51:37] [INFO] [BandaiScraper] 迁移文件夹: data/MG/ＭＧ-1_100-アルトロンガンダム-ＥＷ -> data/MG/1000161110_ＭＧ-1_100-アルトロンガンダム-ＥＷ
[2026-02-16 21:51:37] [INFO] [BandaiScraper] 产品详情已保存到: data/MG/1000161110_ＭＧ-1_100-アルトロンガンダム-ＥＷ/product_details.json
[2026-02-16 21:51:38] [INFO] [BandaiScraper] 正在访问Premium Bandai产品详情页: https://p-bandai.jp/item/item-1000098739
[2026-02-16 21:51:38] [INFO] [BandaiScraper] 爬不了一点，过 (PB页面策略)
[2026-02-16 21:51:38] [INFO] [BandaiScraper] 迁移文件夹: data/MG/ＭＧ-1_100-FA-78-2-ヘビー・ガンダム -> data/MG/1000098739_ＭＧ-1_100-FA-78-2-ヘビー・ガンダム
[2026-02-16 21:51:38] [INFO] [BandaiScraper] 产品详情已保存到: data/MG/1000098739_ＭＧ-1_100-FA-78-2-ヘビー・ガンダム/product_details.json
[2026-02-16 21:51:39] [INFO] [BandaiScraper] 正在访问产品详情页: https://bandai-hobby.net/item/01_395/
[2026-02-16 21:51:41] [INFO] [BandaiScraper] 发现旧格式文件夹: data/MG/MG-1_100-ガンダムアメイジングレッドウォーリア，将迁移到新格式: data/MG/01_395_MG-1_100-ガンダムアメイジングレッドウォーリア
[2026-02-16 21:51:41] [INFO] [BandaiScraper] 图片不完整 (现有:0, 需要:4)，需要下载
[2026-02-16 21:51:42] [INFO] [BandaiScraper] 图片下载成功，共下载 4 张
[2026-02-16 21:51:42] [INFO] [BandaiScraper] 产品详情已保存到: data/MG/01_395_MG-1_100-ガンダムアメイジングレッドウォーリア/product_details.json
[2026-02-16 21:51:42] [INFO] [BandaiScraper] 详情页抓取完成，随机延时 3.28 秒...
[2026-02-16 21:51:46] [INFO] [BandaiScraper] 正在访问Premium Bandai产品详情页: https://p-bandai.jp/item/item-1000097997
[2026-02-16 21:51:46] [INFO] [BandaiScraper] 爬不了一点，过 (PB页面策略)
[2026-02-16 21:51:46] [INFO] [BandaiScraper] 迁移文件夹: data/MG/ＭＧ-1_100-RGC-80-ジム・キャノン -> data/MG/1000097997_ＭＧ-1_100-RGC-80-ジム・キャノン
[2026-02-16 21:51:46] [INFO] [BandaiScraper] 产品详情已保存到: data/MG/1000097997_ＭＧ-1_100-RGC-80-ジム・キャノン/product_details.json
[2026-02-16 21:51:47] [INFO] [BandaiScraper] 正在访问产品详情页: https://bandai-hobby.net/item/01_4968/
[2026-02-16 21:51:48] [INFO] [BandaiScraper] 发现旧格式文件夹: data/MG/MG-1_100-ガンダムアストレイレッドフレーム-メッキフレーム／カラークリア，将迁移到新格式: data/MG/01_4968_MG-1_100-ガンダムアストレイレッドフレーム-メッキフレーム／カラークリア
[2026-02-16 21:51:49] [INFO] [BandaiScraper] 图片不完整 (现有:0, 需要:1)，需要下载
[2026-02-16 21:51:49] [INFO] [BandaiScraper] 图片下载成功，共下载 1 张
[2026-02-16 21:51:49] [INFO] [BandaiScraper] 产品详情已保存到: data/MG/01_4968_MG-1_100-ガンダムアストレイレッドフレーム-メッキフレーム／カラークリア/product_details.json
[2026-02-16 21:51:49] [INFO] [BandaiScraper] 详情页抓取完成，随机延时 1.92 秒...
[2026-02-16 21:51:51] [INFO] [BandaiScraper] 正在访问Premium Bandai产品详情页: https://p-bandai.jp/item/item-1000143071/
[2026-02-16 21:51:51] [INFO] [BandaiScraper] 爬不了一点，过 (PB页面策略)
[2026-02-16 21:51:51] [INFO] [BandaiScraper] 迁移文件夹: data/MG/ＭＧ-1_100-ギラ・ドーガ（フル・フロンタル専用機） -> data/MG/1000143071_ＭＧ-1_100-ギラ・ドーガ（フル・フロンタル専用機）
[2026-02-16 21:51:51] [INFO] [BandaiScraper] 产品详情已保存到: data/MG/1000143071_ＭＧ-1_100-ギラ・ドーガ（フル・フロンタル専用機）/product_details.json
[2026-02-16 21:51:52] [INFO] [BandaiScraper] 正在访问Premium Bandai产品详情页: https://p-bandai.jp/item/item-1000165581
[2026-02-16 21:51:52] [INFO] [BandaiScraper] 爬不了一点，过 (PB页面策略)
[2026-02-16 21:51:52] [INFO] [BandaiScraper] 迁移文件夹: data/MG/ＭＧ-1_100-ターンエーガンダム用拡張エフェクトユニット-“月光蝶” -> data/MG/1000165581_ＭＧ-1_100-ターンエーガンダム用拡張エフェクトユニット-“月光蝶”
[2026-02-16 21:51:52] [INFO] [BandaiScraper] 产品详情已保存到: data/MG/1000165581_ＭＧ-1_100-ターンエーガンダム用拡張エフェクトユニット-“月光蝶”/product_details.json
[2026-02-16 21:51:53] [INFO] [BandaiScraper] 正在访问Premium Bandai产品详情页: https://p-bandai.jp/item/item-1000099631
[2026-02-16 21:51:53] [INFO] [BandaiScraper] 爬不了一点，过 (PB页面策略)
[2026-02-16 21:51:53] [INFO] [BandaiScraper] 迁移文件夹: data/MG/ＭＧ-1_100-ターンエーガンダム（月光蝶Ver.） -> data/MG/1000099631_ＭＧ-1_100-ターンエーガンダム（月光蝶Ver.）
[2026-02-16 21:51:53] [INFO] [BandaiScraper] 产品详情已保存到: data/MG/1000099631_ＭＧ-1_100-ターンエーガンダム（月光蝶Ver.）/product_details.json
[2026-02-16 21:51:55] [INFO] [BandaiScraper] 正在访问Premium Bandai产品详情页: https://p-bandai.jp/item/item-1000097986
[2026-02-16 21:51:55] [INFO] [BandaiScraper] 爬不了一点，过 (PB页面策略)
[2026-02-16 21:51:55] [INFO] [BandaiScraper] 迁移文件夹: data/MG/ＭＧ-1_100-サザビー-Ver.Ka-&-ＲＥ_100-1_100-ナイチンゲール用-拡張ファンネルエフェクトセット -> data/MG/1000097986_ＭＧ-1_100-サザビー-Ver.Ka-&-ＲＥ_100-1_100-ナイチンゲール用-拡張ファンネルエフェクトセット
[2026-02-16 21:51:55] [INFO] [BandaiScraper] 产品详情已保存到: data/MG/1000097986_ＭＧ-1_100-サザビー-Ver.Ka-&-ＲＥ_100-1_100-ナイチンゲール用-拡張ファンネルエフェクトセット/product_details.json
[2026-02-16 21:51:56] [INFO] [BandaiScraper] 正在访问Premium Bandai产品详情页: https://p-bandai.jp/item/item-1000112040
[2026-02-16 21:51:56] [INFO] [BandaiScraper] 爬不了一点，过 (PB页面策略)
[2026-02-16 21:51:56] [INFO] [BandaiScraper] 迁移文件夹: data/MG/ＭＧ-1_100-メガ・バズーカ・ランチャー -> data/MG/1000112040_ＭＧ-1_100-メガ・バズーカ・ランチャー
[2026-02-16 21:51:56] [INFO] [BandaiScraper] 产品详情已保存到: data/MG/1000112040_ＭＧ-1_100-メガ・バズーカ・ランチャー/product_details.json
[2026-02-16 21:51:56] [INFO] [BandaiScraper] 正在访问产品详情页: https://bandai-hobby.net/item/01_356/
[2026-02-16 21:51:59] [INFO] [BandaiScraper] 发现旧格式文件夹: data/MG/MG-1_100-ガンダムフェニーチェリナーシタ，将迁移到新格式: data/MG/01_356_MG-1_100-ガンダムフェニーチェリナーシタ
[2026-02-16 21:51:59] [INFO] [BandaiScraper] 图片不完整 (现有:0, 需要:4)，需要下载
[2026-02-16 21:52:00] [INFO] [BandaiScraper] 图片下载成功，共下载 4 张
[2026-02-16 21:52:00] [INFO] [BandaiScraper] 产品详情已保存到: data/MG/01_356_MG-1_100-ガンダムフェニーチェリナーシタ/product_details.json
[2026-02-16 21:52:00] [INFO] [BandaiScraper] 详情页抓取完成，随机延时 3.12 秒...
[2026-02-16 21:52:03] [INFO] [BandaiScraper] 正在访问Premium Bandai产品详情页: https://p-bandai.jp/item/item-1000118901
[2026-02-16 21:52:03] [INFO] [BandaiScraper] 爬不了一点，过 (PB页面策略)
[2026-02-16 21:52:03] [INFO] [BandaiScraper] 迁移文件夹: data/MG/ＭＧ-1_100-MS-06R-2-ギャビー・ハザード専用ザクＩＩ -> data/MG/1000118901_ＭＧ-1_100-MS-06R-2-ギャビー・ハザード専用ザクＩＩ
[2026-02-16 21:52:03] [INFO] [BandaiScraper] 产品详情已保存到: data/MG/1000118901_ＭＧ-1_100-MS-06R-2-ギャビー・ハザード専用ザクＩＩ/product_details.json
[2026-02-16 21:52:04] [INFO] [BandaiScraper] 正在访问Premium Bandai产品详情页: https://p-bandai.jp/item/item-1000142005/
[2026-02-16 21:52:04] [INFO] [BandaiScraper] 爬不了一点，过 (PB页面策略)
[2026-02-16 21:52:04] [INFO] [BandaiScraper] 迁移文件夹: data/MG/ＭＧ-1_100-MSZ-006P2_3C-ゼータガンダム３号機Ｐ２型-レッド・ゼータ -> data/MG/1000142005_ＭＧ-1_100-MSZ-006P2_3C-ゼータガンダム３号機Ｐ２型-レッド・ゼータ
[2026-02-16 21:52:04] [INFO] [BandaiScraper] 产品详情已保存到: data/MG/1000142005_ＭＧ-1_100-MSZ-006P2_3C-ゼータガンダム３号機Ｐ２型-レッド・ゼータ/product_details.json
[2026-02-16 21:52:05] [INFO] [BandaiScraper] 正在访问产品详情页: https://bandai-hobby.net/item/01_338/
[2026-02-16 21:52:07] [INFO] [BandaiScraper] 发现旧格式文件夹: data/MG/MG-1_100-百式-Ver.2.0，将迁移到新格式: data/MG/01_338_MG-1_100-百式-Ver.2.0
[2026-02-16 21:52:07] [INFO] [BandaiScraper] 图片不完整 (现有:0, 需要:5)，需要下载
[2026-02-16 21:52:08] [INFO] [BandaiScraper] 图片下载成功，共下载 5 张
[2026-02-16 21:52:08] [INFO] [BandaiScraper] 产品详情已保存到: data/MG/01_338_MG-1_100-百式-Ver.2.0/product_details.json
[2026-02-16 21:52:08] [INFO] [BandaiScraper] 详情页抓取完成，随机延时 3.49 秒...
[2026-02-16 21:52:12] [INFO] [BandaiScraper] 正在访问Premium Bandai产品详情页: https://p-bandai.jp/item/item-1000107059
[2026-02-16 21:52:12] [INFO] [BandaiScraper] 爬不了一点，过 (PB页面策略)
[2026-02-16 21:52:12] [INFO] [BandaiScraper] 迁移文件夹: data/MG/ＭＧ-1_100-ユニコーンガンダム2号機-バンシィ・ノルン-（最終決戦Ｖｅｒ．） -> data/MG/1000107059_ＭＧ-1_100-ユニコーンガンダム2号機-バンシィ・ノルン-（最終決戦Ｖｅｒ．）
[2026-02-16 21:52:12] [INFO] [BandaiScraper] 产品详情已保存到: data/MG/1000107059_ＭＧ-1_100-ユニコーンガンダム2号機-バンシィ・ノルン-（最終決戦Ｖｅｒ．）/product_details.json
[2026-02-16 21:52:13] [INFO] [BandaiScraper] 正在访问产品详情页: https://bandai-hobby.net/item/01_298/
[2026-02-16 21:52:15] [INFO] [BandaiScraper] 发现旧格式文件夹: data/MG/MG-1_100-ガンダムダブルエックス，将迁移到新格式: data/MG/01_298_MG-1_100-ガンダムダブルエックス
[2026-02-16 21:52:15] [INFO] [BandaiScraper] 图片不完整 (现有:0, 需要:3)，需要下载
[2026-02-16 21:52:15] [INFO] [BandaiScraper] 图片下载成功，共下载 3 张
[2026-02-16 21:52:15] [INFO] [BandaiScraper] 产品详情已保存到: data/MG/01_298_MG-1_100-ガンダムダブルエックス/product_details.json
[2026-02-16 21:52:15] [INFO] [BandaiScraper] 详情页抓取完成，随机延时 2.95 秒...
[2026-02-16 21:52:18] [INFO] [BandaiScraper] 正在访问Premium Bandai产品详情页: https://p-bandai.jp/item/item-1000146547
[2026-02-16 21:52:18] [INFO] [BandaiScraper] 爬不了一点，过 (PB页面策略)
[2026-02-16 21:52:18] [INFO] [BandaiScraper] 迁移文件夹: data/MG/ＭＧ-1_100-MS-09R-ドズル・ザビ専用リック・ドム -> data/MG/1000146547_ＭＧ-1_100-MS-09R-ドズル・ザビ専用リック・ドム
[2026-02-16 21:52:19] [INFO] [BandaiScraper] 产品详情已保存到: data/MG/1000146547_ＭＧ-1_100-MS-09R-ドズル・ザビ専用リック・ドム/product_details.json
[2026-02-16 21:52:20] [INFO] [BandaiScraper] 正在访问产品详情页: https://bandai-hobby.net/item/01_276/
[2026-02-16 21:52:22] [INFO] [BandaiScraper] 发现旧格式文件夹: data/MG/MG-1_100-ガンダムエクシアダークマター，将迁移到新格式: data/MG/01_276_MG-1_100-ガンダムエクシアダークマター
[2026-02-16 21:52:22] [INFO] [BandaiScraper] 图片不完整 (现有:0, 需要:3)，需要下载
[2026-02-16 21:52:23] [INFO] [BandaiScraper] 图片下载成功，共下载 3 张
[2026-02-16 21:52:23] [INFO] [BandaiScraper] 产品详情已保存到: data/MG/01_276_MG-1_100-ガンダムエクシアダークマター/product_details.json
[2026-02-16 21:52:23] [INFO] [BandaiScraper] 详情页抓取完成，随机延时 3.50 秒...
[2026-02-16 21:52:26] [INFO] [BandaiScraper] 正在访问Premium Bandai产品详情页: https://p-bandai.jp/item/item-1000142677/
[2026-02-16 21:52:26] [INFO] [BandaiScraper] 爬不了一点，过 (PB页面策略)
[2026-02-16 21:52:26] [INFO] [BandaiScraper] 迁移文件夹: data/MG/ＭＧ-1_100-MSZ-006-3B-ゼータガンダム３号機Ｂ型-グレイ・ゼータ -> data/MG/1000142677_ＭＧ-1_100-MSZ-006-3B-ゼータガンダム３号機Ｂ型-グレイ・ゼータ
[2026-02-16 21:52:26] [INFO] [BandaiScraper] 产品详情已保存到: data/MG/1000142677_ＭＧ-1_100-MSZ-006-3B-ゼータガンダム３号機Ｂ型-グレイ・ゼータ/product_details.json
[2026-02-16 21:52:28] [INFO] [BandaiScraper] 正在访问Premium Bandai产品详情页: https://p-bandai.jp/item/item-1000148245
[2026-02-16 21:52:28] [INFO] [BandaiScraper] 爬不了一点，过 (PB页面策略)
[2026-02-16 21:52:28] [INFO] [BandaiScraper] 迁移文件夹: data/MG/ＭＧ-1_100-トールギスIII -> data/MG/1000148245_ＭＧ-1_100-トールギスIII
[2026-02-16 21:52:28] [INFO] [BandaiScraper] 产品详情已保存到: data/MG/1000148245_ＭＧ-1_100-トールギスIII/product_details.json
[2026-02-16 21:52:29] [INFO] [BandaiScraper] 正在访问产品详情页: https://bandai-hobby.net/item/01_2918/
[2026-02-16 21:52:32] [INFO] [BandaiScraper] 发现旧格式文件夹: data/MG/ＭＧ-1_100-MS-06FS-ガルマ・ザビ専用-ザクＩＩ，将迁移到新格式: data/MG/01_2918_ＭＧ-1_100-MS-06FS-ガルマ・ザビ専用-ザクＩＩ
[2026-02-16 21:52:32] [INFO] [BandaiScraper] 图片不完整 (现有:0, 需要:10)，需要下载
[2026-02-16 21:52:34] [INFO] [BandaiScraper] 图片下载成功，共下载 10 张
[2026-02-16 21:52:34] [INFO] [BandaiScraper] 产品详情已保存到: data/MG/01_2918_ＭＧ-1_100-MS-06FS-ガルマ・ザビ専用-ザクＩＩ/product_details.json
[2026-02-16 21:52:34] [INFO] [BandaiScraper] 详情页抓取完成，随机延时 2.00 秒...
[2026-02-16 21:52:36] [INFO] [BandaiScraper] 正在访问产品详情页: https://bandai-hobby.net/item/01_226/
[2026-02-16 21:52:38] [INFO] [BandaiScraper] 发现旧格式文件夹: data/MG/MG-1_100-ガンダムアストレイ-ブルーフレームＤ，将迁移到新格式: data/MG/01_226_MG-1_100-ガンダムアストレイ-ブルーフレームＤ
[2026-02-16 21:52:38] [INFO] [BandaiScraper] 图片不完整 (现有:0, 需要:5)，需要下载
[2026-02-16 21:52:38] [INFO] [BandaiScraper] 图片下载成功，共下载 5 张
[2026-02-16 21:52:38] [INFO] [BandaiScraper] 产品详情已保存到: data/MG/01_226_MG-1_100-ガンダムアストレイ-ブルーフレームＤ/product_details.json
[2026-02-16 21:52:38] [INFO] [BandaiScraper] 详情页抓取完成，随机延时 2.54 秒...
[2026-02-16 21:52:41] [INFO] [BandaiScraper] 正在访问Premium Bandai产品详情页: https://p-bandai.jp/item/item-1000110058
[2026-02-16 21:52:41] [INFO] [BandaiScraper] 爬不了一点，过 (PB页面策略)
[2026-02-16 21:52:41] [INFO] [BandaiScraper] 迁移文件夹: data/MG/ＭＧ-1_100-ガンダムアストレイブルーフレームＤ用-ドラグーンフォーメーションベース -> data/MG/1000110058_ＭＧ-1_100-ガンダムアストレイブルーフレームＤ用-ドラグーンフォーメーションベース
[2026-02-16 21:52:41] [INFO] [BandaiScraper] 产品详情已保存到: data/MG/1000110058_ＭＧ-1_100-ガンダムアストレイブルーフレームＤ用-ドラグーンフォーメーションベース/product_details.json
[2026-02-16 21:52:42] [INFO] [BandaiScraper] 正在访问Premium Bandai产品详情页: https://p-bandai.jp/item/item-1000131570/
[2026-02-16 21:52:42] [INFO] [BandaiScraper] 爬不了一点，过 (PB页面策略)
[2026-02-16 21:52:42] [INFO] [BandaiScraper] 迁移文件夹: data/MG/ＭＧ-1_100-Ｈｉ-νガンダムＶｅｒ.Ｋａ用-ＨＷＳ拡張セット -> data/MG/1000131570_ＭＧ-1_100-Ｈｉ-νガンダムＶｅｒ.Ｋａ用-ＨＷＳ拡張セット
[2026-02-16 21:52:42] [INFO] [BandaiScraper] 产品详情已保存到: data/MG/1000131570_ＭＧ-1_100-Ｈｉ-νガンダムＶｅｒ.Ｋａ用-ＨＷＳ拡張セット/product_details.json
[2026-02-16 21:52:43] [INFO] [BandaiScraper] 正在访问Premium Bandai产品详情页: https://p-bandai.jp/item/item-1000090185
[2026-02-16 21:52:43] [INFO] [BandaiScraper] 爬不了一点，过 (PB页面策略)
[2026-02-16 21:52:43] [INFO] [BandaiScraper] 迁移文件夹: data/MG/ＭＧ-1_100-ダブルオーガンダム-セブンソード_Ｇ-インスペクション -> data/MG/1000090185_ＭＧ-1_100-ダブルオーガンダム-セブンソード_Ｇ-インスペクション
[2026-02-16 21:52:43] [INFO] [BandaiScraper] 产品详情已保存到: data/MG/1000090185_ＭＧ-1_100-ダブルオーガンダム-セブンソード_Ｇ-インスペクション/product_details.json
[2026-02-16 21:52:44] [INFO] [BandaiScraper] 正在访问产品详情页: https://bandai-hobby.net/item/01_2917/
[2026-02-16 21:52:47] [INFO] [BandaiScraper] 发现旧格式文件夹: data/MG/ＭＧ-1_100-MS-07B-マ・クベ専用グフ，将迁移到新格式: data/MG/01_2917_ＭＧ-1_100-MS-07B-マ・クベ専用グフ
[2026-02-16 21:52:47] [INFO] [BandaiScraper] 图片不完整 (现有:0, 需要:10)，需要下载
[2026-02-16 21:52:48] [INFO] [BandaiScraper] 图片下载成功，共下载 10 张
[2026-02-16 21:52:48] [INFO] [BandaiScraper] 产品详情已保存到: data/MG/01_2917_ＭＧ-1_100-MS-07B-マ・クベ専用グフ/product_details.json
[2026-02-16 21:52:48] [INFO] [BandaiScraper] 详情页抓取完成，随机延时 2.24 秒...
[2026-02-16 21:52:50] [INFO] [BandaiScraper] 正在访问Premium Bandai产品详情页: https://p-bandai.jp/item/item-1000089611
[2026-02-16 21:52:50] [INFO] [BandaiScraper] 爬不了一点，过 (PB页面策略)
[2026-02-16 21:52:50] [INFO] [BandaiScraper] 迁移文件夹: data/MG/ＭＧ-1_100-Ｓガンダム-ブースター・ユニット装着型 -> data/MG/1000089611_ＭＧ-1_100-Ｓガンダム-ブースター・ユニット装着型
[2026-02-16 21:52:50] [INFO] [BandaiScraper] 产品详情已保存到: data/MG/1000089611_ＭＧ-1_100-Ｓガンダム-ブースター・ユニット装着型/product_details.json
[2026-02-16 21:52:52] [INFO] [BandaiScraper] 正在访问Premium Bandai产品详情页: https://p-bandai.jp/item/item-1000110175
[2026-02-16 21:52:52] [INFO] [BandaiScraper] 爬不了一点，过 (PB页面策略)
[2026-02-16 21:52:52] [INFO] [BandaiScraper] 迁移文件夹: data/MG/ＭＧ-1_100-フルアーマー・ユニコーンガンダム（レッドカラーＶｅｒ.） -> data/MG/1000110175_ＭＧ-1_100-フルアーマー・ユニコーンガンダム（レッドカラーＶｅｒ.）
[2026-02-16 21:52:52] [INFO] [BandaiScraper] 产品详情已保存到: data/MG/1000110175_ＭＧ-1_100-フルアーマー・ユニコーンガンダム（レッドカラーＶｅｒ.）/product_details.json
[2026-02-16 21:52:52] [INFO] [BandaiScraper] 正在访问产品详情页: https://bandai-hobby.net/item/01_4962/
[2026-02-16 21:52:54] [INFO] [BandaiScraper] 发现旧格式文件夹: data/MG/MG-1_100-MS-06S-シャア専用ザク-Ver.2.0-メカニカルクリア，将迁移到新格式: data/MG/01_4962_MG-1_100-MS-06S-シャア専用ザク-Ver.2.0-メカニカルクリア
[2026-02-16 21:52:54] [INFO] [BandaiScraper] 图片不完整 (现有:0, 需要:3)，需要下载
[2026-02-16 21:52:55] [INFO] [BandaiScraper] 图片下载成功，共下载 3 张
[2026-02-16 21:52:55] [INFO] [BandaiScraper] 产品详情已保存到: data/MG/01_4962_MG-1_100-MS-06S-シャア専用ザク-Ver.2.0-メカニカルクリア/product_details.json
[2026-02-16 21:52:55] [INFO] [BandaiScraper] 详情页抓取完成，随机延时 2.35 秒...
[2026-02-16 21:52:57] [INFO] [BandaiScraper] 正在访问产品详情页: https://bandai-hobby.net/item/01_4960/
[2026-02-16 21:53:00] [INFO] [BandaiScraper] 发现旧格式文件夹: data/MG/MG-1_100-ガンダム-Ver.3.0-メカニカルクリア，将迁移到新格式: data/MG/01_4960_MG-1_100-ガンダム-Ver.3.0-メカニカルクリア
[2026-02-16 21:53:00] [INFO] [BandaiScraper] 图片不完整 (现有:0, 需要:3)，需要下载
[2026-02-16 21:53:00] [INFO] [BandaiScraper] 图片下载成功，共下载 3 张
[2026-02-16 21:53:00] [INFO] [BandaiScraper] 产品详情已保存到: data/MG/01_4960_MG-1_100-ガンダム-Ver.3.0-メカニカルクリア/product_details.json
[2026-02-16 21:53:00] [INFO] [BandaiScraper] 详情页抓取完成，随机延时 3.15 秒...
[2026-02-16 21:53:04] [INFO] [BandaiScraper] 正在访问Premium Bandai产品详情页: https://p-bandai.jp/item/item-1000087946
[2026-02-16 21:53:04] [INFO] [BandaiScraper] 爬不了一点，过 (PB页面策略)
[2026-02-16 21:53:04] [INFO] [BandaiScraper] 迁移文件夹: data/MG/ＭＧ-1_100-MS-14C-ゲルググキャノン（MSVカラー） -> data/MG/1000087946_ＭＧ-1_100-MS-14C-ゲルググキャノン（MSVカラー）
[2026-02-16 21:53:04] [INFO] [BandaiScraper] 产品详情已保存到: data/MG/1000087946_ＭＧ-1_100-MS-14C-ゲルググキャノン（MSVカラー）/product_details.json
[2026-02-16 21:53:05] [INFO] [BandaiScraper] 正在访问产品详情页: https://bandai-hobby.net/item/01_120/
[2026-02-16 21:53:07] [INFO] [BandaiScraper] 发现旧格式文件夹: data/MG/MG-1_100-Concept-X-6-1-2-ターンX，将迁移到新格式: data/MG/01_120_MG-1_100-Concept-X-6-1-2-ターンX
[2026-02-16 21:53:07] [INFO] [BandaiScraper] 图片不完整 (现有:0, 需要:11)，需要下载
[2026-02-16 21:53:10] [INFO] [BandaiScraper] 图片下载成功，共下载 11 张
[2026-02-16 21:53:10] [INFO] [BandaiScraper] 产品详情已保存到: data/MG/01_120_MG-1_100-Concept-X-6-1-2-ターンX/product_details.json
[2026-02-16 21:53:10] [INFO] [BandaiScraper] 详情页抓取完成，随机延时 2.19 秒...
[2026-02-16 21:53:12] [INFO] [BandaiScraper] 正在访问Premium Bandai产品详情页: https://p-bandai.jp/item/item-1000144308/
[2026-02-16 21:53:12] [INFO] [BandaiScraper] 爬不了一点，过 (PB页面策略)
[2026-02-16 21:53:12] [INFO] [BandaiScraper] 迁移文件夹: data/MG/ＭＧ-1_100-MS-06F-ドズル・ザビ専用ザクII -> data/MG/1000144308_ＭＧ-1_100-MS-06F-ドズル・ザビ専用ザクII
[2026-02-16 21:53:12] [INFO] [BandaiScraper] 产品详情已保存到: data/MG/1000144308_ＭＧ-1_100-MS-06F-ドズル・ザビ専用ザクII/product_details.json
[2026-02-16 21:53:13] [INFO] [BandaiScraper] 正在访问Premium Bandai产品详情页: https://p-bandai.jp/item/item-1000119301
[2026-02-16 21:53:13] [INFO] [BandaiScraper] 爬不了一点，过 (PB页面策略)
[2026-02-16 21:53:13] [INFO] [BandaiScraper] 迁移文件夹: data/MG/ＭＧ-1_100-ユニコーンガンダム2号機-バンシィ・ノルン -> data/MG/1000119301_ＭＧ-1_100-ユニコーンガンダム2号機-バンシィ・ノルン
[2026-02-16 21:53:13] [INFO] [BandaiScraper] 产品详情已保存到: data/MG/1000119301_ＭＧ-1_100-ユニコーンガンダム2号機-バンシィ・ノルン/product_details.json
[2026-02-16 21:53:15] [INFO] [BandaiScraper] 正在访问Premium Bandai产品详情页: https://p-bandai.jp/item/item-1000139216
[2026-02-16 21:53:15] [INFO] [BandaiScraper] 爬不了一点，过 (PB页面策略)
[2026-02-16 21:53:15] [INFO] [BandaiScraper] 迁移文件夹: data/MG/ＭＧ-1_100-フルアーマーガンダム（ブルーカラーＶｅｒ．） -> data/MG/1000139216_ＭＧ-1_100-フルアーマーガンダム（ブルーカラーＶｅｒ．）
[2026-02-16 21:53:15] [INFO] [BandaiScraper] 产品详情已保存到: data/MG/1000139216_ＭＧ-1_100-フルアーマーガンダム（ブルーカラーＶｅｒ．）/product_details.json
[2026-02-16 21:53:16] [INFO] [BandaiScraper] 正在访问Premium Bandai产品详情页: https://p-bandai.jp/item/item-1000114755
[2026-02-16 21:53:16] [INFO] [BandaiScraper] 爬不了一点，过 (PB页面策略)
[2026-02-16 21:53:16] [INFO] [BandaiScraper] 迁移文件夹: data/MG/ＭＧ-1_100-RX-78-1-プロトタイプガンダム -> data/MG/1000114755_ＭＧ-1_100-RX-78-1-プロトタイプガンダム
[2026-02-16 21:53:16] [INFO] [BandaiScraper] 产品详情已保存到: data/MG/1000114755_ＭＧ-1_100-RX-78-1-プロトタイプガンダム/product_details.json
[2026-02-16 21:53:17] [INFO] [BandaiScraper] 正在访问产品详情页: https://bandai-hobby.net/item/01_68/
[2026-02-16 21:53:19] [INFO] [BandaiScraper] 发现旧格式文件夹: data/MG/MG-1_100-ユニバースブースター，将迁移到新格式: data/MG/01_68_MG-1_100-ユニバースブースター
[2026-02-16 21:53:19] [INFO] [BandaiScraper] 图片不完整 (现有:0, 需要:3)，需要下载
[2026-02-16 21:53:19] [INFO] [BandaiScraper] 图片下载成功，共下载 3 张
[2026-02-16 21:53:19] [INFO] [BandaiScraper] 产品详情已保存到: data/MG/01_68_MG-1_100-ユニバースブースター/product_details.json
[2026-02-16 21:53:19] [INFO] [BandaiScraper] 详情页抓取完成，随机延时 2.32 秒...
[2026-02-16 21:53:22] [INFO] [BandaiScraper] 正在访问产品详情页: https://bandai-hobby.net/item/01_65/
[2026-02-16 21:53:24] [INFO] [BandaiScraper] 发现旧格式文件夹: data/MG/MG-1_100-ビルドガンダムMk-II，将迁移到新格式: data/MG/01_65_MG-1_100-ビルドガンダムMk-II
[2026-02-16 21:53:24] [INFO] [BandaiScraper] 图片不完整 (现有:0, 需要:6)，需要下载
[2026-02-16 21:53:26] [INFO] [BandaiScraper] 图片下载成功，共下载 6 张
[2026-02-16 21:53:26] [INFO] [BandaiScraper] 产品详情已保存到: data/MG/01_65_MG-1_100-ビルドガンダムMk-II/product_details.json
[2026-02-16 21:53:26] [INFO] [BandaiScraper] 详情页抓取完成，随机延时 2.15 秒...
[2026-02-16 21:53:28] [INFO] [BandaiScraper] 正在访问产品详情页: https://bandai-hobby.net/item/01_55/
[2026-02-16 21:53:30] [INFO] [BandaiScraper] 发现旧格式文件夹: data/MG/MG-1_100-戦国アストレイ頑駄無，将迁移到新格式: data/MG/01_55_MG-1_100-戦国アストレイ頑駄無
[2026-02-16 21:53:30] [INFO] [BandaiScraper] 图片不完整 (现有:0, 需要:4)，需要下载
[2026-02-16 21:53:31] [INFO] [BandaiScraper] 图片下载成功，共下载 4 张
[2026-02-16 21:53:31] [INFO] [BandaiScraper] 产品详情已保存到: data/MG/01_55_MG-1_100-戦国アストレイ頑駄無/product_details.json
[2026-02-16 21:53:31] [INFO] [BandaiScraper] 详情页抓取完成，随机延时 1.98 秒...
[2026-02-16 21:53:33] [INFO] [BandaiScraper] 正在访问产品详情页: https://bandai-hobby.net/item/01_50/
[2026-02-16 21:53:35] [INFO] [BandaiScraper] 发现旧格式文件夹: data/MG/MG-1_100-ユニコーンガンダム3号機フェネクス，将迁移到新格式: data/MG/01_50_MG-1_100-ユニコーンガンダム3号機フェネクス
[2026-02-16 21:53:35] [INFO] [BandaiScraper] 图片不完整 (现有:0, 需要:3)，需要下载
[2026-02-16 21:53:36] [INFO] [BandaiScraper] 图片下载成功，共下载 3 张
[2026-02-16 21:53:36] [INFO] [BandaiScraper] 产品详情已保存到: data/MG/01_50_MG-1_100-ユニコーンガンダム3号機フェネクス/product_details.json
[2026-02-16 21:53:36] [INFO] [BandaiScraper] 详情页抓取完成，随机延时 1.71 秒...
[2026-02-16 21:53:38] [INFO] [BandaiScraper] 正在访问Premium Bandai产品详情页: https://p-bandai.jp/item/item-1000120861
[2026-02-16 21:53:38] [INFO] [BandaiScraper] 爬不了一点，过 (PB页面策略)
[2026-02-16 21:53:38] [INFO] [BandaiScraper] 迁移文件夹: data/MG/ＭＧ-1_100-ガンダムエクシア-リペアＩＩ -> data/MG/1000120861_ＭＧ-1_100-ガンダムエクシア-リペアＩＩ
[2026-02-16 21:53:38] [INFO] [BandaiScraper] 产品详情已保存到: data/MG/1000120861_ＭＧ-1_100-ガンダムエクシア-リペアＩＩ/product_details.json
[2026-02-16 21:53:39] [INFO] [BandaiScraper] 正在访问Premium Bandai产品详情页: https://p-bandai.jp/item/item-1000129812
[2026-02-16 21:53:39] [INFO] [BandaiScraper] 爬不了一点，过 (PB页面策略)
[2026-02-16 21:53:39] [INFO] [BandaiScraper] 迁移文件夹: data/MG/ＭＧ-1_100-デスティニーインパルスガンダムＲ（リジェネス） -> data/MG/1000129812_ＭＧ-1_100-デスティニーインパルスガンダムＲ（リジェネス）
[2026-02-16 21:53:39] [INFO] [BandaiScraper] 产品详情已保存到: data/MG/1000129812_ＭＧ-1_100-デスティニーインパルスガンダムＲ（リジェネス）/product_details.json
[2026-02-16 21:53:41] [INFO] [BandaiScraper] 正在访问产品详情页: https://bandai-hobby.net/item/01_44/
[2026-02-16 21:53:43] [INFO] [BandaiScraper] 发现旧格式文件夹: data/MG/MG-1_100-ビルドストライクガンダム-フルパッケージ，将迁移到新格式: data/MG/01_44_MG-1_100-ビルドストライクガンダム-フルパッケージ
[2026-02-16 21:53:43] [INFO] [BandaiScraper] 图片不完整 (现有:0, 需要:6)，需要下载
[2026-02-16 21:53:45] [INFO] [BandaiScraper] 图片下载成功，共下载 6 张
[2026-02-16 21:53:45] [INFO] [BandaiScraper] 产品详情已保存到: data/MG/01_44_MG-1_100-ビルドストライクガンダム-フルパッケージ/product_details.json
[2026-02-16 21:53:45] [INFO] [BandaiScraper] 详情页抓取完成，随机延时 1.73 秒...
[2026-02-16 21:53:46] [INFO] [BandaiScraper] 正在访问产品详情页: https://bandai-hobby.net/item/01_33/
[2026-02-16 21:53:48] [INFO] [BandaiScraper] 发现旧格式文件夹: data/MG/MG-1_100-ガンダムX，将迁移到新格式: data/MG/01_33_MG-1_100-ガンダムX
[2026-02-16 21:53:48] [INFO] [BandaiScraper] 图片不完整 (现有:0, 需要:4)，需要下载
[2026-02-16 21:53:49] [INFO] [BandaiScraper] 图片下载成功，共下载 4 张
[2026-02-16 21:53:49] [INFO] [BandaiScraper] 产品详情已保存到: data/MG/01_33_MG-1_100-ガンダムX/product_details.json
[2026-02-16 21:53:49] [INFO] [BandaiScraper] 详情页抓取完成，随机延时 3.48 秒...
[2026-02-16 21:53:53] [INFO] [BandaiScraper] 正在访问Premium Bandai产品详情页: https://p-bandai.jp/item/item-1000122615
[2026-02-16 21:53:53] [INFO] [BandaiScraper] 爬不了一点，过 (PB页面策略)
[2026-02-16 21:53:53] [INFO] [BandaiScraper] 迁移文件夹: data/MG/ＭＧ-1_100-ガンダムアストレイ-レッドフレーム -> data/MG/1000122615_ＭＧ-1_100-ガンダムアストレイ-レッドフレーム
[2026-02-16 21:53:53] [INFO] [BandaiScraper] 产品详情已保存到: data/MG/1000122615_ＭＧ-1_100-ガンダムアストレイ-レッドフレーム/product_details.json
[2026-02-16 21:53:54] [INFO] [BandaiScraper] 正在访问Premium Bandai产品详情页: https://p-bandai.jp/item/item-1000105795
[2026-02-16 21:53:54] [INFO] [BandaiScraper] 爬不了一点，过 (PB页面策略)
[2026-02-16 21:53:54] [INFO] [BandaiScraper] 迁移文件夹: data/MG/MG-1_100-ガンダムアストレイ-ノワール -> data/MG/1000105795_MG-1_100-ガンダムアストレイ-ノワール
[2026-02-16 21:53:54] [INFO] [BandaiScraper] 产品详情已保存到: data/MG/1000105795_MG-1_100-ガンダムアストレイ-ノワール/product_details.json
[2026-02-16 21:53:55] [INFO] [BandaiScraper] 正在访问产品详情页: https://bandai-hobby.net/item/01_4778/
[2026-02-16 21:53:57] [INFO] [BandaiScraper] 发现旧格式文件夹: data/MG/MG-1_100-RX-78-2-ガンダム-Ver.3.0-G.F.T仕様，将迁移到新格式: data/MG/01_4778_MG-1_100-RX-78-2-ガンダム-Ver.3.0-G.F.T仕様
[2026-02-16 21:53:57] [INFO] [BandaiScraper] 图片不完整 (现有:0, 需要:2)，需要下载
[2026-02-16 21:53:57] [INFO] [BandaiScraper] 图片下载成功，共下载 2 张
[2026-02-16 21:53:57] [INFO] [BandaiScraper] 产品详情已保存到: data/MG/01_4778_MG-1_100-RX-78-2-ガンダム-Ver.3.0-G.F.T仕様/product_details.json
[2026-02-16 21:53:57] [INFO] [BandaiScraper] 详情页抓取完成，随机延时 3.11 秒...
[2026-02-16 21:54:00] [INFO] [BandaiScraper] 正在访问产品详情页: https://bandai-hobby.net/item/01_8/
[2026-02-16 21:54:02] [INFO] [BandaiScraper] 发现旧格式文件夹: data/MG/ガンダムデカールNo.100-MG-1_100-ガンダムヘビーアームズ-EW用，将迁移到新格式: data/MG/01_8_ガンダムデカールNo.100-MG-1_100-ガンダムヘビーアームズ-EW用
[2026-02-16 21:54:02] [INFO] [BandaiScraper] 图片不完整 (现有:0, 需要:1)，需要下载
[2026-02-16 21:54:03] [INFO] [BandaiScraper] 图片下载成功，共下载 1 张
[2026-02-16 21:54:03] [INFO] [BandaiScraper] 产品详情已保存到: data/MG/01_8_ガンダムデカールNo.100-MG-1_100-ガンダムヘビーアームズ-EW用/product_details.json
[2026-02-16 21:54:03] [INFO] [BandaiScraper] 详情页抓取完成，随机延时 3.26 秒...
[2026-02-16 21:54:06] [INFO] [BandaiScraper] 正在访问产品详情页: https://bandai-hobby.net/item/01_7/
[2026-02-16 21:54:08] [INFO] [BandaiScraper] 发现旧格式文件夹: data/MG/ガンダムデカールNo.99-MG-1_100-ガンダムサンドロック-EX用，将迁移到新格式: data/MG/01_7_ガンダムデカールNo.99-MG-1_100-ガンダムサンドロック-EX用
[2026-02-16 21:54:08] [INFO] [BandaiScraper] 图片不完整 (现有:0, 需要:1)，需要下载
[2026-02-16 21:54:08] [INFO] [BandaiScraper] 图片下载成功，共下载 1 张
[2026-02-16 21:54:08] [INFO] [BandaiScraper] 产品详情已保存到: data/MG/01_7_ガンダムデカールNo.99-MG-1_100-ガンダムサンドロック-EX用/product_details.json
[2026-02-16 21:54:08] [INFO] [BandaiScraper] 详情页抓取完成，随机延时 2.02 秒...
[2026-02-16 21:54:10] [INFO] [BandaiScraper] 正在访问产品详情页: https://bandai-hobby.net/item/01_6/
[2026-02-16 21:54:12] [INFO] [BandaiScraper] 发现旧格式文件夹: data/MG/ガンダムデカールNo.98-MG-1_100-ガンダムエピオンEW用，将迁移到新格式: data/MG/01_6_ガンダムデカールNo.98-MG-1_100-ガンダムエピオンEW用
[2026-02-16 21:54:12] [INFO] [BandaiScraper] 图片不完整 (现有:0, 需要:1)，需要下载
[2026-02-16 21:54:12] [INFO] [BandaiScraper] 图片下载成功，共下载 1 张
[2026-02-16 21:54:12] [INFO] [BandaiScraper] 产品详情已保存到: data/MG/01_6_ガンダムデカールNo.98-MG-1_100-ガンダムエピオンEW用/product_details.json
[2026-02-16 21:54:12] [INFO] [BandaiScraper] 详情页抓取完成，随机延时 1.72 秒...
[2026-02-16 21:54:14] [INFO] [BandaiScraper] 正在访问产品详情页: https://bandai-hobby.net/item/01_5/
[2026-02-16 21:54:16] [INFO] [BandaiScraper] 发现旧格式文件夹: data/MG/ガンダムデカールNo.97-MG-1_100-ガンダム-Ver.3.0用，将迁移到新格式: data/MG/01_5_ガンダムデカールNo.97-MG-1_100-ガンダム-Ver.3.0用
[2026-02-16 21:54:16] [INFO] [BandaiScraper] 图片不完整 (现有:0, 需要:1)，需要下载
[2026-02-16 21:54:16] [INFO] [BandaiScraper] 图片下载成功，共下载 1 张
[2026-02-16 21:54:16] [INFO] [BandaiScraper] 产品详情已保存到: data/MG/01_5_ガンダムデカールNo.97-MG-1_100-ガンダム-Ver.3.0用/product_details.json
[2026-02-16 21:54:16] [INFO] [BandaiScraper] 详情页抓取完成，随机延时 2.80 秒...
[2026-02-16 21:54:19] [INFO] [BandaiScraper] 正在访问产品详情页: https://bandai-hobby.net/item/01_5900/
[2026-02-16 21:54:21] [INFO] [BandaiScraper] 发现旧格式文件夹: data/MG/ガンダムデカールNo.93-MG-1_100-ウイングガンダムプロトゼロ-EW用，将迁移到新格式: data/MG/01_5900_ガンダムデカールNo.93-MG-1_100-ウイングガンダムプロトゼロ-EW用
[2026-02-16 21:54:21] [INFO] [BandaiScraper] 图片不完整 (现有:0, 需要:1)，需要下载
[2026-02-16 21:54:21] [INFO] [BandaiScraper] 图片下载成功，共下载 1 张
[2026-02-16 21:54:21] [INFO] [BandaiScraper] 产品详情已保存到: data/MG/01_5900_ガンダムデカールNo.93-MG-1_100-ウイングガンダムプロトゼロ-EW用/product_details.json
[2026-02-16 21:54:21] [INFO] [BandaiScraper] 详情页抓取完成，随机延时 3.19 秒...
[2026-02-16 21:54:25] [INFO] [BandaiScraper] 正在访问产品详情页: https://bandai-hobby.net/item/01_5899/
[2026-02-16 21:54:26] [INFO] [BandaiScraper] 发现旧格式文件夹: data/MG/ガンダムデカールNo.92-MG-1_100-シェンロンガンダム-EW用，将迁移到新格式: data/MG/01_5899_ガンダムデカールNo.92-MG-1_100-シェンロンガンダム-EW用
[2026-02-16 21:54:26] [INFO] [BandaiScraper] 图片不完整 (现有:0, 需要:1)，需要下载
[2026-02-16 21:54:27] [INFO] [BandaiScraper] 图片下载成功，共下载 1 张
[2026-02-16 21:54:27] [INFO] [BandaiScraper] 产品详情已保存到: data/MG/01_5899_ガンダムデカールNo.92-MG-1_100-シェンロンガンダム-EW用/product_details.json
[2026-02-16 21:54:27] [INFO] [BandaiScraper] 详情页抓取完成，随机延时 3.14 秒...
[2026-02-16 21:54:30] [INFO] [BandaiScraper] 正在访问产品详情页: https://bandai-hobby.net/item/01_5898/
[2026-02-16 21:54:32] [INFO] [BandaiScraper] 发现旧格式文件夹: data/MG/ガンダムデカールNo.91-MG-1_100-エールストライクガンダム-Ver.RM用，将迁移到新格式: data/MG/01_5898_ガンダムデカールNo.91-MG-1_100-エールストライクガンダム-Ver.RM用
[2026-02-16 21:54:32] [INFO] [BandaiScraper] 图片不完整 (现有:0, 需要:1)，需要下载
[2026-02-16 21:54:32] [INFO] [BandaiScraper] 图片下载成功，共下载 1 张
[2026-02-16 21:54:32] [INFO] [BandaiScraper] 产品详情已保存到: data/MG/01_5898_ガンダムデカールNo.91-MG-1_100-エールストライクガンダム-Ver.RM用/product_details.json
[2026-02-16 21:54:32] [INFO] [BandaiScraper] 详情页抓取完成，随机延时 2.77 秒...
[2026-02-16 21:54:35] [INFO] [BandaiScraper] 正在访问产品详情页: https://bandai-hobby.net/item/01_4811/
[2026-02-16 21:54:37] [INFO] [BandaiScraper] 发现旧格式文件夹: data/MG/MG-1_100-フルアーマーユニコーンガンダム-メカニカルクリアVer，将迁移到新格式: data/MG/01_4811_MG-1_100-フルアーマーユニコーンガンダム-メカニカルクリアVer
[2026-02-16 21:54:37] [INFO] [BandaiScraper] 图片不完整 (现有:0, 需要:2)，需要下载
[2026-02-16 21:54:37] [INFO] [BandaiScraper] 图片下载成功，共下载 2 张
[2026-02-16 21:54:37] [INFO] [BandaiScraper] 产品详情已保存到: data/MG/01_4811_MG-1_100-フルアーマーユニコーンガンダム-メカニカルクリアVer/product_details.json
[2026-02-16 21:54:37] [INFO] [BandaiScraper] 详情页抓取完成，随机延时 3.12 秒...
[2026-02-16 21:54:41] [INFO] [BandaiScraper] 正在访问Premium Bandai产品详情页: https://p-bandai.jp/item/item-1000083369
[2026-02-16 21:54:41] [INFO] [BandaiScraper] 爬不了一点，过 (PB页面策略)
[2026-02-16 21:54:41] [INFO] [BandaiScraper] 迁移文件夹: data/MG/MG-1_100-ズゴック(ユニコーンカラーVer.) -> data/MG/1000083369_MG-1_100-ズゴック(ユニコーンカラーVer.)
[2026-02-16 21:54:41] [INFO] [BandaiScraper] 产品详情已保存到: data/MG/1000083369_MG-1_100-ズゴック(ユニコーンカラーVer.)/product_details.json
[2026-02-16 21:54:42] [INFO] [BandaiScraper] 正在访问Premium Bandai产品详情页: https://p-bandai.jp/item/item-1000083368
[2026-02-16 21:54:42] [INFO] [BandaiScraper] 爬不了一点，过 (PB页面策略)
[2026-02-16 21:54:42] [INFO] [BandaiScraper] 迁移文件夹: data/MG/MG-1_100-ザク・キャノン(ユニコーンカラーVer.) -> data/MG/1000083368_MG-1_100-ザク・キャノン(ユニコーンカラーVer.)
[2026-02-16 21:54:42] [INFO] [BandaiScraper] 产品详情已保存到: data/MG/1000083368_MG-1_100-ザク・キャノン(ユニコーンカラーVer.)/product_details.json
[2026-02-16 21:54:42] [INFO] [BandaiScraper] 正在访问产品详情页: https://bandai-hobby.net/item/01_5882/
[2026-02-16 21:54:45] [INFO] [BandaiScraper] 发现旧格式文件夹: data/MG/MG-1_100-ウイングガンダム-プロトゼロ-EW，将迁移到新格式: data/MG/01_5882_MG-1_100-ウイングガンダム-プロトゼロ-EW
[2026-02-16 21:54:45] [INFO] [BandaiScraper] 图片不完整 (现有:0, 需要:3)，需要下载
[2026-02-16 21:54:46] [INFO] [BandaiScraper] 图片下载成功，共下载 3 张
[2026-02-16 21:54:46] [INFO] [BandaiScraper] 产品详情已保存到: data/MG/01_5882_MG-1_100-ウイングガンダム-プロトゼロ-EW/product_details.json
[2026-02-16 21:54:46] [INFO] [BandaiScraper] 详情页抓取完成，随机延时 1.53 秒...
[2026-02-16 21:54:47] [INFO] [BandaiScraper] 正在访问Premium Bandai产品详情页: https://p-bandai.jp/item/item-1000128400
[2026-02-16 21:54:47] [INFO] [BandaiScraper] 爬不了一点，过 (PB页面策略)
[2026-02-16 21:54:47] [INFO] [BandaiScraper] 迁移文件夹: data/MG/ＭＧ-1_100-ギラ・ドーガ（レズン・シュナイダー専用機） -> data/MG/1000128400_ＭＧ-1_100-ギラ・ドーガ（レズン・シュナイダー専用機）
[2026-02-16 21:54:47] [INFO] [BandaiScraper] 产品详情已保存到: data/MG/1000128400_ＭＧ-1_100-ギラ・ドーガ（レズン・シュナイダー専用機）/product_details.json
[2026-02-16 21:54:49] [INFO] [BandaiScraper] 正在访问产品详情页: https://bandai-hobby.net/item/01_5869/
[2026-02-16 21:54:51] [INFO] [BandaiScraper] 发现旧格式文件夹: data/MG/MG-1_100-ストライクルージュ-オオトリ装備-Ver.RM，将迁移到新格式: data/MG/01_5869_MG-1_100-ストライクルージュ-オオトリ装備-Ver.RM
[2026-02-16 21:54:51] [INFO] [BandaiScraper] 图片不完整 (现有:0, 需要:5)，需要下载
[2026-02-16 21:54:51] [INFO] [BandaiScraper] 图片下载成功，共下载 5 张
[2026-02-16 21:54:51] [INFO] [BandaiScraper] 产品详情已保存到: data/MG/01_5869_MG-1_100-ストライクルージュ-オオトリ装備-Ver.RM/product_details.json
[2026-02-16 21:54:51] [INFO] [BandaiScraper] 详情页抓取完成，随机延时 2.46 秒...
[2026-02-16 21:54:54] [INFO] [BandaiScraper] 正在访问Premium Bandai产品详情页: https://p-bandai.jp/item/item-1000128730
[2026-02-16 21:54:54] [INFO] [BandaiScraper] 爬不了一点，过 (PB页面策略)
[2026-02-16 21:54:54] [INFO] [BandaiScraper] 迁移文件夹: data/MG/ＭＧ-1_100-ガンダムＡＧＥ-１-２号機 -> data/MG/1000128730_ＭＧ-1_100-ガンダムＡＧＥ-１-２号機
[2026-02-16 21:54:54] [INFO] [BandaiScraper] 产品详情已保存到: data/MG/1000128730_ＭＧ-1_100-ガンダムＡＧＥ-１-２号機/product_details.json
[2026-02-16 21:54:55] [INFO] [BandaiScraper] 正在访问Premium Bandai产品详情页: https://p-bandai.jp/item/item-1000128729
[2026-02-16 21:54:55] [INFO] [BandaiScraper] 爬不了一点，过 (PB页面策略)
[2026-02-16 21:54:55] [INFO] [BandaiScraper] 迁移文件夹: data/MG/ＭＧ-1_100-ガンダムＡＧＥ-２ノーマル-特務隊仕様 -> data/MG/1000128729_ＭＧ-1_100-ガンダムＡＧＥ-２ノーマル-特務隊仕様
[2026-02-16 21:54:55] [INFO] [BandaiScraper] 产品详情已保存到: data/MG/1000128729_ＭＧ-1_100-ガンダムＡＧＥ-２ノーマル-特務隊仕様/product_details.json
[2026-02-16 21:54:56] [INFO] [BandaiScraper] 正在访问Premium Bandai产品详情页: https://p-bandai.jp/item/item-1000083537
[2026-02-16 21:54:56] [INFO] [BandaiScraper] 爬不了一点，过 (PB页面策略)
[2026-02-16 21:54:56] [INFO] [BandaiScraper] 迁移文件夹: data/MG/ＭＧ-1_100-RX-78-2ガンダムVer.3.0用-拡張セット -> data/MG/1000083537_ＭＧ-1_100-RX-78-2ガンダムVer.3.0用-拡張セット
[2026-02-16 21:54:56] [INFO] [BandaiScraper] 产品详情已保存到: data/MG/1000083537_ＭＧ-1_100-RX-78-2ガンダムVer.3.0用-拡張セット/product_details.json
[2026-02-16 21:54:58] [INFO] [BandaiScraper] 正在访问Premium Bandai产品详情页: https://p-bandai.jp/item/item-1000115498
[2026-02-16 21:54:58] [INFO] [BandaiScraper] 爬不了一点，过 (PB页面策略)
[2026-02-16 21:54:58] [INFO] [BandaiScraper] 迁移文件夹: data/MG/ＭＧ-1_100-MS-06R-1A-アナベル・ガトー専用ザクＩＩ-Ver.2.0 -> data/MG/1000115498_ＭＧ-1_100-MS-06R-1A-アナベル・ガトー専用ザクＩＩ-Ver.2.0
[2026-02-16 21:54:58] [INFO] [BandaiScraper] 产品详情已保存到: data/MG/1000115498_ＭＧ-1_100-MS-06R-1A-アナベル・ガトー専用ザクＩＩ-Ver.2.0/product_details.json
[2026-02-16 21:54:59] [INFO] [BandaiScraper] 正在访问产品详情页: https://bandai-hobby.net/item/01_5837/
[2026-02-16 21:55:01] [INFO] [BandaiScraper] 发现旧格式文件夹: data/MG/MG-1_100-ギラ・ドーガ，将迁移到新格式: data/MG/01_5837_MG-1_100-ギラ・ドーガ
[2026-02-16 21:55:01] [INFO] [BandaiScraper] 图片不完整 (现有:0, 需要:3)，需要下载
[2026-02-16 21:55:02] [INFO] [BandaiScraper] 图片下载成功，共下载 3 张
[2026-02-16 21:55:02] [INFO] [BandaiScraper] 产品详情已保存到: data/MG/01_5837_MG-1_100-ギラ・ドーガ/product_details.json
[2026-02-16 21:55:02] [INFO] [BandaiScraper] 详情页抓取完成，随机延时 1.91 秒...
[2026-02-16 21:55:04] [INFO] [BandaiScraper] 正在访问Premium Bandai产品详情页: https://p-bandai.jp/item/item-1000111837
[2026-02-16 21:55:04] [INFO] [BandaiScraper] 爬不了一点，过 (PB页面策略)
[2026-02-16 21:55:04] [INFO] [BandaiScraper] 迁移文件夹: data/MG/ＭＧ-1_100-マラサイ（ユニコーンカラーVer.） -> data/MG/1000111837_ＭＧ-1_100-マラサイ（ユニコーンカラーVer.）
[2026-02-16 21:55:04] [INFO] [BandaiScraper] 产品详情已保存到: data/MG/1000111837_ＭＧ-1_100-マラサイ（ユニコーンカラーVer.）/product_details.json
[2026-02-16 21:55:05] [INFO] [BandaiScraper] 正在访问产品详情页: https://bandai-hobby.net/item/01_5821/
[2026-02-16 21:55:08] [INFO] [BandaiScraper] 发现旧格式文件夹: data/MG/MG-1_100-ガンダムAGE-2-ダブルバレット，将迁移到新格式: data/MG/01_5821_MG-1_100-ガンダムAGE-2-ダブルバレット
[2026-02-16 21:55:08] [INFO] [BandaiScraper] 图片不完整 (现有:0, 需要:3)，需要下载
[2026-02-16 21:55:09] [INFO] [BandaiScraper] 图片下载成功，共下载 3 张
[2026-02-16 21:55:09] [INFO] [BandaiScraper] 产品详情已保存到: data/MG/01_5821_MG-1_100-ガンダムAGE-2-ダブルバレット/product_details.json
[2026-02-16 21:55:09] [INFO] [BandaiScraper] 详情页抓取完成，随机延时 2.67 秒...
[2026-02-16 21:55:12] [INFO] [BandaiScraper] 正在访问Premium Bandai产品详情页: https://p-bandai.jp/item/item-1000119053
[2026-02-16 21:55:12] [INFO] [BandaiScraper] 爬不了一点，过 (PB页面策略)
[2026-02-16 21:55:12] [INFO] [BandaiScraper] 迁移文件夹: data/MG/ＭＧ-1_100-MS-06S-ジョニー・ライデン専用ザクII -> data/MG/1000119053_ＭＧ-1_100-MS-06S-ジョニー・ライデン専用ザクII
[2026-02-16 21:55:12] [INFO] [BandaiScraper] 产品详情已保存到: data/MG/1000119053_ＭＧ-1_100-MS-06S-ジョニー・ライデン専用ザクII/product_details.json
[2026-02-16 21:55:12] [INFO] [BandaiScraper] 正在访问产品详情页: https://bandai-hobby.net/item/01_5797/
[2026-02-16 21:55:15] [INFO] [BandaiScraper] 发现旧格式文件夹: data/MG/MG-1_100-ジェスタ，将迁移到新格式: data/MG/01_5797_MG-1_100-ジェスタ
[2026-02-16 21:55:15] [INFO] [BandaiScraper] 图片不完整 (现有:0, 需要:3)，需要下载
[2026-02-16 21:55:15] [INFO] [BandaiScraper] 图片下载成功，共下载 3 张
[2026-02-16 21:55:15] [INFO] [BandaiScraper] 产品详情已保存到: data/MG/01_5797_MG-1_100-ジェスタ/product_details.json
[2026-02-16 21:55:15] [INFO] [BandaiScraper] 详情页抓取完成，随机延时 1.68 秒...
[2026-02-16 21:55:17] [INFO] [BandaiScraper] 正在访问Premium Bandai产品详情页: https://p-bandai.jp/item/item-1000118896/
[2026-02-16 21:55:17] [INFO] [BandaiScraper] 爬不了一点，过 (PB页面策略)
[2026-02-16 21:55:17] [INFO] [BandaiScraper] 迁移文件夹: data/MG/ＭＧ-1_100-MS-06R-1A-ユーマ・ライトニング専用ザクII -> data/MG/1000118896_ＭＧ-1_100-MS-06R-1A-ユーマ・ライトニング専用ザクII
[2026-02-16 21:55:17] [INFO] [BandaiScraper] 产品详情已保存到: data/MG/1000118896_ＭＧ-1_100-MS-06R-1A-ユーマ・ライトニング専用ザクII/product_details.json
[2026-02-16 21:55:18] [INFO] [BandaiScraper] 正在访问产品详情页: https://bandai-hobby.net/item/01_5786/
[2026-02-16 21:55:20] [INFO] [BandaiScraper] 发现旧格式文件夹: data/MG/MG-1_100-リゼルC型(ディフェンサーa+bユニット_ゼネラル・レビル配備機)，将迁移到新格式: data/MG/01_5786_MG-1_100-リゼルC型(ディフェンサーa+bユニット_ゼネラル・レビル配備機)
[2026-02-16 21:55:20] [INFO] [BandaiScraper] 图片不完整 (现有:0, 需要:3)，需要下载
[2026-02-16 21:55:20] [INFO] [BandaiScraper] 图片下载成功，共下载 3 张
[2026-02-16 21:55:20] [INFO] [BandaiScraper] 产品详情已保存到: data/MG/01_5786_MG-1_100-リゼルC型(ディフェンサーa+bユニット_ゼネラル・レビル配備機)/product_details.json
[2026-02-16 21:55:20] [INFO] [BandaiScraper] 详情页抓取完成，随机延时 1.99 秒...
[2026-02-16 21:55:22] [INFO] [BandaiScraper] 正在访问产品详情页: https://bandai-hobby.net/item/01_4953/
[2026-02-16 21:55:24] [INFO] [BandaiScraper] 发现旧格式文件夹: data/MG/MG-1_100-ガンダム-Ver.2.0リアルタイプカラー-大河原展Ver，将迁移到新格式: data/MG/01_4953_MG-1_100-ガンダム-Ver.2.0リアルタイプカラー-大河原展Ver
[2026-02-16 21:55:24] [INFO] [BandaiScraper] 图片不完整 (现有:0, 需要:2)，需要下载
[2026-02-16 21:55:25] [INFO] [BandaiScraper] 图片下载成功，共下载 2 张
[2026-02-16 21:55:25] [INFO] [BandaiScraper] 产品详情已保存到: data/MG/01_4953_MG-1_100-ガンダム-Ver.2.0リアルタイプカラー-大河原展Ver/product_details.json
[2026-02-16 21:55:25] [INFO] [BandaiScraper] 详情页抓取完成，随机延时 3.25 秒...
[2026-02-16 21:55:28] [INFO] [BandaiScraper] 正在访问Premium Bandai产品详情页: https://p-bandai.jp/item/item-1000161109
[2026-02-16 21:55:28] [INFO] [BandaiScraper] 爬不了一点，过 (PB页面策略)
[2026-02-16 21:55:28] [INFO] [BandaiScraper] 迁移文件夹: data/MG/ＭＧ-1_100-トールギスＩＩ -> data/MG/1000161109_ＭＧ-1_100-トールギスＩＩ
[2026-02-16 21:55:28] [INFO] [BandaiScraper] 产品详情已保存到: data/MG/1000161109_ＭＧ-1_100-トールギスＩＩ/product_details.json
[2026-02-16 21:55:30] [INFO] [BandaiScraper] 正在访问产品详情页: https://bandai-hobby.net/item/01_5774/
[2026-02-16 21:55:32] [INFO] [BandaiScraper] 发现旧格式文件夹: data/MG/MG-1_100-トールギス-EW，将迁移到新格式: data/MG/01_5774_MG-1_100-トールギス-EW
[2026-02-16 21:55:32] [INFO] [BandaiScraper] 图片不完整 (现有:0, 需要:5)，需要下载
[2026-02-16 21:55:33] [INFO] [BandaiScraper] 图片下载成功，共下载 5 张
[2026-02-16 21:55:33] [INFO] [BandaiScraper] 产品详情已保存到: data/MG/01_5774_MG-1_100-トールギス-EW/product_details.json
[2026-02-16 21:55:33] [INFO] [BandaiScraper] 详情页抓取完成，随机延时 2.80 秒...
[2026-02-16 21:55:36] [INFO] [BandaiScraper] 正在访问Premium Bandai产品详情页: https://p-bandai.jp/item/item-1000128399
[2026-02-16 21:55:36] [INFO] [BandaiScraper] 爬不了一点，过 (PB页面策略)
[2026-02-16 21:55:36] [INFO] [BandaiScraper] 迁移文件夹: data/MG/ＭＧ-1_100-ダブル・フィン・ファンネル拡張ユニット -> data/MG/1000128399_ＭＧ-1_100-ダブル・フィン・ファンネル拡張ユニット
[2026-02-16 21:55:36] [INFO] [BandaiScraper] 产品详情已保存到: data/MG/1000128399_ＭＧ-1_100-ダブル・フィン・ファンネル拡張ユニット/product_details.json
[2026-02-16 21:55:37] [INFO] [BandaiScraper] 正在访问产品详情页: https://bandai-hobby.net/item/01_1799/
[2026-02-16 21:55:39] [INFO] [BandaiScraper] 发现旧格式文件夹: data/MG/MG-1_100-RX-0-ユニコーンガンダム2号機-バンシィ-チタニウムフィニッシュVer，将迁移到新格式: data/MG/01_1799_MG-1_100-RX-0-ユニコーンガンダム2号機-バンシィ-チタニウムフィニッシュVer
[2026-02-16 21:55:39] [INFO] [BandaiScraper] 图片不完整 (现有:0, 需要:5)，需要下载
[2026-02-16 21:55:40] [INFO] [BandaiScraper] 图片下载成功，共下载 5 张
[2026-02-16 21:55:40] [INFO] [BandaiScraper] 产品详情已保存到: data/MG/01_1799_MG-1_100-RX-0-ユニコーンガンダム2号機-バンシィ-チタニウムフィニッシュVer/product_details.json
[2026-02-16 21:55:40] [INFO] [BandaiScraper] 详情页抓取完成，随机延时 2.63 秒...
[2026-02-16 21:55:43] [INFO] [BandaiScraper] 正在访问产品详情页: https://bandai-hobby.net/item/01_1797/
[2026-02-16 21:55:45] [INFO] [BandaiScraper] 发现旧格式文件夹: data/MG/MG-1_100-ガンダムAGE-2-ダークハウンド，将迁移到新格式: data/MG/01_1797_MG-1_100-ガンダムAGE-2-ダークハウンド
[2026-02-16 21:55:45] [INFO] [BandaiScraper] 图片不完整 (现有:0, 需要:4)，需要下载
[2026-02-16 21:55:46] [INFO] [BandaiScraper] 图片下载成功，共下载 4 张
[2026-02-16 21:55:46] [INFO] [BandaiScraper] 产品详情已保存到: data/MG/01_1797_MG-1_100-ガンダムAGE-2-ダークハウンド/product_details.json
[2026-02-16 21:55:46] [INFO] [BandaiScraper] 详情页抓取完成，随机延时 3.48 秒...
[2026-02-16 21:55:49] [INFO] [BandaiScraper] 正在访问产品详情页: https://bandai-hobby.net/item/01_1796/
[2026-02-16 21:55:51] [INFO] [BandaiScraper] 发现旧格式文件夹: data/MG/MG-1_100-イージスガンダム，将迁移到新格式: data/MG/01_1796_MG-1_100-イージスガンダム
[2026-02-16 21:55:51] [INFO] [BandaiScraper] 图片不完整 (现有:0, 需要:3)，需要下载
[2026-02-16 21:55:52] [INFO] [BandaiScraper] 图片下载成功，共下载 3 张
[2026-02-16 21:55:52] [INFO] [BandaiScraper] 产品详情已保存到: data/MG/01_1796_MG-1_100-イージスガンダム/product_details.json
[2026-02-16 21:55:52] [INFO] [BandaiScraper] 详情页抓取完成，随机延时 2.27 秒...
[2026-02-16 21:55:54] [INFO] [BandaiScraper] 正在访问产品详情页: https://bandai-hobby.net/item/01_1794/
[2026-02-16 21:55:56] [INFO] [BandaiScraper] 发现旧格式文件夹: data/MG/MG-1_100-バスターガンダム，将迁移到新格式: data/MG/01_1794_MG-1_100-バスターガンダム
[2026-02-16 21:55:56] [INFO] [BandaiScraper] 图片不完整 (现有:0, 需要:4)，需要下载
[2026-02-16 21:55:57] [INFO] [BandaiScraper] 图片下载成功，共下载 4 张
[2026-02-16 21:55:57] [INFO] [BandaiScraper] 产品详情已保存到: data/MG/01_1794_MG-1_100-バスターガンダム/product_details.json
[2026-02-16 21:55:57] [INFO] [BandaiScraper] 详情页抓取完成，随机延时 2.21 秒...
[2026-02-16 21:55:59] [INFO] [BandaiScraper] 正在访问Premium Bandai产品详情页: https://p-bandai.jp/item/item-1000094634/
[2026-02-16 21:55:59] [INFO] [BandaiScraper] 爬不了一点，过 (PB页面策略)
[2026-02-16 21:55:59] [INFO] [BandaiScraper] 迁移文件夹: data/MG/MG-1_100-MS-06S-黒い三連星ザクVer.2.0 -> data/MG/1000094634_MG-1_100-MS-06S-黒い三連星ザクVer.2.0
[2026-02-16 21:55:59] [INFO] [BandaiScraper] 产品详情已保存到: data/MG/1000094634_MG-1_100-MS-06S-黒い三連星ザクVer.2.0/product_details.json
[2026-02-16 21:56:00] [INFO] [BandaiScraper] 正在访问产品详情页: https://bandai-hobby.net/item/01_4890/
[2026-02-16 21:56:02] [INFO] [BandaiScraper] 发现旧格式文件夹: data/MG/MG-1_100-GAT-X207-ブリッツガンダム-ミラージュコロイド（クリアーVer.），将迁移到新格式: data/MG/01_4890_MG-1_100-GAT-X207-ブリッツガンダム-ミラージュコロイド（クリアーVer.）
[2026-02-16 21:56:02] [INFO] [BandaiScraper] 图片不完整 (现有:0, 需要:2)，需要下载
[2026-02-16 21:56:02] [INFO] [BandaiScraper] 图片下载成功，共下载 2 张
[2026-02-16 21:56:02] [INFO] [BandaiScraper] 产品详情已保存到: data/MG/01_4890_MG-1_100-GAT-X207-ブリッツガンダム-ミラージュコロイド（クリアーVer.）/product_details.json
[2026-02-16 21:56:02] [INFO] [BandaiScraper] 详情页抓取完成，随机延时 3.39 秒...
[2026-02-16 21:56:06] [INFO] [BandaiScraper] 正在访问产品详情页: https://bandai-hobby.net/item/01_2280/
[2026-02-16 21:56:08] [INFO] [BandaiScraper] 发现旧格式文件夹: data/MG/MG-1_100-ガンダムAGE-2-ノーマル，将迁移到新格式: data/MG/01_2280_MG-1_100-ガンダムAGE-2-ノーマル
[2026-02-16 21:56:08] [INFO] [BandaiScraper] 图片不完整 (现有:0, 需要:4)，需要下载
[2026-02-16 21:56:09] [INFO] [BandaiScraper] 图片下载成功，共下载 4 张
[2026-02-16 21:56:09] [INFO] [BandaiScraper] 产品详情已保存到: data/MG/01_2280_MG-1_100-ガンダムAGE-2-ノーマル/product_details.json
[2026-02-16 21:56:09] [INFO] [BandaiScraper] 详情页抓取完成，随机延时 1.51 秒...
[2026-02-16 21:56:10] [INFO] [BandaiScraper] 正在访问产品详情页: https://bandai-hobby.net/item/01_1792/
[2026-02-16 21:56:13] [INFO] [BandaiScraper] 发现旧格式文件夹: data/MG/MG-1_100-ブリッツガンダム，将迁移到新格式: data/MG/01_1792_MG-1_100-ブリッツガンダム
[2026-02-16 21:56:13] [INFO] [BandaiScraper] 图片不完整 (现有:0, 需要:4)，需要下载
[2026-02-16 21:56:14] [INFO] [BandaiScraper] 图片下载成功，共下载 4 张
[2026-02-16 21:56:14] [INFO] [BandaiScraper] 产品详情已保存到: data/MG/01_1792_MG-1_100-ブリッツガンダム/product_details.json
[2026-02-16 21:56:14] [INFO] [BandaiScraper] 详情页抓取完成，随机延时 3.13 秒...
[2026-02-16 21:56:17] [INFO] [BandaiScraper] 正在访问Premium Bandai产品详情页: https://p-bandai.jp/item/item-1000112019
[2026-02-16 21:56:17] [INFO] [BandaiScraper] 爬不了一点，过 (PB页面策略)
[2026-02-16 21:56:17] [INFO] [BandaiScraper] 迁移文件夹: data/MG/ＭＧ-1_100-バリュートパック -> data/MG/1000112019_ＭＧ-1_100-バリュートパック
[2026-02-16 21:56:17] [INFO] [BandaiScraper] 产品详情已保存到: data/MG/1000112019_ＭＧ-1_100-バリュートパック/product_details.json
[2026-02-16 21:56:18] [INFO] [BandaiScraper] 正在访问Premium Bandai产品详情页: https://p-bandai.jp/item/item-1000015615
[2026-02-16 21:56:18] [INFO] [BandaiScraper] 爬不了一点，过 (PB页面策略)
[2026-02-16 21:56:18] [INFO] [BandaiScraper] 迁移文件夹: data/MG/MG-1_100-MS-06S-ザクＩＩ-Ver.2.0-リアルタイプカラー -> data/MG/1000015615_MG-1_100-MS-06S-ザクＩＩ-Ver.2.0-リアルタイプカラー
[2026-02-16 21:56:18] [INFO] [BandaiScraper] 产品详情已保存到: data/MG/1000015615_MG-1_100-MS-06S-ザクＩＩ-Ver.2.0-リアルタイプカラー/product_details.json
[2026-02-16 21:56:19] [INFO] [BandaiScraper] 正在访问Premium Bandai产品详情页: https://p-bandai.jp/item/item-1000015614
[2026-02-16 21:56:19] [INFO] [BandaiScraper] 爬不了一点，过 (PB页面策略)
[2026-02-16 21:56:19] [INFO] [BandaiScraper] 迁移文件夹: data/MG/MG-1_100-RX-78-2ガンダム-Ver.2.0-リアルタイプカラー -> data/MG/1000015614_MG-1_100-RX-78-2ガンダム-Ver.2.0-リアルタイプカラー
[2026-02-16 21:56:19] [INFO] [BandaiScraper] 产品详情已保存到: data/MG/1000015614_MG-1_100-RX-78-2ガンダム-Ver.2.0-リアルタイプカラー/product_details.json
[2026-02-16 21:56:20] [INFO] [BandaiScraper] 正在访问产品详情页: https://bandai-hobby.net/item/01_1791/
[2026-02-16 21:56:22] [INFO] [BandaiScraper] 发现旧格式文件夹: data/MG/MG-1_100-RMS-108-マラサイ，将迁移到新格式: data/MG/01_1791_MG-1_100-RMS-108-マラサイ
[2026-02-16 21:56:22] [INFO] [BandaiScraper] 图片不完整 (现有:0, 需要:4)，需要下载
[2026-02-16 21:56:23] [INFO] [BandaiScraper] 图片下载成功，共下载 4 张
[2026-02-16 21:56:23] [INFO] [BandaiScraper] 产品详情已保存到: data/MG/01_1791_MG-1_100-RMS-108-マラサイ/product_details.json
[2026-02-16 21:56:23] [INFO] [BandaiScraper] 详情页抓取完成，随机延时 3.19 秒...
[2026-02-16 21:56:26] [INFO] [BandaiScraper] 正在访问产品详情页: https://bandai-hobby.net/item/01_3596/
[2026-02-16 21:56:29] [INFO] [BandaiScraper] 发现旧格式文件夹: data/MG/MG-1_100-ガンダムAGE-1-スパロー，将迁移到新格式: data/MG/01_3596_MG-1_100-ガンダムAGE-1-スパロー
[2026-02-16 21:56:29] [INFO] [BandaiScraper] 图片不完整 (现有:0, 需要:4)，需要下载
[2026-02-16 21:56:30] [INFO] [BandaiScraper] 图片下载成功，共下载 4 张
[2026-02-16 21:56:30] [INFO] [BandaiScraper] 产品详情已保存到: data/MG/01_3596_MG-1_100-ガンダムAGE-1-スパロー/product_details.json
[2026-02-16 21:56:30] [INFO] [BandaiScraper] 详情页抓取完成，随机延时 2.55 秒...
[2026-02-16 21:56:32] [INFO] [BandaiScraper] 正在访问Premium Bandai产品详情页: https://p-bandai.jp/item/item-1000104249
[2026-02-16 21:56:32] [INFO] [BandaiScraper] 爬不了一点，过 (PB页面策略)
[2026-02-16 21:56:32] [INFO] [BandaiScraper] 迁移文件夹: data/MG/MG-1_100-MSA-003-ネモ-ユニコーンデザートカラーVer -> data/MG/1000104249_MG-1_100-MSA-003-ネモ-ユニコーンデザートカラーVer
[2026-02-16 21:56:32] [INFO] [BandaiScraper] 产品详情已保存到: data/MG/1000104249_MG-1_100-MSA-003-ネモ-ユニコーンデザートカラーVer/product_details.json
[2026-02-16 21:56:33] [INFO] [BandaiScraper] 正在访问产品详情页: https://bandai-hobby.net/item/01_5746/
[2026-02-16 21:56:35] [INFO] [BandaiScraper] 发现旧格式文件夹: data/MG/MG-1_100-RX-0-ユニコーンガンダム2号機-バンシィ，将迁移到新格式: data/MG/01_5746_MG-1_100-RX-0-ユニコーンガンダム2号機-バンシィ
[2026-02-16 21:56:35] [INFO] [BandaiScraper] 图片不完整 (现有:0, 需要:4)，需要下载
[2026-02-16 21:56:36] [INFO] [BandaiScraper] 图片下载成功，共下载 4 张
[2026-02-16 21:56:36] [INFO] [BandaiScraper] 产品详情已保存到: data/MG/01_5746_MG-1_100-RX-0-ユニコーンガンダム2号機-バンシィ/product_details.json
[2026-02-16 21:56:36] [INFO] [BandaiScraper] 详情页抓取完成，随机延时 1.58 秒...
[2026-02-16 21:56:38] [INFO] [BandaiScraper] 正在访问产品详情页: https://bandai-hobby.net/item/01_3592/
[2026-02-16 21:56:40] [INFO] [BandaiScraper] 发现旧格式文件夹: data/MG/MG-1_100-ガンダムAGE-1-タイタス，将迁移到新格式: data/MG/01_3592_MG-1_100-ガンダムAGE-1-タイタス
[2026-02-16 21:56:40] [INFO] [BandaiScraper] 图片不完整 (现有:0, 需要:4)，需要下载
[2026-02-16 21:56:41] [INFO] [BandaiScraper] 图片下载成功，共下载 4 张
[2026-02-16 21:56:41] [INFO] [BandaiScraper] 产品详情已保存到: data/MG/01_3592_MG-1_100-ガンダムAGE-1-タイタス/product_details.json
[2026-02-16 21:56:41] [INFO] [BandaiScraper] 详情页抓取完成，随机延时 2.88 秒...
[2026-02-16 21:56:44] [INFO] [BandaiScraper] 正在访问产品详情页: https://bandai-hobby.net/item/01_3591/
[2026-02-16 21:56:46] [INFO] [BandaiScraper] 发现旧格式文件夹: data/MG/MG-1_100-ガンダムAGE-1-ノーマル，将迁移到新格式: data/MG/01_3591_MG-1_100-ガンダムAGE-1-ノーマル
[2026-02-16 21:56:46] [INFO] [BandaiScraper] 图片不完整 (现有:0, 需要:4)，需要下载
[2026-02-16 21:56:47] [INFO] [BandaiScraper] 图片下载成功，共下载 4 张
[2026-02-16 21:56:47] [INFO] [BandaiScraper] 产品详情已保存到: data/MG/01_3591_MG-1_100-ガンダムAGE-1-ノーマル/product_details.json
[2026-02-16 21:56:47] [INFO] [BandaiScraper] 详情页抓取完成，随机延时 2.92 秒...
[2026-02-16 21:56:50] [INFO] [BandaiScraper] 正在访问产品详情页: https://bandai-hobby.net/item/01_1789/
[2026-02-16 21:56:52] [INFO] [BandaiScraper] 发现旧格式文件夹: data/MG/MG-1_100-デュエルガンダム-アサルトシュラウド，将迁移到新格式: data/MG/01_1789_MG-1_100-デュエルガンダム-アサルトシュラウド
[2026-02-16 21:56:52] [INFO] [BandaiScraper] 图片不完整 (现有:0, 需要:4)，需要下载
[2026-02-16 21:56:54] [INFO] [BandaiScraper] 图片下载成功，共下载 4 张
[2026-02-16 21:56:54] [INFO] [BandaiScraper] 产品详情已保存到: data/MG/01_1789_MG-1_100-デュエルガンダム-アサルトシュラウド/product_details.json
[2026-02-16 21:56:54] [INFO] [BandaiScraper] 详情页抓取完成，随机延时 3.16 秒...
[2026-02-16 21:56:57] [INFO] [BandaiScraper] 正在访问产品详情页: https://bandai-hobby.net/item/01_1788/
[2026-02-16 21:56:59] [INFO] [BandaiScraper] 发现旧格式文件夹: data/MG/MG-1_100-ガンダムヘビーアームズ-EW，将迁移到新格式: data/MG/01_1788_MG-1_100-ガンダムヘビーアームズ-EW
[2026-02-16 21:56:59] [INFO] [BandaiScraper] 图片不完整 (现有:0, 需要:3)，需要下载
[2026-02-16 21:57:00] [INFO] [BandaiScraper] 图片下载成功，共下载 3 张
[2026-02-16 21:57:00] [INFO] [BandaiScraper] 产品详情已保存到: data/MG/01_1788_MG-1_100-ガンダムヘビーアームズ-EW/product_details.json
[2026-02-16 21:57:00] [INFO] [BandaiScraper] 详情页抓取完成，随机延时 1.79 秒...
[2026-02-16 21:57:02] [INFO] [BandaiScraper] 正在访问Premium Bandai产品详情页: https://p-bandai.jp/item/item-1000006380
[2026-02-16 21:57:02] [INFO] [BandaiScraper] 爬不了一点，过 (PB页面策略)
[2026-02-16 21:57:02] [INFO] [BandaiScraper] 迁移文件夹: data/MG/MG-1_100-武者ガンダムMk-II-徳川家康Ver -> data/MG/1000006380_MG-1_100-武者ガンダムMk-II-徳川家康Ver
[2026-02-16 21:57:02] [INFO] [BandaiScraper] 产品详情已保存到: data/MG/1000006380_MG-1_100-武者ガンダムMk-II-徳川家康Ver/product_details.json
[2026-02-16 21:57:03] [INFO] [BandaiScraper] 正在访问产品详情页: https://bandai-hobby.net/item/01_1786/
[2026-02-16 21:57:05] [INFO] [BandaiScraper] 发现旧格式文件夹: data/MG/MG-1_100-XXXG-01SR-ガンダムサンドロック-EW，将迁移到新格式: data/MG/01_1786_MG-1_100-XXXG-01SR-ガンダムサンドロック-EW
[2026-02-16 21:57:05] [INFO] [BandaiScraper] 图片不完整 (现有:0, 需要:4)，需要下载
[2026-02-16 21:57:06] [INFO] [BandaiScraper] 图片下载成功，共下载 4 张
[2026-02-16 21:57:06] [INFO] [BandaiScraper] 产品详情已保存到: data/MG/01_1786_MG-1_100-XXXG-01SR-ガンダムサンドロック-EW/product_details.json
[2026-02-16 21:57:06] [INFO] [BandaiScraper] 详情页抓取完成，随机延时 3.23 秒...
[2026-02-16 21:57:09] [INFO] [BandaiScraper] 正在访问Premium Bandai产品详情页: https://p-bandai.jp/item/item-1000011986/
[2026-02-16 21:57:09] [INFO] [BandaiScraper] 爬不了一点，过 (PB页面策略)
[2026-02-16 21:57:09] [INFO] [BandaiScraper] 迁移文件夹: data/MG/ＭＧ-1_100-トランザムライザー -> data/MG/1000011986_ＭＧ-1_100-トランザムライザー
[2026-02-16 21:57:09] [INFO] [BandaiScraper] 产品详情已保存到: data/MG/1000011986_ＭＧ-1_100-トランザムライザー/product_details.json
[2026-02-16 21:57:10] [INFO] [BandaiScraper] 正在访问产品详情页: https://bandai-hobby.net/item/01_5713/
[2026-02-16 21:57:13] [INFO] [BandaiScraper] 发现旧格式文件夹: data/MG/MG-1_100-デルタプラス，将迁移到新格式: data/MG/01_5713_MG-1_100-デルタプラス
[2026-02-16 21:57:13] [INFO] [BandaiScraper] 图片不完整 (现有:0, 需要:4)，需要下载
[2026-02-16 21:57:14] [INFO] [BandaiScraper] 图片下载成功，共下载 4 张
[2026-02-16 21:57:14] [INFO] [BandaiScraper] 产品详情已保存到: data/MG/01_5713_MG-1_100-デルタプラス/product_details.json
[2026-02-16 21:57:14] [INFO] [BandaiScraper] 详情页抓取完成，随机延时 2.80 秒...
[2026-02-16 21:57:17] [INFO] [BandaiScraper] 正在访问产品详情页: https://bandai-hobby.net/item/01_1779/
[2026-02-16 21:57:19] [INFO] [BandaiScraper] 发现旧格式文件夹: data/MG/MG-1_100-ガンダムエピオン-EW，将迁移到新格式: data/MG/01_1779_MG-1_100-ガンダムエピオン-EW
[2026-02-16 21:57:19] [INFO] [BandaiScraper] 图片不完整 (现有:0, 需要:4)，需要下载
[2026-02-16 21:57:20] [INFO] [BandaiScraper] 图片下载成功，共下载 4 张
[2026-02-16 21:57:20] [INFO] [BandaiScraper] 产品详情已保存到: data/MG/01_1779_MG-1_100-ガンダムエピオン-EW/product_details.json
[2026-02-16 21:57:20] [INFO] [BandaiScraper] 详情页抓取完成，随机延时 3.44 秒...
[2026-02-16 21:57:23] [INFO] [BandaiScraper] 正在访问Premium Bandai产品详情页: https://p-bandai.jp/item/item-1000141550/
[2026-02-16 21:57:23] [INFO] [BandaiScraper] 爬不了一点，过 (PB页面策略)
[2026-02-16 21:57:23] [INFO] [BandaiScraper] 迁移文件夹: data/MG/MG-1_100-ダブルオーライザー -> data/MG/1000141550_MG-1_100-ダブルオーライザー
[2026-02-16 21:57:23] [INFO] [BandaiScraper] 产品详情已保存到: data/MG/1000141550_MG-1_100-ダブルオーライザー/product_details.json
[2026-02-16 21:57:24] [INFO] [BandaiScraper] 正在访问产品详情页: https://bandai-hobby.net/item/01_1775/
[2026-02-16 21:57:27] [INFO] [BandaiScraper] 发现旧格式文件夹: data/MG/MG-1_100-ガンダムデスサイズヘル-EW，将迁移到新格式: data/MG/01_1775_MG-1_100-ガンダムデスサイズヘル-EW
[2026-02-16 21:57:27] [INFO] [BandaiScraper] 图片不完整 (现有:0, 需要:8)，需要下载
[2026-02-16 21:57:28] [INFO] [BandaiScraper] 图片下载成功，共下载 8 张
[2026-02-16 21:57:28] [INFO] [BandaiScraper] 产品详情已保存到: data/MG/01_1775_MG-1_100-ガンダムデスサイズヘル-EW/product_details.json
[2026-02-16 21:57:28] [INFO] [BandaiScraper] 详情页抓取完成，随机延时 1.59 秒...
[2026-02-16 21:57:30] [INFO] [BandaiScraper] 正在访问产品详情页: https://bandai-hobby.net/item/01_5687/
[2026-02-16 21:57:32] [INFO] [BandaiScraper] 发现旧格式文件夹: data/MG/MG-1_100-RGZ-95C-リゼル(隊長機)，将迁移到新格式: data/MG/01_5687_MG-1_100-RGZ-95C-リゼル(隊長機)
[2026-02-16 21:57:32] [INFO] [BandaiScraper] 图片不完整 (现有:0, 需要:4)，需要下载
[2026-02-16 21:57:33] [INFO] [BandaiScraper] 图片下载成功，共下载 4 张
[2026-02-16 21:57:33] [INFO] [BandaiScraper] 产品详情已保存到: data/MG/01_5687_MG-1_100-RGZ-95C-リゼル(隊長機)/product_details.json
[2026-02-16 21:57:33] [INFO] [BandaiScraper] 详情页抓取完成，随机延时 2.42 秒...
[2026-02-16 21:57:36] [INFO] [BandaiScraper] 正在访问产品详情页: https://bandai-hobby.net/item/01_985/
[2026-02-16 21:57:38] [INFO] [BandaiScraper] 发现旧格式文件夹: data/MG/MG-1_100-ダブルオークアンタ，将迁移到新格式: data/MG/01_985_MG-1_100-ダブルオークアンタ
[2026-02-16 21:57:38] [INFO] [BandaiScraper] 图片不完整 (现有:0, 需要:5)，需要下载
[2026-02-16 21:57:39] [INFO] [BandaiScraper] 图片下载成功，共下载 5 张
[2026-02-16 21:57:39] [INFO] [BandaiScraper] 产品详情已保存到: data/MG/01_985_MG-1_100-ダブルオークアンタ/product_details.json
[2026-02-16 21:57:39] [INFO] [BandaiScraper] 详情页抓取完成，随机延时 2.19 秒...
[2026-02-16 21:57:41] [INFO] [BandaiScraper] 正在访问产品详情页: https://bandai-hobby.net/item/01_5677/
[2026-02-16 21:57:43] [INFO] [BandaiScraper] 发现旧格式文件夹: data/MG/MG-1_100-RGZ-95-リゼル，将迁移到新格式: data/MG/01_5677_MG-1_100-RGZ-95-リゼル
[2026-02-16 21:57:43] [INFO] [BandaiScraper] 图片不完整 (现有:0, 需要:4)，需要下载
[2026-02-16 21:57:44] [INFO] [BandaiScraper] 图片下载成功，共下载 4 张
[2026-02-16 21:57:44] [INFO] [BandaiScraper] 产品详情已保存到: data/MG/01_5677_MG-1_100-RGZ-95-リゼル/product_details.json
[2026-02-16 21:57:44] [INFO] [BandaiScraper] 详情页抓取完成，随机延时 2.43 秒...
[2026-02-16 21:57:46] [INFO] [BandaiScraper] 正在访问产品详情页: https://bandai-hobby.net/item/01_1765/
[2026-02-16 21:57:49] [INFO] [BandaiScraper] 发现旧格式文件夹: data/MG/MG-1_100-XXXG-01D-ガンダムデスサイズEW(エンドレスワルツ版)，将迁移到新格式: data/MG/01_1765_MG-1_100-XXXG-01D-ガンダムデスサイズEW(エンドレスワルツ版)
[2026-02-16 21:57:49] [INFO] [BandaiScraper] 图片不完整 (现有:0, 需要:6)，需要下载
[2026-02-16 21:57:49] [INFO] [BandaiScraper] 图片下载成功，共下载 6 张
[2026-02-16 21:57:49] [INFO] [BandaiScraper] 产品详情已保存到: data/MG/01_1765_MG-1_100-XXXG-01D-ガンダムデスサイズEW(エンドレスワルツ版)/product_details.json
[2026-02-16 21:57:49] [INFO] [BandaiScraper] 详情页抓取完成，随机延时 2.18 秒...
[2026-02-16 21:57:52] [INFO] [BandaiScraper] 正在访问产品详情页: https://bandai-hobby.net/item/01_4884/
[2026-02-16 21:57:54] [INFO] [BandaiScraper] 发现旧格式文件夹: data/MG/MG-1_100-MSZ-006-Zガンダム-Ver.2.0-エクストラフィニッシュVer，将迁移到新格式: data/MG/01_4884_MG-1_100-MSZ-006-Zガンダム-Ver.2.0-エクストラフィニッシュVer
[2026-02-16 21:57:54] [INFO] [BandaiScraper] 图片不完整 (现有:0, 需要:1)，需要下载
[2026-02-16 21:57:54] [INFO] [BandaiScraper] 图片下载成功，共下载 1 张
[2026-02-16 21:57:54] [INFO] [BandaiScraper] 产品详情已保存到: data/MG/01_4884_MG-1_100-MSZ-006-Zガンダム-Ver.2.0-エクストラフィニッシュVer/product_details.json
[2026-02-16 21:57:54] [INFO] [BandaiScraper] 详情页抓取完成，随机延时 2.69 秒...
[2026-02-16 21:57:57] [INFO] [BandaiScraper] 正在访问产品详情页: https://bandai-hobby.net/item/01_4807/
[2026-02-16 21:57:59] [INFO] [BandaiScraper] 发现旧格式文件夹: data/MG/MG-1_100-シャア専用ザク-Ver.2.0-クリアカラーバージョン，将迁移到新格式: data/MG/01_4807_MG-1_100-シャア専用ザク-Ver.2.0-クリアカラーバージョン
[2026-02-16 21:57:59] [INFO] [BandaiScraper] 图片不完整 (现有:0, 需要:2)，需要下载
[2026-02-16 21:57:59] [INFO] [BandaiScraper] 图片下载成功，共下载 2 张
[2026-02-16 21:57:59] [INFO] [BandaiScraper] 产品详情已保存到: data/MG/01_4807_MG-1_100-シャア専用ザク-Ver.2.0-クリアカラーバージョン/product_details.json
[2026-02-16 21:57:59] [INFO] [BandaiScraper] 详情页抓取完成，随机延时 3.22 秒...
[2026-02-16 21:58:03] [INFO] [BandaiScraper] 正在访问产品详情页: https://bandai-hobby.net/item/01_4806/
[2026-02-16 21:58:05] [INFO] [BandaiScraper] 发现旧格式文件夹: data/MG/MG-1_100-ハイネ専用デスティニーガンダム，将迁移到新格式: data/MG/01_4806_MG-1_100-ハイネ専用デスティニーガンダム
[2026-02-16 21:58:05] [INFO] [BandaiScraper] 图片不完整 (现有:0, 需要:2)，需要下载
[2026-02-16 21:58:05] [INFO] [BandaiScraper] 图片下载成功，共下载 2 张
[2026-02-16 21:58:05] [INFO] [BandaiScraper] 产品详情已保存到: data/MG/01_4806_MG-1_100-ハイネ専用デスティニーガンダム/product_details.json
[2026-02-16 21:58:05] [INFO] [BandaiScraper] 详情页抓取完成，随机延时 2.43 秒...
[2026-02-16 21:58:08] [INFO] [BandaiScraper] 正在访问产品详情页: https://bandai-hobby.net/item/01_1463/
[2026-02-16 21:58:10] [INFO] [BandaiScraper] 发现旧格式文件夹: data/MG/MG-1_100-PMX-003-ジ・O，将迁移到新格式: data/MG/01_1463_MG-1_100-PMX-003-ジ・O
[2026-02-16 21:58:10] [INFO] [BandaiScraper] 图片不完整 (现有:0, 需要:4)，需要下载
[2026-02-16 21:58:11] [INFO] [BandaiScraper] 图片下载成功，共下载 4 张
[2026-02-16 21:58:11] [INFO] [BandaiScraper] 产品详情已保存到: data/MG/01_1463_MG-1_100-PMX-003-ジ・O/product_details.json
[2026-02-16 21:58:11] [INFO] [BandaiScraper] 详情页抓取完成，随机延时 2.90 秒...
[2026-02-16 21:58:14] [INFO] [BandaiScraper] 正在访问产品详情页: https://bandai-hobby.net/item/01_2679/
[2026-02-16 21:58:16] [INFO] [BandaiScraper] 发现旧格式文件夹: data/MG/MG-1_100-ガンダムエクシアイグニッションモード，将迁移到新格式: data/MG/01_2679_MG-1_100-ガンダムエクシアイグニッションモード
[2026-02-16 21:58:16] [INFO] [BandaiScraper] 图片不完整 (现有:0, 需要:5)，需要下载
[2026-02-16 21:58:17] [INFO] [BandaiScraper] 图片下载成功，共下载 5 张
[2026-02-16 21:58:17] [INFO] [BandaiScraper] 产品详情已保存到: data/MG/01_2679_MG-1_100-ガンダムエクシアイグニッションモード/product_details.json
[2026-02-16 21:58:17] [INFO] [BandaiScraper] 详情页抓取完成，随机延时 1.83 秒...
[2026-02-16 21:58:19] [INFO] [BandaiScraper] 正在访问产品详情页: https://bandai-hobby.net/item/01_1761/
[2026-02-16 21:58:21] [INFO] [BandaiScraper] 发现旧格式文件夹: data/MG/MG-1_100-フルアーマーガンダム，将迁移到新格式: data/MG/01_1761_MG-1_100-フルアーマーガンダム
[2026-02-16 21:58:22] [INFO] [BandaiScraper] 图片不完整 (现有:0, 需要:4)，需要下载
[2026-02-16 21:58:23] [INFO] [BandaiScraper] 图片下载成功，共下载 4 张
[2026-02-16 21:58:23] [INFO] [BandaiScraper] 产品详情已保存到: data/MG/01_1761_MG-1_100-フルアーマーガンダム/product_details.json
[2026-02-16 21:58:23] [INFO] [BandaiScraper] 详情页抓取完成，随机延时 3.31 秒...
[2026-02-16 21:58:26] [INFO] [BandaiScraper] 正在访问产品详情页: https://bandai-hobby.net/item/01_1753/
[2026-02-16 21:58:28] [INFO] [BandaiScraper] 发现旧格式文件夹: data/MG/MG-1_100-武者ガンダムMk-II，将迁移到新格式: data/MG/01_1753_MG-1_100-武者ガンダムMk-II
[2026-02-16 21:58:28] [INFO] [BandaiScraper] 图片不完整 (现有:0, 需要:3)，需要下载
[2026-02-16 21:58:29] [INFO] [BandaiScraper] 图片下载成功，共下载 3 张
[2026-02-16 21:58:29] [INFO] [BandaiScraper] 产品详情已保存到: data/MG/01_1753_MG-1_100-武者ガンダムMk-II/product_details.json
[2026-02-16 21:58:29] [INFO] [BandaiScraper] 详情页抓取完成，随机延时 2.30 秒...
[2026-02-16 21:58:31] [INFO] [BandaiScraper] 正在访问产品详情页: https://bandai-hobby.net/item/01_5671/
[2026-02-16 21:58:34] [INFO] [BandaiScraper] 发现旧格式文件夹: data/MG/MG-1_100-RX-0-ユニコーンガンダム，将迁移到新格式: data/MG/01_5671_MG-1_100-RX-0-ユニコーンガンダム
[2026-02-16 21:58:34] [INFO] [BandaiScraper] 图片不完整 (现有:0, 需要:3)，需要下载
[2026-02-16 21:58:34] [INFO] [BandaiScraper] 图片下载成功，共下载 3 张
[2026-02-16 21:58:34] [INFO] [BandaiScraper] 产品详情已保存到: data/MG/01_5671_MG-1_100-RX-0-ユニコーンガンダム/product_details.json
[2026-02-16 21:58:34] [INFO] [BandaiScraper] 详情页抓取完成，随机延时 3.05 秒...
[2026-02-16 21:58:37] [INFO] [BandaiScraper] 正在访问产品详情页: https://bandai-hobby.net/item/01_5670/
[2026-02-16 21:58:39] [INFO] [BandaiScraper] 发现旧格式文件夹: data/MG/MG-1_100-ユニコーンガンダム-HDカラー+MS-CAGE，将迁移到新格式: data/MG/01_5670_MG-1_100-ユニコーンガンダム-HDカラー+MS-CAGE
[2026-02-16 21:58:39] [INFO] [BandaiScraper] 图片不完整 (现有:0, 需要:3)，需要下载
[2026-02-16 21:58:40] [INFO] [BandaiScraper] 图片下载成功，共下载 3 张
[2026-02-16 21:58:40] [INFO] [BandaiScraper] 产品详情已保存到: data/MG/01_5670_MG-1_100-ユニコーンガンダム-HDカラー+MS-CAGE/product_details.json
[2026-02-16 21:58:40] [INFO] [BandaiScraper] 详情页抓取完成，随机延时 2.13 秒...
[2026-02-16 21:58:42] [INFO] [BandaiScraper] 正在访问产品详情页: https://bandai-hobby.net/item/01_1744/
[2026-02-16 21:58:44] [INFO] [BandaiScraper] 发现旧格式文件夹: data/MG/MG-1_100-ガンダムアストレイレッドフレーム改，将迁移到新格式: data/MG/01_1744_MG-1_100-ガンダムアストレイレッドフレーム改
[2026-02-16 21:58:44] [INFO] [BandaiScraper] 图片不完整 (现有:0, 需要:4)，需要下载
[2026-02-16 21:58:45] [INFO] [BandaiScraper] 图片下载成功，共下载 4 张
[2026-02-16 21:58:45] [INFO] [BandaiScraper] 产品详情已保存到: data/MG/01_1744_MG-1_100-ガンダムアストレイレッドフレーム改/product_details.json
[2026-02-16 21:58:45] [INFO] [BandaiScraper] 详情页抓取完成，随机延时 2.14 秒...
[2026-02-16 21:58:47] [INFO] [BandaiScraper] 正在访问产品详情页: https://bandai-hobby.net/item/01_984/
[2026-02-16 21:58:49] [INFO] [BandaiScraper] 发现旧格式文件夹: data/MG/MG-1_100-ガンダムエクシア（トランザムモード）グロスインジェクションVer，将迁移到新格式: data/MG/01_984_MG-1_100-ガンダムエクシア（トランザムモード）グロスインジェクションVer
[2026-02-16 21:58:49] [INFO] [BandaiScraper] 图片不完整 (现有:0, 需要:5)，需要下载
[2026-02-16 21:58:50] [INFO] [BandaiScraper] 图片下载成功，共下载 5 张
[2026-02-16 21:58:50] [INFO] [BandaiScraper] 产品详情已保存到: data/MG/01_984_MG-1_100-ガンダムエクシア（トランザムモード）グロスインジェクションVer/product_details.json
[2026-02-16 21:58:50] [INFO] [BandaiScraper] 详情页抓取完成，随机延时 2.95 秒...
[2026-02-16 21:58:53] [INFO] [BandaiScraper] 正在访问产品详情页: https://bandai-hobby.net/item/01_983/
[2026-02-16 21:58:56] [INFO] [BandaiScraper] 发现旧格式文件夹: data/MG/MG-1_100-ジンクス，将迁移到新格式: data/MG/01_983_MG-1_100-ジンクス
[2026-02-16 21:58:56] [INFO] [BandaiScraper] 图片不完整 (现有:0, 需要:5)，需要下载
[2026-02-16 21:58:57] [INFO] [BandaiScraper] 图片下载成功，共下载 5 张
[2026-02-16 21:58:57] [INFO] [BandaiScraper] 产品详情已保存到: data/MG/01_983_MG-1_100-ジンクス/product_details.json
[2026-02-16 21:58:57] [INFO] [BandaiScraper] 详情页抓取完成，随机延时 2.58 秒...
[2026-02-16 21:59:00] [INFO] [BandaiScraper] 正在访问产品详情页: https://bandai-hobby.net/item/01_4949/
[2026-02-16 21:59:02] [INFO] [BandaiScraper] 发现旧格式文件夹: data/MG/MG-1_100-MS-06R-1ザクⅡVer.2.0-ア・バオア・クー防衛部隊機，将迁移到新格式: data/MG/01_4949_MG-1_100-MS-06R-1ザクⅡVer.2.0-ア・バオア・クー防衛部隊機
[2026-02-16 21:59:02] [INFO] [BandaiScraper] 图片不完整 (现有:0, 需要:4)，需要下载
[2026-02-16 21:59:05] [INFO] [BandaiScraper] 图片下载成功，共下载 4 张
[2026-02-16 21:59:05] [INFO] [BandaiScraper] 产品详情已保存到: data/MG/01_4949_MG-1_100-MS-06R-1ザクⅡVer.2.0-ア・バオア・クー防衛部隊機/product_details.json
[2026-02-16 21:59:05] [INFO] [BandaiScraper] 详情页抓取完成，随机延时 1.88 秒...
[2026-02-16 21:59:07] [INFO] [BandaiScraper] 正在访问产品详情页: https://bandai-hobby.net/item/01_1735/
[2026-02-16 21:59:09] [INFO] [BandaiScraper] 发现旧格式文件夹: data/MG/MG-1_100-RX-78-3-G-3ガンダム-Ver.2.0，将迁移到新格式: data/MG/01_1735_MG-1_100-RX-78-3-G-3ガンダム-Ver.2.0
[2026-02-16 21:59:09] [INFO] [BandaiScraper] 图片不完整 (现有:0, 需要:4)，需要下载
[2026-02-16 21:59:10] [INFO] [BandaiScraper] 图片下载成功，共下载 4 张
[2026-02-16 21:59:10] [INFO] [BandaiScraper] 产品详情已保存到: data/MG/01_1735_MG-1_100-RX-78-3-G-3ガンダム-Ver.2.0/product_details.json
[2026-02-16 21:59:10] [INFO] [BandaiScraper] 详情页抓取完成，随机延时 3.36 秒...
[2026-02-16 21:59:14] [INFO] [BandaiScraper] 正在访问产品详情页: https://bandai-hobby.net/item/01_1723/
[2026-02-16 21:59:16] [INFO] [BandaiScraper] 发现旧格式文件夹: data/MG/MG-1_100-キュベレイMk-II-（エルピー・プル専用機），将迁移到新格式: data/MG/01_1723_MG-1_100-キュベレイMk-II-（エルピー・プル専用機）
[2026-02-16 21:59:16] [INFO] [BandaiScraper] 图片不完整 (现有:0, 需要:6)，需要下载
[2026-02-16 21:59:17] [INFO] [BandaiScraper] 图片下载成功，共下载 6 张
[2026-02-16 21:59:17] [INFO] [BandaiScraper] 产品详情已保存到: data/MG/01_1723_MG-1_100-キュベレイMk-II-（エルピー・プル専用機）/product_details.json
[2026-02-16 21:59:17] [INFO] [BandaiScraper] 详情页抓取完成，随机延时 1.87 秒...
[2026-02-16 21:59:19] [INFO] [BandaiScraper] 正在访问产品详情页: https://bandai-hobby.net/item/01_1720/
[2026-02-16 21:59:21] [INFO] [BandaiScraper] 发现旧格式文件夹: data/MG/MG-1_100-ガンダムアストレイ-ブルーフレームセカンドリバイ，将迁移到新格式: data/MG/01_1720_MG-1_100-ガンダムアストレイ-ブルーフレームセカンドリバイ
[2026-02-16 21:59:21] [INFO] [BandaiScraper] 图片不完整 (现有:0, 需要:4)，需要下载
[2026-02-16 21:59:23] [INFO] [BandaiScraper] 图片下载成功，共下载 4 张
[2026-02-16 21:59:23] [INFO] [BandaiScraper] 产品详情已保存到: data/MG/01_1720_MG-1_100-ガンダムアストレイ-ブルーフレームセカンドリバイ/product_details.json
[2026-02-16 21:59:23] [INFO] [BandaiScraper] 详情页抓取完成，随机延时 2.32 秒...
[2026-02-16 21:59:25] [INFO] [BandaiScraper] 正在访问产品详情页: https://bandai-hobby.net/item/01_1718/
[2026-02-16 21:59:27] [INFO] [BandaiScraper] 发现旧格式文件夹: data/MG/MG-1_100-RX-75ガンタンク，将迁移到新格式: data/MG/01_1718_MG-1_100-RX-75ガンタンク
[2026-02-16 21:59:27] [INFO] [BandaiScraper] 图片不完整 (现有:0, 需要:4)，需要下载
[2026-02-16 21:59:28] [INFO] [BandaiScraper] 图片下载成功，共下载 4 张
[2026-02-16 21:59:28] [INFO] [BandaiScraper] 产品详情已保存到: data/MG/01_1718_MG-1_100-RX-75ガンタンク/product_details.json
[2026-02-16 21:59:28] [INFO] [BandaiScraper] 详情页抓取完成，随机延时 2.63 秒...
[2026-02-16 21:59:31] [INFO] [BandaiScraper] 正在访问产品详情页: https://bandai-hobby.net/item/01_4882/
[2026-02-16 21:59:33] [INFO] [BandaiScraper] 发现旧格式文件夹: data/MG/MG-1_100-インパルスガンダム(フルカラーメッキバージョン)，将迁移到新格式: data/MG/01_4882_MG-1_100-インパルスガンダム(フルカラーメッキバージョン)
[2026-02-16 21:59:33] [INFO] [BandaiScraper] 图片不完整 (现有:0, 需要:1)，需要下载
[2026-02-16 21:59:33] [INFO] [BandaiScraper] 图片下载成功，共下载 1 张
[2026-02-16 21:59:33] [INFO] [BandaiScraper] 产品详情已保存到: data/MG/01_4882_MG-1_100-インパルスガンダム(フルカラーメッキバージョン)/product_details.json
[2026-02-16 21:59:33] [INFO] [BandaiScraper] 详情页抓取完成，随机延时 3.39 秒...
[2026-02-16 21:59:37] [INFO] [BandaiScraper] 正在访问产品详情页: https://bandai-hobby.net/item/01_4878/
[2026-02-16 21:59:39] [INFO] [BandaiScraper] 发现旧格式文件夹: data/MG/MG-1_100-C3-MS-06J-量産ザクVer.2.0(エクストラフィニッシュバージョン)，将迁移到新格式: data/MG/01_4878_MG-1_100-C3-MS-06J-量産ザクVer.2.0(エクストラフィニッシュバージョン)
[2026-02-16 21:59:39] [INFO] [BandaiScraper] 图片不完整 (现有:0, 需要:1)，需要下载
[2026-02-16 21:59:39] [INFO] [BandaiScraper] 图片下载成功，共下载 1 张
[2026-02-16 21:59:39] [INFO] [BandaiScraper] 产品详情已保存到: data/MG/01_4878_MG-1_100-C3-MS-06J-量産ザクVer.2.0(エクストラフィニッシュバージョン)/product_details.json
[2026-02-16 21:59:39] [INFO] [BandaiScraper] 详情页抓取完成，随机延时 1.57 秒...
[2026-02-16 21:59:41] [INFO] [BandaiScraper] 正在访问产品详情页: https://bandai-hobby.net/item/01_4802/
[2026-02-16 21:59:43] [INFO] [BandaiScraper] 发现旧格式文件夹: data/MG/MG-1_100-MS-06S-シャア専用ザクVer.2.0-エクストラフィニッシュバージョン，将迁移到新格式: data/MG/01_4802_MG-1_100-MS-06S-シャア専用ザクVer.2.0-エクストラフィニッシュバージョン
[2026-02-16 21:59:43] [INFO] [BandaiScraper] 图片不完整 (现有:0, 需要:3)，需要下载
[2026-02-16 21:59:43] [INFO] [BandaiScraper] 图片下载成功，共下载 3 张
[2026-02-16 21:59:43] [INFO] [BandaiScraper] 产品详情已保存到: data/MG/01_4802_MG-1_100-MS-06S-シャア専用ザクVer.2.0-エクストラフィニッシュバージョン/product_details.json
[2026-02-16 21:59:43] [INFO] [BandaiScraper] 详情页抓取完成，随机延时 1.77 秒...
[2026-02-16 21:59:45] [INFO] [BandaiScraper] 正在访问产品详情页: https://bandai-hobby.net/item/01_1879/
[2026-02-16 21:59:47] [INFO] [BandaiScraper] 发现旧格式文件夹: data/MG/ガンダムデカールNo.70-MG-1_100-Gアーマー-リアルタイプカラー用，将迁移到新格式: data/MG/01_1879_ガンダムデカールNo.70-MG-1_100-Gアーマー-リアルタイプカラー用
[2026-02-16 21:59:47] [INFO] [BandaiScraper] 图片不完整 (现有:0, 需要:1)，需要下载
[2026-02-16 21:59:48] [INFO] [BandaiScraper] 图片下载成功，共下载 1 张
[2026-02-16 21:59:48] [INFO] [BandaiScraper] 产品详情已保存到: data/MG/01_1879_ガンダムデカールNo.70-MG-1_100-Gアーマー-リアルタイプカラー用/product_details.json
[2026-02-16 21:59:48] [INFO] [BandaiScraper] 详情页抓取完成，随机延时 1.67 秒...
[2026-02-16 21:59:49] [INFO] [BandaiScraper] 正在访问产品详情页: https://bandai-hobby.net/item/01_1878/
[2026-02-16 21:59:51] [INFO] [BandaiScraper] 发现旧格式文件夹: data/MG/ガンダムデカールNo.69-MG-1_100-ガンダムエクシア用，将迁移到新格式: data/MG/01_1878_ガンダムデカールNo.69-MG-1_100-ガンダムエクシア用
[2026-02-16 21:59:51] [INFO] [BandaiScraper] 图片不完整 (现有:0, 需要:1)，需要下载
[2026-02-16 21:59:52] [INFO] [BandaiScraper] 图片下载成功，共下载 1 张
[2026-02-16 21:59:52] [INFO] [BandaiScraper] 产品详情已保存到: data/MG/01_1878_ガンダムデカールNo.69-MG-1_100-ガンダムエクシア用/product_details.json
[2026-02-16 21:59:52] [INFO] [BandaiScraper] 详情页抓取完成，随机延时 3.38 秒...
[2026-02-16 21:59:55] [INFO] [BandaiScraper] 正在访问产品详情页: https://bandai-hobby.net/item/01_1876/
[2026-02-16 21:59:57] [INFO] [BandaiScraper] 发现旧格式文件夹: data/MG/ガンダムデカールNo.67-MG-1_100-ソードインパルスガンダム用，将迁移到新格式: data/MG/01_1876_ガンダムデカールNo.67-MG-1_100-ソードインパルスガンダム用
[2026-02-16 21:59:57] [INFO] [BandaiScraper] 图片不完整 (现有:0, 需要:1)，需要下载
[2026-02-16 21:59:57] [INFO] [BandaiScraper] 图片下载成功，共下载 1 张
[2026-02-16 21:59:57] [INFO] [BandaiScraper] 产品详情已保存到: data/MG/01_1876_ガンダムデカールNo.67-MG-1_100-ソードインパルスガンダム用/product_details.json
[2026-02-16 21:59:57] [INFO] [BandaiScraper] 详情页抓取完成，随机延时 1.92 秒...
[2026-02-16 21:59:59] [INFO] [BandaiScraper] 正在访问Premium Bandai产品详情页: https://p-bandai.jp/item/item-1000114335
[2026-02-16 21:59:59] [INFO] [BandaiScraper] 爬不了一点，过 (PB页面策略)
[2026-02-16 21:59:59] [INFO] [BandaiScraper] 迁移文件夹: data/MG/ＭＧ-1_100-ＭＳ-06J-ザクII（重力戦線イメージカラーVer.） -> data/MG/1000114335_ＭＧ-1_100-ＭＳ-06J-ザクII（重力戦線イメージカラーVer.）
[2026-02-16 21:59:59] [INFO] [BandaiScraper] 产品详情已保存到: data/MG/1000114335_ＭＧ-1_100-ＭＳ-06J-ザクII（重力戦線イメージカラーVer.）/product_details.json
[2026-02-16 22:00:00] [INFO] [BandaiScraper] 正在访问Premium Bandai产品详情页: https://p-bandai.jp/item/item-1000116243
[2026-02-16 22:00:00] [INFO] [BandaiScraper] 爬不了一点，过 (PB页面策略)
[2026-02-16 22:00:00] [INFO] [BandaiScraper] 迁移文件夹: data/MG/ＭＧ-1_100-ＭＳ-09-ドム（重力戦線イメージカラーVer.） -> data/MG/1000116243_ＭＧ-1_100-ＭＳ-09-ドム（重力戦線イメージカラーVer.）
[2026-02-16 22:00:00] [INFO] [BandaiScraper] 产品详情已保存到: data/MG/1000116243_ＭＧ-1_100-ＭＳ-09-ドム（重力戦線イメージカラーVer.）/product_details.json
[2026-02-16 22:00:01] [INFO] [BandaiScraper] 正在访问Premium Bandai产品详情页: https://p-bandai.jp/item/item-1000114334
[2026-02-16 22:00:01] [INFO] [BandaiScraper] 爬不了一点，过 (PB页面策略)
[2026-02-16 22:00:01] [INFO] [BandaiScraper] 迁移文件夹: data/MG/ＭＧ-1_100-ＭＳ-07B3-グフカスタム（重力戦線イメージカラーVer.） -> data/MG/1000114334_ＭＧ-1_100-ＭＳ-07B3-グフカスタム（重力戦線イメージカラーVer.）
[2026-02-16 22:00:01] [INFO] [BandaiScraper] 产品详情已保存到: data/MG/1000114334_ＭＧ-1_100-ＭＳ-07B3-グフカスタム（重力戦線イメージカラーVer.）/product_details.json
[2026-02-16 22:00:02] [INFO] [BandaiScraper] 正在访问产品详情页: https://bandai-hobby.net/item/01_981/
[2026-02-16 22:00:05] [INFO] [BandaiScraper] 发现旧格式文件夹: data/MG/MG-1_100-ガンダムエクシア，将迁移到新格式: data/MG/01_981_MG-1_100-ガンダムエクシア
[2026-02-16 22:00:05] [INFO] [BandaiScraper] 图片不完整 (现有:0, 需要:5)，需要下载
[2026-02-16 22:00:06] [INFO] [BandaiScraper] 图片下载成功，共下载 5 张
[2026-02-16 22:00:06] [INFO] [BandaiScraper] 产品详情已保存到: data/MG/01_981_MG-1_100-ガンダムエクシア/product_details.json
[2026-02-16 22:00:06] [INFO] [BandaiScraper] 详情页抓取完成，随机延时 3.24 秒...
[2026-02-16 22:00:10] [INFO] [BandaiScraper] 正在访问产品详情页: https://bandai-hobby.net/item/01_1706/
[2026-02-16 22:00:12] [INFO] [BandaiScraper] 发现旧格式文件夹: data/MG/MG-1_100-MS-06J-ザク-Ver.2.0-“ホワイトオーガー”，将迁移到新格式: data/MG/01_1706_MG-1_100-MS-06J-ザク-Ver.2.0-“ホワイトオーガー”
[2026-02-16 22:00:12] [INFO] [BandaiScraper] 图片不完整 (现有:0, 需要:4)，需要下载
[2026-02-16 22:00:13] [INFO] [BandaiScraper] 图片下载成功，共下载 4 张
[2026-02-16 22:00:13] [INFO] [BandaiScraper] 产品详情已保存到: data/MG/01_1706_MG-1_100-MS-06J-ザク-Ver.2.0-“ホワイトオーガー”/product_details.json
[2026-02-16 22:00:13] [INFO] [BandaiScraper] 详情页抓取完成，随机延时 2.97 秒...
[2026-02-16 22:00:16] [INFO] [BandaiScraper] 正在访问产品详情页: https://bandai-hobby.net/item/01_1705/
[2026-02-16 22:00:18] [INFO] [BandaiScraper] 发现旧格式文件夹: data/MG/MG-1_100-Gアーマー-リアルタイプカラー，将迁移到新格式: data/MG/01_1705_MG-1_100-Gアーマー-リアルタイプカラー
[2026-02-16 22:00:18] [INFO] [BandaiScraper] 图片不完整 (现有:0, 需要:5)，需要下载
[2026-02-16 22:00:19] [INFO] [BandaiScraper] 图片下载成功，共下载 5 张
[2026-02-16 22:00:20] [INFO] [BandaiScraper] 产品详情已保存到: data/MG/01_1705_MG-1_100-Gアーマー-リアルタイプカラー/product_details.json
[2026-02-16 22:00:20] [INFO] [BandaiScraper] 详情页抓取完成，随机延时 3.16 秒...
[2026-02-16 22:00:23] [INFO] [BandaiScraper] 正在访问产品详情页: https://bandai-hobby.net/item/01_1701/
[2026-02-16 22:00:25] [INFO] [BandaiScraper] 发现旧格式文件夹: data/MG/MG-1_100-MS-07B-グフ-Ver.2.0，将迁移到新格式: data/MG/01_1701_MG-1_100-MS-07B-グフ-Ver.2.0
[2026-02-16 22:00:25] [INFO] [BandaiScraper] 图片不完整 (现有:0, 需要:5)，需要下载
[2026-02-16 22:00:26] [INFO] [BandaiScraper] 图片下载成功，共下载 5 张
[2026-02-16 22:00:26] [INFO] [BandaiScraper] 产品详情已保存到: data/MG/01_1701_MG-1_100-MS-07B-グフ-Ver.2.0/product_details.json
[2026-02-16 22:00:26] [INFO] [BandaiScraper] 详情页抓取完成，随机延时 1.60 秒...
[2026-02-16 22:00:28] [INFO] [BandaiScraper] 正在访问产品详情页: https://bandai-hobby.net/item/01_1698/
[2026-02-16 22:00:30] [INFO] [BandaiScraper] 发现旧格式文件夹: data/MG/MG-1_100-ソードインパルスガンダム，将迁移到新格式: data/MG/01_1698_MG-1_100-ソードインパルスガンダム
[2026-02-16 22:00:30] [INFO] [BandaiScraper] 图片不完整 (现有:0, 需要:2)，需要下载
[2026-02-16 22:00:30] [INFO] [BandaiScraper] 图片下载成功，共下载 2 张
[2026-02-16 22:00:30] [INFO] [BandaiScraper] 产品详情已保存到: data/MG/01_1698_MG-1_100-ソードインパルスガンダム/product_details.json
[2026-02-16 22:00:30] [INFO] [BandaiScraper] 详情页抓取完成，随机延时 2.22 秒...
[2026-02-16 22:00:32] [INFO] [BandaiScraper] 正在访问产品详情页: https://bandai-hobby.net/item/01_1872/
[2026-02-16 22:00:34] [INFO] [BandaiScraper] 发现旧格式文件夹: data/MG/ガンダムデカールNo.63-1_100-ダブルオーライザー用，将迁移到新格式: data/MG/01_1872_ガンダムデカールNo.63-1_100-ダブルオーライザー用
[2026-02-16 22:00:34] [INFO] [BandaiScraper] 图片不完整 (现有:0, 需要:1)，需要下载
[2026-02-16 22:00:35] [INFO] [BandaiScraper] 图片下载成功，共下载 1 张
[2026-02-16 22:00:35] [INFO] [BandaiScraper] 产品详情已保存到: data/MG/01_1872_ガンダムデカールNo.63-1_100-ダブルオーライザー用/product_details.json
[2026-02-16 22:00:35] [INFO] [BandaiScraper] 详情页抓取完成，随机延时 3.18 秒...
[2026-02-16 22:00:38] [INFO] [BandaiScraper] 正在访问产品详情页: https://bandai-hobby.net/item/01_1871/
[2026-02-16 22:00:40] [INFO] [BandaiScraper] 发现旧格式文件夹: data/MG/ガンダムデカールNo.62-MG-1_100-Gファイター-ガンダムVer.2.0用-V作戦モデル用，将迁移到新格式: data/MG/01_1871_ガンダムデカールNo.62-MG-1_100-Gファイター-ガンダムVer.2.0用-V作戦モデル用
[2026-02-16 22:00:40] [INFO] [BandaiScraper] 图片不完整 (现有:0, 需要:1)，需要下载
[2026-02-16 22:00:40] [INFO] [BandaiScraper] 图片下载成功，共下载 1 张
[2026-02-16 22:00:40] [INFO] [BandaiScraper] 产品详情已保存到: data/MG/01_1871_ガンダムデカールNo.62-MG-1_100-Gファイター-ガンダムVer.2.0用-V作戦モデル用/product_details.json
[2026-02-16 22:00:40] [INFO] [BandaiScraper] 详情页抓取完成，随机延时 1.96 秒...
[2026-02-16 22:00:42] [INFO] [BandaiScraper] 正在访问产品详情页: https://bandai-hobby.net/item/01_1870/
[2026-02-16 22:00:44] [INFO] [BandaiScraper] 发现旧格式文件夹: data/MG/ガンダムデカールNo.61-MG-1_100-ジム-Ver.2.0用，将迁移到新格式: data/MG/01_1870_ガンダムデカールNo.61-MG-1_100-ジム-Ver.2.0用
[2026-02-16 22:00:44] [INFO] [BandaiScraper] 图片不完整 (现有:0, 需要:1)，需要下载
[2026-02-16 22:00:45] [INFO] [BandaiScraper] 图片下载成功，共下载 1 张
[2026-02-16 22:00:45] [INFO] [BandaiScraper] 产品详情已保存到: data/MG/01_1870_ガンダムデカールNo.61-MG-1_100-ジム-Ver.2.0用/product_details.json
[2026-02-16 22:00:45] [INFO] [BandaiScraper] 详情页抓取完成，随机延时 2.85 秒...
[2026-02-16 22:00:48] [INFO] [BandaiScraper] 正在访问产品详情页: https://bandai-hobby.net/item/01_4863/
[2026-02-16 22:00:50] [INFO] [BandaiScraper] 发现旧格式文件夹: data/MG/MG-1_100-RX-78-2-ガンダム-Ver.2.0-クリアカラーバージョン，将迁移到新格式: data/MG/01_4863_MG-1_100-RX-78-2-ガンダム-Ver.2.0-クリアカラーバージョン
[2026-02-16 22:00:50] [INFO] [BandaiScraper] 图片不完整 (现有:0, 需要:2)，需要下载
[2026-02-16 22:00:50] [INFO] [BandaiScraper] 图片下载成功，共下载 2 张
[2026-02-16 22:00:50] [INFO] [BandaiScraper] 产品详情已保存到: data/MG/01_4863_MG-1_100-RX-78-2-ガンダム-Ver.2.0-クリアカラーバージョン/product_details.json
[2026-02-16 22:00:50] [INFO] [BandaiScraper] 详情页抓取完成，随机延时 3.41 秒...
[2026-02-16 22:00:54] [INFO] [BandaiScraper] 正在访问产品详情页: https://bandai-hobby.net/item/01_4862/
[2026-02-16 22:00:56] [INFO] [BandaiScraper] 发现旧格式文件夹: data/MG/MG-1_100-デスティニーガンダム-クリアカラーバージョン，将迁移到新格式: data/MG/01_4862_MG-1_100-デスティニーガンダム-クリアカラーバージョン
[2026-02-16 22:00:56] [INFO] [BandaiScraper] 图片不完整 (现有:0, 需要:2)，需要下载
[2026-02-16 22:00:56] [INFO] [BandaiScraper] 图片下载成功，共下载 2 张
[2026-02-16 22:00:56] [INFO] [BandaiScraper] 产品详情已保存到: data/MG/01_4862_MG-1_100-デスティニーガンダム-クリアカラーバージョン/product_details.json
[2026-02-16 22:00:56] [INFO] [BandaiScraper] 详情页抓取完成，随机延时 2.52 秒...
[2026-02-16 22:00:59] [INFO] [BandaiScraper] 正在访问产品详情页: https://bandai-hobby.net/item/01_1695/
[2026-02-16 22:01:01] [INFO] [BandaiScraper] 发现旧格式文件夹: data/MG/MG-1_100-真武者頑駄無-戦国ノ陣，将迁移到新格式: data/MG/01_1695_MG-1_100-真武者頑駄無-戦国ノ陣
[2026-02-16 22:01:01] [INFO] [BandaiScraper] 图片不完整 (现有:0, 需要:3)，需要下载
[2026-02-16 22:01:02] [INFO] [BandaiScraper] 图片下载成功，共下载 3 张
[2026-02-16 22:01:02] [INFO] [BandaiScraper] 产品详情已保存到: data/MG/01_1695_MG-1_100-真武者頑駄無-戦国ノ陣/product_details.json
[2026-02-16 22:01:02] [INFO] [BandaiScraper] 详情页抓取完成，随机延时 1.98 秒...
[2026-02-16 22:01:04] [INFO] [BandaiScraper] 正在访问产品详情页: https://bandai-hobby.net/item/01_1694/
[2026-02-16 22:01:06] [INFO] [BandaiScraper] 发现旧格式文件夹: data/MG/MG-1_100-RGM-79-ジム-Ver.2.0，将迁移到新格式: data/MG/01_1694_MG-1_100-RGM-79-ジム-Ver.2.0
[2026-02-16 22:01:06] [INFO] [BandaiScraper] 图片不完整 (现有:0, 需要:5)，需要下载
[2026-02-16 22:01:07] [INFO] [BandaiScraper] 图片下载成功，共下载 5 张
[2026-02-16 22:01:07] [INFO] [BandaiScraper] 产品详情已保存到: data/MG/01_1694_MG-1_100-RGM-79-ジム-Ver.2.0/product_details.json
[2026-02-16 22:01:07] [INFO] [BandaiScraper] 详情页抓取完成，随机延时 1.56 秒...
[2026-02-16 22:01:09] [INFO] [BandaiScraper] 正在访问产品详情页: https://bandai-hobby.net/item/01_1692/
[2026-02-16 22:01:11] [INFO] [BandaiScraper] 发现旧格式文件夹: data/MG/MG-1_100-Gファイター-(ガンダムVer.2.0用-V作戦モデル)，将迁移到新格式: data/MG/01_1692_MG-1_100-Gファイター-(ガンダムVer.2.0用-V作戦モデル)
[2026-02-16 22:01:11] [INFO] [BandaiScraper] 图片不完整 (现有:0, 需要:4)，需要下载
[2026-02-16 22:01:12] [INFO] [BandaiScraper] 图片下载成功，共下载 4 张
[2026-02-16 22:01:12] [INFO] [BandaiScraper] 产品详情已保存到: data/MG/01_1692_MG-1_100-Gファイター-(ガンダムVer.2.0用-V作戦モデル)/product_details.json
[2026-02-16 22:01:12] [INFO] [BandaiScraper] 详情页抓取完成，随机延时 3.38 秒...
[2026-02-16 22:01:15] [INFO] [BandaiScraper] 正在访问产品详情页: https://bandai-hobby.net/item/01_1869/
[2026-02-16 22:01:17] [INFO] [BandaiScraper] 发现旧格式文件夹: data/MG/ガンダムデカールNo.59-MG-1_100-量産型ザクVer.2.0用リアルタイプ，将迁移到新格式: data/MG/01_1869_ガンダムデカールNo.59-MG-1_100-量産型ザクVer.2.0用リアルタイプ
[2026-02-16 22:01:17] [INFO] [BandaiScraper] 图片不完整 (现有:0, 需要:1)，需要下载
[2026-02-16 22:01:18] [INFO] [BandaiScraper] 图片下载成功，共下载 1 张
[2026-02-16 22:01:18] [INFO] [BandaiScraper] 产品详情已保存到: data/MG/01_1869_ガンダムデカールNo.59-MG-1_100-量産型ザクVer.2.0用リアルタイプ/product_details.json
[2026-02-16 22:01:18] [INFO] [BandaiScraper] 详情页抓取完成，随机延时 1.94 秒...
[2026-02-16 22:01:20] [INFO] [BandaiScraper] 正在访问产品详情页: https://bandai-hobby.net/item/01_1868/
[2026-02-16 22:01:22] [INFO] [BandaiScraper] 发现旧格式文件夹: data/MG/ガンダムデカールNo.58-MG-1_100-ザクキャノン用，将迁移到新格式: data/MG/01_1868_ガンダムデカールNo.58-MG-1_100-ザクキャノン用
[2026-02-16 22:01:22] [INFO] [BandaiScraper] 图片不完整 (现有:0, 需要:1)，需要下载
[2026-02-16 22:01:22] [INFO] [BandaiScraper] 图片下载成功，共下载 1 张
[2026-02-16 22:01:22] [INFO] [BandaiScraper] 产品详情已保存到: data/MG/01_1868_ガンダムデカールNo.58-MG-1_100-ザクキャノン用/product_details.json
[2026-02-16 22:01:22] [INFO] [BandaiScraper] 详情页抓取完成，随机延时 2.75 秒...
[2026-02-16 22:01:25] [INFO] [BandaiScraper] 正在访问产品详情页: https://bandai-hobby.net/item/01_1867/
[2026-02-16 22:01:27] [INFO] [BandaiScraper] 发现旧格式文件夹: data/MG/ガンダムデカールNo.56-MG-1_100-ジョニーライデン専用ザク-Ver.2.0用_シンマツナガ専用ザク-Ver.2.0用，将迁移到新格式: data/MG/01_1867_ガンダムデカールNo.56-MG-1_100-ジョニーライデン専用ザク-Ver.2.0用_シンマツナガ専用ザク-Ver.2.0用
[2026-02-16 22:01:27] [INFO] [BandaiScraper] 图片不完整 (现有:0, 需要:1)，需要下载
[2026-02-16 22:01:27] [INFO] [BandaiScraper] 图片下载成功，共下载 1 张
[2026-02-16 22:01:28] [INFO] [BandaiScraper] 产品详情已保存到: data/MG/01_1867_ガンダムデカールNo.56-MG-1_100-ジョニーライデン専用ザク-Ver.2.0用_シンマツナガ専用ザク-Ver.2.0用/product_details.json
[2026-02-16 22:01:28] [INFO] [BandaiScraper] 详情页抓取完成，随机延时 3.26 秒...
[2026-02-16 22:01:31] [INFO] [BandaiScraper] 正在访问产品详情页: https://bandai-hobby.net/item/01_1864/
[2026-02-16 22:01:33] [INFO] [BandaiScraper] 发现旧格式文件夹: data/MG/ガンダムデカールNo.55-MG-1_100-インフィニットジャスティスガンダム用，将迁移到新格式: data/MG/01_1864_ガンダムデカールNo.55-MG-1_100-インフィニットジャスティスガンダム用
[2026-02-16 22:01:33] [INFO] [BandaiScraper] 图片不完整 (现有:0, 需要:1)，需要下载
[2026-02-16 22:01:33] [INFO] [BandaiScraper] 图片下载成功，共下载 1 张
[2026-02-16 22:01:33] [INFO] [BandaiScraper] 产品详情已保存到: data/MG/01_1864_ガンダムデカールNo.55-MG-1_100-インフィニットジャスティスガンダム用/product_details.json
[2026-02-16 22:01:33] [INFO] [BandaiScraper] 详情页抓取完成，随机延时 2.56 秒...
[2026-02-16 22:01:36] [INFO] [BandaiScraper] 正在访问产品详情页: https://bandai-hobby.net/item/01_1456/
[2026-02-16 22:01:38] [INFO] [BandaiScraper] 发现旧格式文件夹: data/MG/MG-1_100-MS-06R-1A-シン・マツナガ専用ザク-Ver.2.0，将迁移到新格式: data/MG/01_1456_MG-1_100-MS-06R-1A-シン・マツナガ専用ザク-Ver.2.0
[2026-02-16 22:01:39] [INFO] [BandaiScraper] 图片不完整 (现有:0, 需要:10)，需要下载
[2026-02-16 22:01:41] [INFO] [BandaiScraper] 图片下载成功，共下载 10 张
[2026-02-16 22:01:41] [INFO] [BandaiScraper] 产品详情已保存到: data/MG/01_1456_MG-1_100-MS-06R-1A-シン・マツナガ専用ザク-Ver.2.0/product_details.json
[2026-02-16 22:01:41] [INFO] [BandaiScraper] 详情页抓取完成，随机延时 3.34 秒...
[2026-02-16 22:01:45] [INFO] [BandaiScraper] 正在访问产品详情页: https://bandai-hobby.net/item/01_1688/
[2026-02-16 22:01:47] [INFO] [BandaiScraper] 发现旧格式文件夹: data/MG/MG-1_100-インフィニットジャスティスガンダム，将迁移到新格式: data/MG/01_1688_MG-1_100-インフィニットジャスティスガンダム
[2026-02-16 22:01:47] [INFO] [BandaiScraper] 图片不完整 (现有:0, 需要:4)，需要下载
[2026-02-16 22:01:47] [INFO] [BandaiScraper] 图片下载成功，共下载 4 张
[2026-02-16 22:01:47] [INFO] [BandaiScraper] 产品详情已保存到: data/MG/01_1688_MG-1_100-インフィニットジャスティスガンダム/product_details.json
[2026-02-16 22:01:47] [INFO] [BandaiScraper] 详情页抓取完成，随机延时 2.60 秒...
[2026-02-16 22:01:50] [INFO] [BandaiScraper] 正在访问产品详情页: https://bandai-hobby.net/item/01_1455/
[2026-02-16 22:01:52] [INFO] [BandaiScraper] 发现旧格式文件夹: data/MG/MG-1_100-MS-06R-2-ジョニー・ライデン専用ザク-Ver.2.0，将迁移到新格式: data/MG/01_1455_MG-1_100-MS-06R-2-ジョニー・ライデン専用ザク-Ver.2.0
[2026-02-16 22:01:52] [INFO] [BandaiScraper] 图片不完整 (现有:0, 需要:4)，需要下载
[2026-02-16 22:01:53] [INFO] [BandaiScraper] 图片下载成功，共下载 4 张
[2026-02-16 22:01:53] [INFO] [BandaiScraper] 产品详情已保存到: data/MG/01_1455_MG-1_100-MS-06R-2-ジョニー・ライデン専用ザク-Ver.2.0/product_details.json
[2026-02-16 22:01:53] [INFO] [BandaiScraper] 详情页抓取完成，随机延时 2.08 秒...
[2026-02-16 22:01:56] [INFO] [BandaiScraper] 正在访问产品详情页: https://bandai-hobby.net/item/01_1687/
[2026-02-16 22:01:58] [INFO] [BandaiScraper] 发现旧格式文件夹: data/MG/MG-1_100-ストライクフリーダムガンダム-エクストラフィニッシュVer，将迁移到新格式: data/MG/01_1687_MG-1_100-ストライクフリーダムガンダム-エクストラフィニッシュVer
[2026-02-16 22:01:58] [INFO] [BandaiScraper] 图片不完整 (现有:0, 需要:2)，需要下载
[2026-02-16 22:01:58] [INFO] [BandaiScraper] 图片下载成功，共下载 2 张
[2026-02-16 22:01:58] [INFO] [BandaiScraper] 产品详情已保存到: data/MG/01_1687_MG-1_100-ストライクフリーダムガンダム-エクストラフィニッシュVer/product_details.json
[2026-02-16 22:01:58] [INFO] [BandaiScraper] 详情页抓取完成，随机延时 3.48 秒...
[2026-02-16 22:02:02] [INFO] [BandaiScraper] 正在访问产品详情页: https://bandai-hobby.net/item/01_4856/
[2026-02-16 22:02:04] [INFO] [BandaiScraper] 发现旧格式文件夹: data/MG/MG-1_100-RX-78-3-G-3ガンダム-Ver.ONE-YEAR-WAR-0079，将迁移到新格式: data/MG/01_4856_MG-1_100-RX-78-3-G-3ガンダム-Ver.ONE-YEAR-WAR-0079
[2026-02-16 22:02:04] [INFO] [BandaiScraper] 图片不完整 (现有:0, 需要:2)，需要下载
[2026-02-16 22:02:04] [INFO] [BandaiScraper] 图片下载成功，共下载 2 张
[2026-02-16 22:02:04] [INFO] [BandaiScraper] 产品详情已保存到: data/MG/01_4856_MG-1_100-RX-78-3-G-3ガンダム-Ver.ONE-YEAR-WAR-0079/product_details.json
[2026-02-16 22:02:04] [INFO] [BandaiScraper] 详情页抓取完成，随机延时 1.76 秒...
[2026-02-16 22:02:06] [INFO] [BandaiScraper] 正在访问产品详情页: https://bandai-hobby.net/item/01_1861/
[2026-02-16 22:02:08] [INFO] [BandaiScraper] 发现旧格式文件夹: data/MG/ガンダムデカールNo.52-MG-1_100-ガンダム-Ver.2.0用，将迁移到新格式: data/MG/01_1861_ガンダムデカールNo.52-MG-1_100-ガンダム-Ver.2.0用
[2026-02-16 22:02:08] [INFO] [BandaiScraper] 图片不完整 (现有:0, 需要:1)，需要下载
[2026-02-16 22:02:08] [INFO] [BandaiScraper] 图片下载成功，共下载 1 张
[2026-02-16 22:02:08] [INFO] [BandaiScraper] 产品详情已保存到: data/MG/01_1861_ガンダムデカールNo.52-MG-1_100-ガンダム-Ver.2.0用/product_details.json
[2026-02-16 22:02:08] [INFO] [BandaiScraper] 详情页抓取完成，随机延时 2.88 秒...
[2026-02-16 22:02:11] [INFO] [BandaiScraper] 正在访问产品详情页: https://bandai-hobby.net/item/01_1860/
[2026-02-16 22:02:13] [INFO] [BandaiScraper] 发现旧格式文件夹: data/MG/ガンダムデカールNo.51-MG-1_100-真武者頑駄無用，将迁移到新格式: data/MG/01_1860_ガンダムデカールNo.51-MG-1_100-真武者頑駄無用
[2026-02-16 22:02:13] [INFO] [BandaiScraper] 图片不完整 (现有:0, 需要:1)，需要下载
[2026-02-16 22:02:14] [INFO] [BandaiScraper] 图片下载成功，共下载 1 张
[2026-02-16 22:02:14] [INFO] [BandaiScraper] 产品详情已保存到: data/MG/01_1860_ガンダムデカールNo.51-MG-1_100-真武者頑駄無用/product_details.json
[2026-02-16 22:02:14] [INFO] [BandaiScraper] 详情页抓取完成，随机延时 2.36 秒...
[2026-02-16 22:02:16] [INFO] [BandaiScraper] 正在访问产品详情页: https://bandai-hobby.net/item/01_1859/
[2026-02-16 22:02:18] [INFO] [BandaiScraper] 发现旧格式文件夹: data/MG/ガンダムデカールNo.50-MG-1_100-フォースインパルスガンダム用，将迁移到新格式: data/MG/01_1859_ガンダムデカールNo.50-MG-1_100-フォースインパルスガンダム用
[2026-02-16 22:02:18] [INFO] [BandaiScraper] 图片不完整 (现有:0, 需要:1)，需要下载
[2026-02-16 22:02:19] [INFO] [BandaiScraper] 图片下载成功，共下载 1 张
[2026-02-16 22:02:19] [INFO] [BandaiScraper] 产品详情已保存到: data/MG/01_1859_ガンダムデカールNo.50-MG-1_100-フォースインパルスガンダム用/product_details.json
[2026-02-16 22:02:19] [INFO] [BandaiScraper] 详情页抓取完成，随机延时 2.43 秒...
[2026-02-16 22:02:21] [INFO] [BandaiScraper] 正在访问产品详情页: https://bandai-hobby.net/item/01_1858/
[2026-02-16 22:02:23] [INFO] [BandaiScraper] 发现旧格式文件夹: data/MG/ガンダムデカールNo.49-MG-1_100-ストライクガンダム用，将迁移到新格式: data/MG/01_1858_ガンダムデカールNo.49-MG-1_100-ストライクガンダム用
[2026-02-16 22:02:23] [INFO] [BandaiScraper] 图片不完整 (现有:0, 需要:1)，需要下载
[2026-02-16 22:02:24] [INFO] [BandaiScraper] 图片下载成功，共下载 1 张
[2026-02-16 22:02:24] [INFO] [BandaiScraper] 产品详情已保存到: data/MG/01_1858_ガンダムデカールNo.49-MG-1_100-ストライクガンダム用/product_details.json
[2026-02-16 22:02:24] [INFO] [BandaiScraper] 详情页抓取完成，随机延时 3.00 秒...
[2026-02-16 22:02:27] [INFO] [BandaiScraper] 正在访问产品详情页: https://bandai-hobby.net/item/01_1685/
[2026-02-16 22:02:29] [INFO] [BandaiScraper] 发现旧格式文件夹: data/MG/MG-1_100-ザクキャノン，将迁移到新格式: data/MG/01_1685_MG-1_100-ザクキャノン
[2026-02-16 22:02:29] [INFO] [BandaiScraper] 图片不完整 (现有:0, 需要:3)，需要下载
[2026-02-16 22:02:29] [INFO] [BandaiScraper] 图片下载成功，共下载 3 张
[2026-02-16 22:02:29] [INFO] [BandaiScraper] 产品详情已保存到: data/MG/01_1685_MG-1_100-ザクキャノン/product_details.json
[2026-02-16 22:02:29] [INFO] [BandaiScraper] 详情页抓取完成，随机延时 1.90 秒...
[2026-02-16 22:02:31] [INFO] [BandaiScraper] 正在访问产品详情页: https://bandai-hobby.net/item/01_1453/
[2026-02-16 22:02:33] [INFO] [BandaiScraper] 发现旧格式文件夹: data/MG/MG-1_100-RX-78-2ガンダム-Ver2.0，将迁移到新格式: data/MG/01_1453_MG-1_100-RX-78-2ガンダム-Ver2.0
[2026-02-16 22:02:33] [INFO] [BandaiScraper] 图片不完整 (现有:0, 需要:4)，需要下载
[2026-02-16 22:02:34] [INFO] [BandaiScraper] 图片下载成功，共下载 4 张
[2026-02-16 22:02:35] [INFO] [BandaiScraper] 产品详情已保存到: data/MG/01_1453_MG-1_100-RX-78-2ガンダム-Ver2.0/product_details.json
[2026-02-16 22:02:35] [INFO] [BandaiScraper] 详情页抓取完成，随机延时 3.37 秒...
[2026-02-16 22:02:38] [INFO] [BandaiScraper] 正在访问产品详情页: https://bandai-hobby.net/item/01_1682/
[2026-02-16 22:02:40] [INFO] [BandaiScraper] 发现旧格式文件夹: data/MG/MG-1_100-真武者頑駄無，将迁移到新格式: data/MG/01_1682_MG-1_100-真武者頑駄無
[2026-02-16 22:02:40] [INFO] [BandaiScraper] 图片不完整 (现有:0, 需要:3)，需要下载
[2026-02-16 22:02:41] [INFO] [BandaiScraper] 图片下载成功，共下载 3 张
[2026-02-16 22:02:41] [INFO] [BandaiScraper] 产品详情已保存到: data/MG/01_1682_MG-1_100-真武者頑駄無/product_details.json
[2026-02-16 22:02:41] [INFO] [BandaiScraper] 详情页抓取完成，随机延时 3.35 秒...
[2026-02-16 22:02:44] [INFO] [BandaiScraper] 正在访问产品详情页: https://bandai-hobby.net/item/01_1681/
[2026-02-16 22:02:47] [INFO] [BandaiScraper] 发现旧格式文件夹: data/MG/MG-1_100-フォースインパルスガンダム，将迁移到新格式: data/MG/01_1681_MG-1_100-フォースインパルスガンダム
[2026-02-16 22:02:47] [INFO] [BandaiScraper] 图片不完整 (现有:0, 需要:7)，需要下载
[2026-02-16 22:02:48] [INFO] [BandaiScraper] 图片下载成功，共下载 7 张
[2026-02-16 22:02:48] [INFO] [BandaiScraper] 产品详情已保存到: data/MG/01_1681_MG-1_100-フォースインパルスガンダム/product_details.json
[2026-02-16 22:02:48] [INFO] [BandaiScraper] 详情页抓取完成，随机延时 2.40 秒...
[2026-02-16 22:02:50] [INFO] [BandaiScraper] 正在访问产品详情页: https://bandai-hobby.net/item/01_4852/
[2026-02-16 22:02:52] [INFO] [BandaiScraper] 发现旧格式文件夹: data/MG/MG-1_100-MS-06J-量産型ザク-Ver.2.0-リアルタイプカラー仕様，将迁移到新格式: data/MG/01_4852_MG-1_100-MS-06J-量産型ザク-Ver.2.0-リアルタイプカラー仕様
[2026-02-16 22:02:52] [INFO] [BandaiScraper] 图片不完整 (现有:0, 需要:3)，需要下载
[2026-02-16 22:02:53] [INFO] [BandaiScraper] 图片下载成功，共下载 3 张
[2026-02-16 22:02:53] [INFO] [BandaiScraper] 产品详情已保存到: data/MG/01_4852_MG-1_100-MS-06J-量産型ザク-Ver.2.0-リアルタイプカラー仕様/product_details.json
[2026-02-16 22:02:53] [INFO] [BandaiScraper] 详情页抓取完成，随机延时 1.75 秒...
[2026-02-16 22:02:55] [INFO] [BandaiScraper] 正在访问产品详情页: https://bandai-hobby.net/item/01_1678/
[2026-02-16 22:02:57] [INFO] [BandaiScraper] 发现旧格式文件夹: data/MG/MG-1_100-ランチャー_ソードストライクガンダム，将迁移到新格式: data/MG/01_1678_MG-1_100-ランチャー_ソードストライクガンダム
[2026-02-16 22:02:57] [INFO] [BandaiScraper] 图片不完整 (现有:0, 需要:2)，需要下载
[2026-02-16 22:02:57] [INFO] [BandaiScraper] 图片下载成功，共下载 2 张
[2026-02-16 22:02:58] [INFO] [BandaiScraper] 产品详情已保存到: data/MG/01_1678_MG-1_100-ランチャー_ソードストライクガンダム/product_details.json
[2026-02-16 22:02:58] [INFO] [BandaiScraper] 详情页抓取完成，随机延时 2.88 秒...
[2026-02-16 22:03:00] [INFO] [BandaiScraper] 正在访问产品详情页: https://bandai-hobby.net/item/01_1677/
[2026-02-16 22:03:03] [INFO] [BandaiScraper] 发现旧格式文件夹: data/MG/MG-1_100-量産型ゲルググ-Ver.2.0，将迁移到新格式: data/MG/01_1677_MG-1_100-量産型ゲルググ-Ver.2.0
[2026-02-16 22:03:03] [INFO] [BandaiScraper] 图片不完整 (现有:0, 需要:3)，需要下载
[2026-02-16 22:03:03] [INFO] [BandaiScraper] 图片下载成功，共下载 3 张
[2026-02-16 22:03:03] [INFO] [BandaiScraper] 产品详情已保存到: data/MG/01_1677_MG-1_100-量産型ゲルググ-Ver.2.0/product_details.json
[2026-02-16 22:03:03] [INFO] [BandaiScraper] 详情页抓取完成，随机延时 1.96 秒...
[2026-02-16 22:03:05] [INFO] [BandaiScraper] 正在访问产品详情页: https://bandai-hobby.net/item/01_1853/
[2026-02-16 22:03:07] [INFO] [BandaiScraper] 发现旧格式文件夹: data/MG/ガンダムデカールNo.45-MG-1_100-黒い三連星ザク-Ver.2.0用，将迁移到新格式: data/MG/01_1853_ガンダムデカールNo.45-MG-1_100-黒い三連星ザク-Ver.2.0用
[2026-02-16 22:03:07] [INFO] [BandaiScraper] 图片不完整 (现有:0, 需要:1)，需要下载
[2026-02-16 22:03:08] [INFO] [BandaiScraper] 图片下载成功，共下载 1 张
[2026-02-16 22:03:08] [INFO] [BandaiScraper] 产品详情已保存到: data/MG/01_1853_ガンダムデカールNo.45-MG-1_100-黒い三連星ザク-Ver.2.0用/product_details.json
[2026-02-16 22:03:08] [INFO] [BandaiScraper] 详情页抓取完成，随机延时 2.82 秒...
[2026-02-16 22:03:10] [INFO] [BandaiScraper] 正在访问产品详情页: https://bandai-hobby.net/item/01_1852/
[2026-02-16 22:03:13] [INFO] [BandaiScraper] 发现旧格式文件夹: data/MG/ガンダムデカールNo.43-MG-1_100-デスティニーガンダム用，将迁移到新格式: data/MG/01_1852_ガンダムデカールNo.43-MG-1_100-デスティニーガンダム用
[2026-02-16 22:03:13] [INFO] [BandaiScraper] 图片不完整 (现有:0, 需要:1)，需要下载
[2026-02-16 22:03:13] [INFO] [BandaiScraper] 图片下载成功，共下载 1 张
[2026-02-16 22:03:13] [INFO] [BandaiScraper] 产品详情已保存到: data/MG/01_1852_ガンダムデカールNo.43-MG-1_100-デスティニーガンダム用/product_details.json
[2026-02-16 22:03:13] [INFO] [BandaiScraper] 详情页抓取完成，随机延时 2.28 秒...
[2026-02-16 22:03:15] [INFO] [BandaiScraper] 正在访问产品详情页: https://bandai-hobby.net/item/01_1676/
[2026-02-16 22:03:18] [INFO] [BandaiScraper] 发现旧格式文件夹: data/MG/MG-1_100-MS-06F-ザク-Ver.2.0，将迁移到新格式: data/MG/01_1676_MG-1_100-MS-06F-ザク-Ver.2.0
[2026-02-16 22:03:18] [INFO] [BandaiScraper] 图片不完整 (现有:0, 需要:4)，需要下载
[2026-02-16 22:03:19] [INFO] [BandaiScraper] 图片下载成功，共下载 4 张
[2026-02-16 22:03:19] [INFO] [BandaiScraper] 产品详情已保存到: data/MG/01_1676_MG-1_100-MS-06F-ザク-Ver.2.0/product_details.json
[2026-02-16 22:03:19] [INFO] [BandaiScraper] 详情页抓取完成，随机延时 2.86 秒...
[2026-02-16 22:03:22] [INFO] [BandaiScraper] 正在访问产品详情页: https://bandai-hobby.net/item/01_1674/
[2026-02-16 22:03:24] [INFO] [BandaiScraper] 发现旧格式文件夹: data/MG/MG-1_100-ザクマインレイヤー，将迁移到新格式: data/MG/01_1674_MG-1_100-ザクマインレイヤー
[2026-02-16 22:03:24] [INFO] [BandaiScraper] 图片不完整 (现有:0, 需要:2)，需要下载
[2026-02-16 22:03:24] [INFO] [BandaiScraper] 图片下载成功，共下载 2 张
[2026-02-16 22:03:24] [INFO] [BandaiScraper] 产品详情已保存到: data/MG/01_1674_MG-1_100-ザクマインレイヤー/product_details.json
[2026-02-16 22:03:24] [INFO] [BandaiScraper] 详情页抓取完成，随机延时 2.79 秒...
[2026-02-16 22:03:27] [INFO] [BandaiScraper] 正在访问产品详情页: https://bandai-hobby.net/item/01_1452/
[2026-02-16 22:03:29] [INFO] [BandaiScraper] 发现旧格式文件夹: data/MG/MG-1_100-ストライクE＋I.W.S.P.(ルカス・オドネル専用機)，将迁移到新格式: data/MG/01_1452_MG-1_100-ストライクE＋I.W.S.P.(ルカス・オドネル専用機)
[2026-02-16 22:03:29] [INFO] [BandaiScraper] 图片不完整 (现有:0, 需要:3)，需要下载
[2026-02-16 22:03:30] [INFO] [BandaiScraper] 图片下载成功，共下载 3 张
[2026-02-16 22:03:30] [INFO] [BandaiScraper] 产品详情已保存到: data/MG/01_1452_MG-1_100-ストライクE＋I.W.S.P.(ルカス・オドネル専用機)/product_details.json
[2026-02-16 22:03:30] [INFO] [BandaiScraper] 详情页抓取完成，随机延时 2.00 秒...
[2026-02-16 22:03:32] [INFO] [BandaiScraper] 正在访问产品详情页: https://bandai-hobby.net/item/01_1673/
[2026-02-16 22:03:34] [INFO] [BandaiScraper] 发现旧格式文件夹: data/MG/MG-1_100-νガンダム-メタリックコーティングVer，将迁移到新格式: data/MG/01_1673_MG-1_100-νガンダム-メタリックコーティングVer
[2026-02-16 22:03:34] [INFO] [BandaiScraper] 图片不完整 (现有:0, 需要:2)，需要下载
[2026-02-16 22:03:34] [INFO] [BandaiScraper] 图片下载成功，共下载 2 张
[2026-02-16 22:03:35] [INFO] [BandaiScraper] 产品详情已保存到: data/MG/01_1673_MG-1_100-νガンダム-メタリックコーティングVer/product_details.json
[2026-02-16 22:03:35] [INFO] [BandaiScraper] 详情页抓取完成，随机延时 1.64 秒...
[2026-02-16 22:03:36] [INFO] [BandaiScraper] 正在访问产品详情页: https://bandai-hobby.net/item/01_4511/
[2026-02-16 22:03:38] [INFO] [BandaiScraper] 发现旧格式文件夹: data/MG/MG-1_100-MS-06R-黒い三連星ザク-Ver.2.0，将迁移到新格式: data/MG/01_4511_MG-1_100-MS-06R-黒い三連星ザク-Ver.2.0
[2026-02-16 22:03:38] [INFO] [BandaiScraper] 图片不完整 (现有:0, 需要:3)，需要下载
[2026-02-16 22:03:39] [INFO] [BandaiScraper] 图片下载成功，共下载 3 张
[2026-02-16 22:03:39] [INFO] [BandaiScraper] 产品详情已保存到: data/MG/01_4511_MG-1_100-MS-06R-黒い三連星ザク-Ver.2.0/product_details.json
[2026-02-16 22:03:39] [INFO] [BandaiScraper] 详情页抓取完成，随机延时 2.31 秒...
[2026-02-16 22:03:41] [INFO] [BandaiScraper] 正在访问产品详情页: https://bandai-hobby.net/item/01_1451/
[2026-02-16 22:03:43] [INFO] [BandaiScraper] 发现旧格式文件夹: data/MG/MG-1_100-サザビー-メタリックコーティングバージョン，将迁移到新格式: data/MG/01_1451_MG-1_100-サザビー-メタリックコーティングバージョン
[2026-02-16 22:03:43] [INFO] [BandaiScraper] 图片不完整 (现有:0, 需要:2)，需要下载
[2026-02-16 22:03:44] [INFO] [BandaiScraper] 图片下载成功，共下载 2 张
[2026-02-16 22:03:44] [INFO] [BandaiScraper] 产品详情已保存到: data/MG/01_1451_MG-1_100-サザビー-メタリックコーティングバージョン/product_details.json
[2026-02-16 22:03:44] [INFO] [BandaiScraper] 详情页抓取完成，随机延时 2.25 秒...
[2026-02-16 22:03:46] [INFO] [BandaiScraper] 正在访问产品详情页: https://bandai-hobby.net/item/01_1851/
[2026-02-16 22:03:48] [INFO] [BandaiScraper] 发现旧格式文件夹: data/MG/ガンダムデカールNo.40-MG-1_100-MS-06J-ザク-Ver.2.0用，将迁移到新格式: data/MG/01_1851_ガンダムデカールNo.40-MG-1_100-MS-06J-ザク-Ver.2.0用
[2026-02-16 22:03:48] [INFO] [BandaiScraper] 图片不完整 (现有:0, 需要:1)，需要下载
[2026-02-16 22:03:48] [INFO] [BandaiScraper] 图片下载成功，共下载 1 张
[2026-02-16 22:03:48] [INFO] [BandaiScraper] 产品详情已保存到: data/MG/01_1851_ガンダムデカールNo.40-MG-1_100-MS-06J-ザク-Ver.2.0用/product_details.json
[2026-02-16 22:03:48] [INFO] [BandaiScraper] 详情页抓取完成，随机延时 2.89 秒...
[2026-02-16 22:03:51] [INFO] [BandaiScraper] 正在访问产品详情页: https://bandai-hobby.net/item/01_1660/
[2026-02-16 22:03:54] [INFO] [BandaiScraper] 发现旧格式文件夹: data/MG/MG-1_100-ガンダム〔Ver.ONE-YEAR-WAR-0079〕アニメーションカラー，将迁移到新格式: data/MG/01_1660_MG-1_100-ガンダム〔Ver.ONE-YEAR-WAR-0079〕アニメーションカラー
[2026-02-16 22:03:54] [INFO] [BandaiScraper] 图片不完整 (现有:0, 需要:5)，需要下载
[2026-02-16 22:03:55] [INFO] [BandaiScraper] 图片下载成功，共下载 5 张
[2026-02-16 22:03:55] [INFO] [BandaiScraper] 产品详情已保存到: data/MG/01_1660_MG-1_100-ガンダム〔Ver.ONE-YEAR-WAR-0079〕アニメーションカラー/product_details.json
[2026-02-16 22:03:55] [INFO] [BandaiScraper] 详情页抓取完成，随机延时 2.47 秒...
[2026-02-16 22:03:57] [INFO] [BandaiScraper] 正在访问产品详情页: https://bandai-hobby.net/item/01_1659/
[2026-02-16 22:04:00] [INFO] [BandaiScraper] 发现旧格式文件夹: data/MG/MG-1_100-シャア専用ゲルググVer.2.0，将迁移到新格式: data/MG/01_1659_MG-1_100-シャア専用ゲルググVer.2.0
[2026-02-16 22:04:00] [INFO] [BandaiScraper] 图片不完整 (现有:0, 需要:4)，需要下载
[2026-02-16 22:04:01] [INFO] [BandaiScraper] 图片下载成功，共下载 4 张
[2026-02-16 22:04:01] [INFO] [BandaiScraper] 产品详情已保存到: data/MG/01_1659_MG-1_100-シャア専用ゲルググVer.2.0/product_details.json
[2026-02-16 22:04:01] [INFO] [BandaiScraper] 详情页抓取完成，随机延时 3.09 秒...
[2026-02-16 22:04:04] [INFO] [BandaiScraper] 正在访问产品详情页: https://bandai-hobby.net/item/01_1651/
[2026-02-16 22:04:06] [INFO] [BandaiScraper] 发现旧格式文件夹: data/MG/MG-1_100-MS-06S-シャア専用ザク-Ver.2.0，将迁移到新格式: data/MG/01_1651_MG-1_100-MS-06S-シャア専用ザク-Ver.2.0
[2026-02-16 22:04:06] [INFO] [BandaiScraper] 图片不完整 (现有:0, 需要:5)，需要下载
[2026-02-16 22:04:07] [INFO] [BandaiScraper] 图片下载成功，共下载 5 张
[2026-02-16 22:04:07] [INFO] [BandaiScraper] 产品详情已保存到: data/MG/01_1651_MG-1_100-MS-06S-シャア専用ザク-Ver.2.0/product_details.json
[2026-02-16 22:04:07] [INFO] [BandaiScraper] 详情页抓取完成，随机延时 2.89 秒...
[2026-02-16 22:04:10] [INFO] [BandaiScraper] 正在访问产品详情页: https://bandai-hobby.net/item/01_4841/
[2026-02-16 22:04:12] [INFO] [BandaiScraper] 发现旧格式文件夹: data/MG/MG-1_100-ストライクフリーダムガンダム-クリアカラーバージョン，将迁移到新格式: data/MG/01_4841_MG-1_100-ストライクフリーダムガンダム-クリアカラーバージョン
[2026-02-16 22:04:12] [INFO] [BandaiScraper] 图片不完整 (现有:0, 需要:3)，需要下载
[2026-02-16 22:04:13] [INFO] [BandaiScraper] 图片下载成功，共下载 3 张
[2026-02-16 22:04:13] [INFO] [BandaiScraper] 产品详情已保存到: data/MG/01_4841_MG-1_100-ストライクフリーダムガンダム-クリアカラーバージョン/product_details.json
[2026-02-16 22:04:13] [INFO] [BandaiScraper] 详情页抓取完成，随机延时 1.57 秒...
[2026-02-16 22:04:14] [INFO] [BandaiScraper] 正在访问产品详情页: https://bandai-hobby.net/item/01_1646/
[2026-02-16 22:04:17] [INFO] [BandaiScraper] 发现旧格式文件夹: data/MG/MG-1_100-MS-06J-量産型ザク-Ver.2.0，将迁移到新格式: data/MG/01_1646_MG-1_100-MS-06J-量産型ザク-Ver.2.0
[2026-02-16 22:04:17] [INFO] [BandaiScraper] 图片不完整 (现有:0, 需要:4)，需要下载
[2026-02-16 22:04:18] [INFO] [BandaiScraper] 图片下载成功，共下载 4 张
[2026-02-16 22:04:18] [INFO] [BandaiScraper] 产品详情已保存到: data/MG/01_1646_MG-1_100-MS-06J-量産型ザク-Ver.2.0/product_details.json
[2026-02-16 22:04:18] [INFO] [BandaiScraper] 详情页抓取完成，随机延时 2.76 秒...
[2026-02-16 22:04:21] [INFO] [BandaiScraper] 正在访问产品详情页: https://bandai-hobby.net/item/01_1845/
[2026-02-16 22:04:23] [INFO] [BandaiScraper] 发现旧格式文件夹: data/MG/ガンダムデカールNo.34-MG-1_100-ストライクノワールガンダム用，将迁移到新格式: data/MG/01_1845_ガンダムデカールNo.34-MG-1_100-ストライクノワールガンダム用
[2026-02-16 22:04:23] [INFO] [BandaiScraper] 图片不完整 (现有:0, 需要:1)，需要下载
[2026-02-16 22:04:23] [INFO] [BandaiScraper] 图片下载成功，共下载 1 张
[2026-02-16 22:04:23] [INFO] [BandaiScraper] 产品详情已保存到: data/MG/01_1845_ガンダムデカールNo.34-MG-1_100-ストライクノワールガンダム用/product_details.json
[2026-02-16 22:04:23] [INFO] [BandaiScraper] 详情页抓取完成，随机延时 2.93 秒...
[2026-02-16 22:04:26] [INFO] [BandaiScraper] 正在访问产品详情页: https://bandai-hobby.net/item/01_1842/
[2026-02-16 22:04:28] [INFO] [BandaiScraper] 发现旧格式文件夹: data/MG/ガンダムデカールNo.32-MG-1_100-Hi-ニューガンダム用，将迁移到新格式: data/MG/01_1842_ガンダムデカールNo.32-MG-1_100-Hi-ニューガンダム用
[2026-02-16 22:04:28] [INFO] [BandaiScraper] 图片不完整 (现有:0, 需要:1)，需要下载
[2026-02-16 22:04:29] [INFO] [BandaiScraper] 图片下载成功，共下载 1 张
[2026-02-16 22:04:29] [INFO] [BandaiScraper] 产品详情已保存到: data/MG/01_1842_ガンダムデカールNo.32-MG-1_100-Hi-ニューガンダム用/product_details.json
[2026-02-16 22:04:29] [INFO] [BandaiScraper] 详情页抓取完成，随机延时 3.40 秒...
[2026-02-16 22:04:32] [INFO] [BandaiScraper] 正在访问产品详情页: https://bandai-hobby.net/item/01_1841/
[2026-02-16 22:04:34] [INFO] [BandaiScraper] 发现旧格式文件夹: data/MG/ガンダムデカールNo.31-MG-1_100-ストライクフリーダムガンダム用，将迁移到新格式: data/MG/01_1841_ガンダムデカールNo.31-MG-1_100-ストライクフリーダムガンダム用
[2026-02-16 22:04:34] [INFO] [BandaiScraper] 图片不完整 (现有:0, 需要:1)，需要下载
[2026-02-16 22:04:34] [INFO] [BandaiScraper] 图片下载成功，共下载 1 张
[2026-02-16 22:04:34] [INFO] [BandaiScraper] 产品详情已保存到: data/MG/01_1841_ガンダムデカールNo.31-MG-1_100-ストライクフリーダムガンダム用/product_details.json
[2026-02-16 22:04:34] [INFO] [BandaiScraper] 详情页抓取完成，随机延时 3.06 秒...
[2026-02-16 22:04:38] [INFO] [BandaiScraper] 正在访问产品详情页: https://bandai-hobby.net/item/01_1645/
[2026-02-16 22:04:40] [INFO] [BandaiScraper] 发现旧格式文件夹: data/MG/MG-1_100-ストライクノワールガンダム，将迁移到新格式: data/MG/01_1645_MG-1_100-ストライクノワールガンダム
[2026-02-16 22:04:40] [INFO] [BandaiScraper] 图片不完整 (现有:0, 需要:7)，需要下载
[2026-02-16 22:04:41] [INFO] [BandaiScraper] 图片下载成功，共下载 7 张
[2026-02-16 22:04:41] [INFO] [BandaiScraper] 产品详情已保存到: data/MG/01_1645_MG-1_100-ストライクノワールガンダム/product_details.json
[2026-02-16 22:04:41] [INFO] [BandaiScraper] 详情页抓取完成，随机延时 1.76 秒...
[2026-02-16 22:04:43] [INFO] [BandaiScraper] 正在访问产品详情页: https://bandai-hobby.net/item/01_1642/
[2026-02-16 22:04:45] [INFO] [BandaiScraper] 发现旧格式文件夹: data/MG/MG-1_100-Hi-νガンダム，将迁移到新格式: data/MG/01_1642_MG-1_100-Hi-νガンダム
[2026-02-16 22:04:45] [INFO] [BandaiScraper] 图片不完整 (现有:0, 需要:2)，需要下载
[2026-02-16 22:04:45] [INFO] [BandaiScraper] 图片下载成功，共下载 2 张
[2026-02-16 22:04:45] [INFO] [BandaiScraper] 产品详情已保存到: data/MG/01_1642_MG-1_100-Hi-νガンダム/product_details.json
[2026-02-16 22:04:45] [INFO] [BandaiScraper] 详情页抓取完成，随机延时 2.01 秒...
[2026-02-16 22:04:47] [INFO] [BandaiScraper] 正在访问产品详情页: https://bandai-hobby.net/item/01_5649/
[2026-02-16 22:04:49] [INFO] [BandaiScraper] 发现旧格式文件夹: data/MG/MG-1_100-クロスボーンガンダムX-1フルクロス，将迁移到新格式: data/MG/01_5649_MG-1_100-クロスボーンガンダムX-1フルクロス
[2026-02-16 22:04:49] [INFO] [BandaiScraper] 图片不完整 (现有:0, 需要:4)，需要下载
[2026-02-16 22:04:50] [INFO] [BandaiScraper] 图片下载成功，共下载 4 张
[2026-02-16 22:04:50] [INFO] [BandaiScraper] 产品详情已保存到: data/MG/01_5649_MG-1_100-クロスボーンガンダムX-1フルクロス/product_details.json
[2026-02-16 22:04:50] [INFO] [BandaiScraper] 详情页抓取完成，随机延时 2.38 秒...
[2026-02-16 22:04:52] [INFO] [BandaiScraper] 正在访问产品详情页: https://bandai-hobby.net/item/01_5643/
[2026-02-16 22:04:55] [INFO] [BandaiScraper] 发现旧格式文件夹: data/MG/MG-1_100-ストライクフリーダムガンダム，将迁移到新格式: data/MG/01_5643_MG-1_100-ストライクフリーダムガンダム
[2026-02-16 22:04:55] [INFO] [BandaiScraper] 图片不完整 (现有:0, 需要:4)，需要下载
[2026-02-16 22:04:55] [INFO] [BandaiScraper] 图片下载成功，共下载 4 张
[2026-02-16 22:04:55] [INFO] [BandaiScraper] 产品详情已保存到: data/MG/01_5643_MG-1_100-ストライクフリーダムガンダム/product_details.json
[2026-02-16 22:04:55] [INFO] [BandaiScraper] 详情页抓取完成，随机延时 3.28 秒...
[2026-02-16 22:04:59] [INFO] [BandaiScraper] 正在访问产品详情页: https://bandai-hobby.net/item/01_5642/
[2026-02-16 22:05:01] [INFO] [BandaiScraper] 发现旧格式文件夹: data/MG/MG-1_100-ストライクフリーダムガンダム-フルバーストモード，将迁移到新格式: data/MG/01_5642_MG-1_100-ストライクフリーダムガンダム-フルバーストモード
[2026-02-16 22:05:01] [INFO] [BandaiScraper] 图片不完整 (现有:0, 需要:4)，需要下载
[2026-02-16 22:05:02] [INFO] [BandaiScraper] 图片下载成功，共下载 4 张
[2026-02-16 22:05:02] [INFO] [BandaiScraper] 产品详情已保存到: data/MG/01_5642_MG-1_100-ストライクフリーダムガンダム-フルバーストモード/product_details.json
[2026-02-16 22:05:02] [INFO] [BandaiScraper] 详情页抓取完成，随机延时 2.95 秒...
[2026-02-16 22:05:05] [INFO] [BandaiScraper] 正在访问产品详情页: https://bandai-hobby.net/item/01_5635/
[2026-02-16 22:05:07] [INFO] [BandaiScraper] 发现旧格式文件夹: data/MG/MG-1_100-ジムスナイパー，将迁移到新格式: data/MG/01_5635_MG-1_100-ジムスナイパー
[2026-02-16 22:05:07] [INFO] [BandaiScraper] 图片不完整 (现有:0, 需要:5)，需要下载
[2026-02-16 22:05:08] [INFO] [BandaiScraper] 图片下载成功，共下载 5 张
[2026-02-16 22:05:08] [INFO] [BandaiScraper] 产品详情已保存到: data/MG/01_5635_MG-1_100-ジムスナイパー/product_details.json
[2026-02-16 22:05:08] [INFO] [BandaiScraper] 详情页抓取完成，随机延时 2.19 秒...
[2026-02-16 22:05:10] [INFO] [BandaiScraper] 正在访问产品详情页: https://bandai-hobby.net/item/01_5629/
[2026-02-16 22:05:12] [INFO] [BandaiScraper] 发现旧格式文件夹: data/MG/MG-ガンダムＦ９１（ハリソン・マディン専用機），将迁移到新格式: data/MG/01_5629_MG-ガンダムＦ９１（ハリソン・マディン専用機）
[2026-02-16 22:05:12] [INFO] [BandaiScraper] 图片不完整 (现有:0, 需要:2)，需要下载
[2026-02-16 22:05:13] [INFO] [BandaiScraper] 图片下载成功，共下载 2 张
[2026-02-16 22:05:13] [INFO] [BandaiScraper] 产品详情已保存到: data/MG/01_5629_MG-ガンダムＦ９１（ハリソン・マディン専用機）/product_details.json
[2026-02-16 22:05:13] [INFO] [BandaiScraper] 详情页抓取完成，随机延时 2.24 秒...
[2026-02-16 22:05:15] [INFO] [BandaiScraper] 正在访问产品详情页: https://bandai-hobby.net/item/01_5627/
[2026-02-16 22:05:17] [INFO] [BandaiScraper] 发现旧格式文件夹: data/MG/MG-1_100-ストライクガンダム＋I.W.S.P，将迁移到新格式: data/MG/01_5627_MG-1_100-ストライクガンダム＋I.W.S.P
[2026-02-16 22:05:17] [INFO] [BandaiScraper] 图片不完整 (现有:0, 需要:4)，需要下载
[2026-02-16 22:05:18] [INFO] [BandaiScraper] 图片下载成功，共下载 4 张
[2026-02-16 22:05:18] [INFO] [BandaiScraper] 产品详情已保存到: data/MG/01_5627_MG-1_100-ストライクガンダム＋I.W.S.P/product_details.json
[2026-02-16 22:05:18] [INFO] [BandaiScraper] 详情页抓取完成，随机延时 2.36 秒...
[2026-02-16 22:05:21] [INFO] [BandaiScraper] 正在访问产品详情页: https://bandai-hobby.net/item/01_4835/
[2026-02-16 22:05:23] [INFO] [BandaiScraper] 发现旧格式文件夹: data/MG/MG-1_100-フリーダムガンダム-クリアカラーバージョン，将迁移到新格式: data/MG/01_4835_MG-1_100-フリーダムガンダム-クリアカラーバージョン
[2026-02-16 22:05:23] [INFO] [BandaiScraper] 图片不完整 (现有:0, 需要:3)，需要下载
[2026-02-16 22:05:24] [INFO] [BandaiScraper] 图片下载成功，共下载 3 张
[2026-02-16 22:05:24] [INFO] [BandaiScraper] 产品详情已保存到: data/MG/01_4835_MG-1_100-フリーダムガンダム-クリアカラーバージョン/product_details.json
[2026-02-16 22:05:24] [INFO] [BandaiScraper] 详情页抓取完成，随机延时 1.95 秒...
[2026-02-16 22:05:26] [INFO] [BandaiScraper] 正在访问产品详情页: https://bandai-hobby.net/item/01_4834/
[2026-02-16 22:05:28] [INFO] [BandaiScraper] 发现旧格式文件夹: data/MG/MG-1_100-RX-78-2-ガンダム-Ver.ONE-YEAR-WAR-0079-エクストラフィニッシュバージョン，将迁移到新格式: data/MG/01_4834_MG-1_100-RX-78-2-ガンダム-Ver.ONE-YEAR-WAR-0079-エクストラフィニッシュバージョン
[2026-02-16 22:05:28] [INFO] [BandaiScraper] 图片不完整 (现有:0, 需要:3)，需要下载
[2026-02-16 22:05:29] [INFO] [BandaiScraper] 图片下载成功，共下载 3 张
[2026-02-16 22:05:29] [INFO] [BandaiScraper] 产品详情已保存到: data/MG/01_4834_MG-1_100-RX-78-2-ガンダム-Ver.ONE-YEAR-WAR-0079-エクストラフィニッシュバージョン/product_details.json
[2026-02-16 22:05:29] [INFO] [BandaiScraper] 详情页抓取完成，随机延时 1.69 秒...
[2026-02-16 22:05:31] [INFO] [BandaiScraper] 正在访问产品详情页: https://bandai-hobby.net/item/01_4829/
[2026-02-16 22:05:33] [INFO] [BandaiScraper] 发现旧格式文件夹: data/MG/MG-1_100-ギャン-エクストラフィニッシュバージョン，将迁移到新格式: data/MG/01_4829_MG-1_100-ギャン-エクストラフィニッシュバージョン
[2026-02-16 22:05:33] [INFO] [BandaiScraper] 图片不完整 (现有:0, 需要:1)，需要下载
[2026-02-16 22:05:33] [INFO] [BandaiScraper] 图片下载成功，共下载 1 张
[2026-02-16 22:05:33] [INFO] [BandaiScraper] 产品详情已保存到: data/MG/01_4829_MG-1_100-ギャン-エクストラフィニッシュバージョン/product_details.json
[2026-02-16 22:05:33] [INFO] [BandaiScraper] 详情页抓取完成，随机延时 3.42 秒...
[2026-02-16 22:05:36] [INFO] [BandaiScraper] 正在访问产品详情页: https://bandai-hobby.net/item/01_5611/
[2026-02-16 22:05:38] [INFO] [BandaiScraper] 发现旧格式文件夹: data/MG/MG-1_100-ボール(シャークマウス仕様)，将迁移到新格式: data/MG/01_5611_MG-1_100-ボール(シャークマウス仕様)
[2026-02-16 22:05:38] [INFO] [BandaiScraper] 图片不完整 (现有:0, 需要:4)，需要下载
[2026-02-16 22:05:39] [INFO] [BandaiScraper] 图片下载成功，共下载 4 张
[2026-02-16 22:05:39] [INFO] [BandaiScraper] 产品详情已保存到: data/MG/01_5611_MG-1_100-ボール(シャークマウス仕様)/product_details.json
[2026-02-16 22:05:39] [INFO] [BandaiScraper] 详情页抓取完成，随机延时 2.21 秒...
[2026-02-16 22:05:42] [INFO] [BandaiScraper] 正在访问产品详情页: https://bandai-hobby.net/item/01_1839/
[2026-02-16 22:05:44] [INFO] [BandaiScraper] 发现旧格式文件夹: data/MG/ガンダムデカールNo.26-MG-1_100-ギャン用，将迁移到新格式: data/MG/01_1839_ガンダムデカールNo.26-MG-1_100-ギャン用
[2026-02-16 22:05:44] [INFO] [BandaiScraper] 图片不完整 (现有:0, 需要:1)，需要下载
[2026-02-16 22:05:44] [INFO] [BandaiScraper] 图片下载成功，共下载 1 张
[2026-02-16 22:05:44] [INFO] [BandaiScraper] 产品详情已保存到: data/MG/01_1839_ガンダムデカールNo.26-MG-1_100-ギャン用/product_details.json
[2026-02-16 22:05:44] [INFO] [BandaiScraper] 详情页抓取完成，随机延时 3.32 秒...
[2026-02-16 22:05:47] [INFO] [BandaiScraper] 正在访问产品详情页: https://bandai-hobby.net/item/01_1838/
[2026-02-16 22:05:49] [INFO] [BandaiScraper] 发现旧格式文件夹: data/MG/ガンダムデカールNo.25-MG-1_100-ガンダムF91用，将迁移到新格式: data/MG/01_1838_ガンダムデカールNo.25-MG-1_100-ガンダムF91用
[2026-02-16 22:05:49] [INFO] [BandaiScraper] 图片不完整 (现有:0, 需要:1)，需要下载
[2026-02-16 22:05:50] [INFO] [BandaiScraper] 图片下载成功，共下载 1 张
[2026-02-16 22:05:50] [INFO] [BandaiScraper] 产品详情已保存到: data/MG/01_1838_ガンダムデカールNo.25-MG-1_100-ガンダムF91用/product_details.json
[2026-02-16 22:05:50] [INFO] [BandaiScraper] 详情页抓取完成，随机延时 1.62 秒...
[2026-02-16 22:05:51] [INFO] [BandaiScraper] 正在访问产品详情页: https://bandai-hobby.net/item/01_5608/
[2026-02-16 22:05:53] [INFO] [BandaiScraper] 发现旧格式文件夹: data/MG/MG-ガンダムＦ９１，将迁移到新格式: data/MG/01_5608_MG-ガンダムＦ９１
[2026-02-16 22:05:53] [INFO] [BandaiScraper] 图片不完整 (现有:0, 需要:2)，需要下载
[2026-02-16 22:05:54] [INFO] [BandaiScraper] 图片下载成功，共下载 2 张
[2026-02-16 22:05:54] [INFO] [BandaiScraper] 产品详情已保存到: data/MG/01_5608_MG-ガンダムＦ９１/product_details.json
[2026-02-16 22:05:54] [INFO] [BandaiScraper] 详情页抓取完成，随机延时 3.20 秒...
[2026-02-16 22:05:57] [INFO] [BandaiScraper] 正在访问产品详情页: https://bandai-hobby.net/item/01_5597/
[2026-02-16 22:05:59] [INFO] [BandaiScraper] 发现旧格式文件夹: data/MG/MG-1_100-YMS-15-ギャン，将迁移到新格式: data/MG/01_5597_MG-1_100-YMS-15-ギャン
[2026-02-16 22:05:59] [INFO] [BandaiScraper] 图片不完整 (现有:0, 需要:4)，需要下载
[2026-02-16 22:06:00] [INFO] [BandaiScraper] 图片下载成功，共下载 4 张
[2026-02-16 22:06:00] [INFO] [BandaiScraper] 产品详情已保存到: data/MG/01_5597_MG-1_100-YMS-15-ギャン/product_details.json
[2026-02-16 22:06:00] [INFO] [BandaiScraper] 详情页抓取完成，随机延时 2.46 秒...
[2026-02-16 22:06:02] [INFO] [BandaiScraper] 正在访问产品详情页: https://bandai-hobby.net/item/01_5466/
[2026-02-16 22:06:04] [INFO] [BandaiScraper] 发现旧格式文件夹: data/MG/MG-1_100-RX-178-ガンダムMk-II-Ver.2.0（ティターンズ），将迁移到新格式: data/MG/01_5466_MG-1_100-RX-178-ガンダムMk-II-Ver.2.0（ティターンズ）
[2026-02-16 22:06:04] [INFO] [BandaiScraper] 图片不完整 (现有:0, 需要:4)，需要下载
[2026-02-16 22:06:06] [INFO] [BandaiScraper] 图片下载成功，共下载 4 张
[2026-02-16 22:06:06] [INFO] [BandaiScraper] 产品详情已保存到: data/MG/01_5466_MG-1_100-RX-178-ガンダムMk-II-Ver.2.0（ティターンズ）/product_details.json
[2026-02-16 22:06:06] [INFO] [BandaiScraper] 详情页抓取完成，随机延时 2.33 秒...
[2026-02-16 22:06:08] [INFO] [BandaiScraper] 正在访问产品详情页: https://bandai-hobby.net/item/01_5257/
[2026-02-16 22:06:10] [INFO] [BandaiScraper] 发现旧格式文件夹: data/MG/MG-1_100-Zガンダム-Ver.2.0，将迁移到新格式: data/MG/01_5257_MG-1_100-Zガンダム-Ver.2.0
[2026-02-16 22:06:10] [INFO] [BandaiScraper] 图片不完整 (现有:0, 需要:5)，需要下载
[2026-02-16 22:06:12] [INFO] [BandaiScraper] 图片下载成功，共下载 5 张
[2026-02-16 22:06:12] [INFO] [BandaiScraper] 产品详情已保存到: data/MG/01_5257_MG-1_100-Zガンダム-Ver.2.0/product_details.json
[2026-02-16 22:06:12] [INFO] [BandaiScraper] 详情页抓取完成，随机延时 2.82 秒...
[2026-02-16 22:06:15] [INFO] [BandaiScraper] 正在访问产品详情页: https://bandai-hobby.net/item/01_1837/
[2026-02-16 22:06:17] [INFO] [BandaiScraper] 发现旧格式文件夹: data/MG/ガンダムデカールNo.24-MG-1_100-機動戦士ガンダム0083シリーズ用，将迁移到新格式: data/MG/01_1837_ガンダムデカールNo.24-MG-1_100-機動戦士ガンダム0083シリーズ用
[2026-02-16 22:06:17] [INFO] [BandaiScraper] 图片不完整 (现有:0, 需要:1)，需要下载
[2026-02-16 22:06:17] [INFO] [BandaiScraper] 图片下载成功，共下载 1 张
[2026-02-16 22:06:17] [INFO] [BandaiScraper] 产品详情已保存到: data/MG/01_1837_ガンダムデカールNo.24-MG-1_100-機動戦士ガンダム0083シリーズ用/product_details.json
[2026-02-16 22:06:17] [INFO] [BandaiScraper] 详情页抓取完成，随机延时 3.39 秒...
[2026-02-16 22:06:20] [INFO] [BandaiScraper] 正在访问产品详情页: https://bandai-hobby.net/item/01_1835/
[2026-02-16 22:06:23] [INFO] [BandaiScraper] 发现旧格式文件夹: data/MG/ガンダムデカールNo.22-MG-1_100-機動戦士Zガンダムシリーズ用，将迁移到新格式: data/MG/01_1835_ガンダムデカールNo.22-MG-1_100-機動戦士Zガンダムシリーズ用
[2026-02-16 22:06:23] [INFO] [BandaiScraper] 图片不完整 (现有:0, 需要:1)，需要下载
[2026-02-16 22:06:23] [INFO] [BandaiScraper] 图片下载成功，共下载 1 张
[2026-02-16 22:06:23] [INFO] [BandaiScraper] 产品详情已保存到: data/MG/01_1835_ガンダムデカールNo.22-MG-1_100-機動戦士Zガンダムシリーズ用/product_details.json
[2026-02-16 22:06:23] [INFO] [BandaiScraper] 详情页抓取完成，随机延时 2.64 秒...
[2026-02-16 22:06:26] [INFO] [BandaiScraper] 正在访问产品详情页: https://bandai-hobby.net/item/01_1834/
[2026-02-16 22:06:28] [INFO] [BandaiScraper] 发现旧格式文件夹: data/MG/ガンダムデカールNo.20-MG-1_100-ゼータガンダム（Ver.2.0）用，将迁移到新格式: data/MG/01_1834_ガンダムデカールNo.20-MG-1_100-ゼータガンダム（Ver.2.0）用
[2026-02-16 22:06:28] [INFO] [BandaiScraper] 图片不完整 (现有:0, 需要:1)，需要下载
[2026-02-16 22:06:28] [INFO] [BandaiScraper] 图片下载成功，共下载 1 张
[2026-02-16 22:06:28] [INFO] [BandaiScraper] 产品详情已保存到: data/MG/01_1834_ガンダムデカールNo.20-MG-1_100-ゼータガンダム（Ver.2.0）用/product_details.json
[2026-02-16 22:06:28] [INFO] [BandaiScraper] 详情页抓取完成，随机延时 3.17 秒...
[2026-02-16 22:06:31] [INFO] [BandaiScraper] 正在访问产品详情页: https://bandai-hobby.net/item/01_1833/
[2026-02-16 22:06:33] [INFO] [BandaiScraper] 发现旧格式文件夹: data/MG/ガンダムデカールNo.19-MG-1_100-ガンダムMk-II-（Ver.2.0）用，将迁移到新格式: data/MG/01_1833_ガンダムデカールNo.19-MG-1_100-ガンダムMk-II-（Ver.2.0）用
[2026-02-16 22:06:33] [INFO] [BandaiScraper] 图片不完整 (现有:0, 需要:1)，需要下载
[2026-02-16 22:06:34] [INFO] [BandaiScraper] 图片下载成功，共下载 1 张
[2026-02-16 22:06:34] [INFO] [BandaiScraper] 产品详情已保存到: data/MG/01_1833_ガンダムデカールNo.19-MG-1_100-ガンダムMk-II-（Ver.2.0）用/product_details.json
[2026-02-16 22:06:34] [INFO] [BandaiScraper] 详情页抓取完成，随机延时 2.56 秒...
[2026-02-16 22:06:36] [INFO] [BandaiScraper] 正在访问产品详情页: https://bandai-hobby.net/item/01_1831/
[2026-02-16 22:06:38] [INFO] [BandaiScraper] 发现旧格式文件夹: data/MG/ガンダムデカールNo.21-MG-1_100-ガンダムセンチネルシリーズ用，将迁移到新格式: data/MG/01_1831_ガンダムデカールNo.21-MG-1_100-ガンダムセンチネルシリーズ用
[2026-02-16 22:06:38] [INFO] [BandaiScraper] 图片不完整 (现有:0, 需要:1)，需要下载
[2026-02-16 22:06:39] [INFO] [BandaiScraper] 图片下载成功，共下载 1 张
[2026-02-16 22:06:39] [INFO] [BandaiScraper] 产品详情已保存到: data/MG/01_1831_ガンダムデカールNo.21-MG-1_100-ガンダムセンチネルシリーズ用/product_details.json
[2026-02-16 22:06:39] [INFO] [BandaiScraper] 详情页抓取完成，随机延时 2.63 秒...
[2026-02-16 22:06:41] [INFO] [BandaiScraper] 正在访问产品详情页: https://bandai-hobby.net/item/01_4990/
[2026-02-16 22:06:44] [INFO] [BandaiScraper] 发现旧格式文件夹: data/MG/MG-1_100-百式＋バリュートシステム，将迁移到新格式: data/MG/01_4990_MG-1_100-百式＋バリュートシステム
[2026-02-16 22:06:44] [INFO] [BandaiScraper] 图片不完整 (现有:0, 需要:4)，需要下载
[2026-02-16 22:06:45] [INFO] [BandaiScraper] 图片下载成功，共下载 4 张
[2026-02-16 22:06:45] [INFO] [BandaiScraper] 产品详情已保存到: data/MG/01_4990_MG-1_100-百式＋バリュートシステム/product_details.json
[2026-02-16 22:06:45] [INFO] [BandaiScraper] 详情页抓取完成，随机延时 1.84 秒...
[2026-02-16 22:06:47] [INFO] [BandaiScraper] 正在访问产品详情页: https://bandai-hobby.net/item/01_1638/
[2026-02-16 22:06:49] [INFO] [BandaiScraper] 发现旧格式文件夹: data/MG/MG-1_100-フリーダムガンダムエクストラフィニッシュ，将迁移到新格式: data/MG/01_1638_MG-1_100-フリーダムガンダムエクストラフィニッシュ
[2026-02-16 22:06:49] [INFO] [BandaiScraper] 图片不完整 (现有:0, 需要:2)，需要下载
[2026-02-16 22:06:50] [INFO] [BandaiScraper] 图片下载成功，共下载 2 张
[2026-02-16 22:06:50] [INFO] [BandaiScraper] 产品详情已保存到: data/MG/01_1638_MG-1_100-フリーダムガンダムエクストラフィニッシュ/product_details.json
[2026-02-16 22:06:50] [INFO] [BandaiScraper] 详情页抓取完成，随机延时 1.62 秒...
[2026-02-16 22:06:51] [INFO] [BandaiScraper] 正在访问产品详情页: https://bandai-hobby.net/item/01_4871/
[2026-02-16 22:06:53] [INFO] [BandaiScraper] 发现旧格式文件夹: data/MG/MG-1_100-ウイングガンダム-ゼロ(エンドレスワルツ版-パールミラーコーティングバージョン)，将迁移到新格式: data/MG/01_4871_MG-1_100-ウイングガンダム-ゼロ(エンドレスワルツ版-パールミラーコーティングバージョン)
[2026-02-16 22:06:53] [INFO] [BandaiScraper] 图片不完整 (现有:0, 需要:1)，需要下载
[2026-02-16 22:06:53] [INFO] [BandaiScraper] 图片下载成功，共下载 1 张
[2026-02-16 22:06:53] [INFO] [BandaiScraper] 产品详情已保存到: data/MG/01_4871_MG-1_100-ウイングガンダム-ゼロ(エンドレスワルツ版-パールミラーコーティングバージョン)/product_details.json
[2026-02-16 22:06:53] [INFO] [BandaiScraper] 详情页抓取完成，随机延时 2.01 秒...
[2026-02-16 22:06:55] [INFO] [BandaiScraper] 正在访问产品详情页: https://bandai-hobby.net/item/01_4827/
[2026-02-16 22:06:57] [INFO] [BandaiScraper] 发现旧格式文件夹: data/MG/MG-MSM-04-アッガイ，将迁移到新格式: data/MG/01_4827_MG-MSM-04-アッガイ
[2026-02-16 22:06:57] [INFO] [BandaiScraper] 图片不完整 (现有:0, 需要:4)，需要下载
[2026-02-16 22:06:58] [INFO] [BandaiScraper] 图片下载成功，共下载 4 张
[2026-02-16 22:06:58] [INFO] [BandaiScraper] 产品详情已保存到: data/MG/01_4827_MG-MSM-04-アッガイ/product_details.json
[2026-02-16 22:06:58] [INFO] [BandaiScraper] 详情页抓取完成，随机延时 1.73 秒...
[2026-02-16 22:07:00] [INFO] [BandaiScraper] 正在访问产品详情页: https://bandai-hobby.net/item/01_1830/
[2026-02-16 22:07:02] [INFO] [BandaiScraper] 发现旧格式文件夹: data/MG/ガンダムデカールNo.18-MG-1_100-SEEDモビルスーツ用1，将迁移到新格式: data/MG/01_1830_ガンダムデカールNo.18-MG-1_100-SEEDモビルスーツ用1
[2026-02-16 22:07:02] [INFO] [BandaiScraper] 图片不完整 (现有:0, 需要:1)，需要下载
[2026-02-16 22:07:02] [INFO] [BandaiScraper] 图片下载成功，共下载 1 张
[2026-02-16 22:07:02] [INFO] [BandaiScraper] 产品详情已保存到: data/MG/01_1830_ガンダムデカールNo.18-MG-1_100-SEEDモビルスーツ用1/product_details.json
[2026-02-16 22:07:02] [INFO] [BandaiScraper] 详情页抓取完成，随机延时 2.97 秒...
[2026-02-16 22:07:05] [INFO] [BandaiScraper] 正在访问产品详情页: https://bandai-hobby.net/item/01_1829/
[2026-02-16 22:07:07] [INFO] [BandaiScraper] 发现旧格式文件夹: data/MG/ガンダムデカールNo.15-MG-1_100-ドム用_リック・ドム用，将迁移到新格式: data/MG/01_1829_ガンダムデカールNo.15-MG-1_100-ドム用_リック・ドム用
[2026-02-16 22:07:07] [INFO] [BandaiScraper] 图片不完整 (现有:0, 需要:1)，需要下载
[2026-02-16 22:07:08] [INFO] [BandaiScraper] 图片下载成功，共下载 1 张
[2026-02-16 22:07:08] [INFO] [BandaiScraper] 产品详情已保存到: data/MG/01_1829_ガンダムデカールNo.15-MG-1_100-ドム用_リック・ドム用/product_details.json
[2026-02-16 22:07:08] [INFO] [BandaiScraper] 详情页抓取完成，随机延时 2.90 秒...
[2026-02-16 22:07:11] [INFO] [BandaiScraper] 正在访问产品详情页: https://bandai-hobby.net/item/01_1828/
[2026-02-16 22:07:13] [INFO] [BandaiScraper] 发现旧格式文件夹: data/MG/ガンダムデカールNo.14-MG-1_100-アッガイ用，将迁移到新格式: data/MG/01_1828_ガンダムデカールNo.14-MG-1_100-アッガイ用
[2026-02-16 22:07:13] [INFO] [BandaiScraper] 图片不完整 (现有:0, 需要:1)，需要下载
[2026-02-16 22:07:13] [INFO] [BandaiScraper] 图片下载成功，共下载 1 张
[2026-02-16 22:07:13] [INFO] [BandaiScraper] 产品详情已保存到: data/MG/01_1828_ガンダムデカールNo.14-MG-1_100-アッガイ用/product_details.json
[2026-02-16 22:07:13] [INFO] [BandaiScraper] 详情页抓取完成，随机延时 1.69 秒...
[2026-02-16 22:07:15] [INFO] [BandaiScraper] 正在访问产品详情页: https://bandai-hobby.net/item/01_4602/
[2026-02-16 22:07:17] [INFO] [BandaiScraper] 发现旧格式文件夹: data/MG/MG-1_100-ボール(第08MS小隊版)，将迁移到新格式: data/MG/01_4602_MG-1_100-ボール(第08MS小隊版)
[2026-02-16 22:07:17] [INFO] [BandaiScraper] 图片不完整 (现有:0, 需要:4)，需要下载
[2026-02-16 22:07:18] [INFO] [BandaiScraper] 图片下载成功，共下载 4 张
[2026-02-16 22:07:18] [INFO] [BandaiScraper] 产品详情已保存到: data/MG/01_4602_MG-1_100-ボール(第08MS小隊版)/product_details.json
[2026-02-16 22:07:18] [INFO] [BandaiScraper] 详情页抓取完成，随机延时 2.10 秒...
[2026-02-16 22:07:20] [INFO] [BandaiScraper] 正在访问产品详情页: https://bandai-hobby.net/item/01_1827/
[2026-02-16 22:07:22] [INFO] [BandaiScraper] 发现旧格式文件夹: data/MG/ガンダムデカールNo.12-MG-1_100-ガンキャノン用，将迁移到新格式: data/MG/01_1827_ガンダムデカールNo.12-MG-1_100-ガンキャノン用
[2026-02-16 22:07:22] [INFO] [BandaiScraper] 图片不完整 (现有:0, 需要:1)，需要下载
[2026-02-16 22:07:22] [INFO] [BandaiScraper] 图片下载成功，共下载 1 张
[2026-02-16 22:07:22] [INFO] [BandaiScraper] 产品详情已保存到: data/MG/01_1827_ガンダムデカールNo.12-MG-1_100-ガンキャノン用/product_details.json
[2026-02-16 22:07:22] [INFO] [BandaiScraper] 详情页抓取完成，随机延时 3.11 秒...
[2026-02-16 22:07:25] [INFO] [BandaiScraper] 正在访问产品详情页: https://bandai-hobby.net/item/01_1826/
[2026-02-16 22:07:27] [INFO] [BandaiScraper] 发现旧格式文件夹: data/MG/ガンダムデカールNo.11-MG-1_100-リック・ディアス用_リック・ディアス（クワトロ・バジ-ナカラー）用，将迁移到新格式: data/MG/01_1826_ガンダムデカールNo.11-MG-1_100-リック・ディアス用_リック・ディアス（クワトロ・バジ-ナカラー）用
[2026-02-16 22:07:27] [INFO] [BandaiScraper] 图片不完整 (现有:0, 需要:1)，需要下载
[2026-02-16 22:07:28] [INFO] [BandaiScraper] 图片下载成功，共下载 1 张
[2026-02-16 22:07:28] [INFO] [BandaiScraper] 产品详情已保存到: data/MG/01_1826_ガンダムデカールNo.11-MG-1_100-リック・ディアス用_リック・ディアス（クワトロ・バジ-ナカラー）用/product_details.json
[2026-02-16 22:07:28] [INFO] [BandaiScraper] 详情页抓取完成，随机延时 3.03 秒...
[2026-02-16 22:07:31] [INFO] [BandaiScraper] 正在访问产品详情页: https://bandai-hobby.net/item/01_1825/
[2026-02-16 22:07:32] [INFO] [BandaiScraper] 发现旧格式文件夹: data/MG/ガンダムデカールNo.9-MG-1_100-ボール（第08MS小隊版）用，将迁移到新格式: data/MG/01_1825_ガンダムデカールNo.9-MG-1_100-ボール（第08MS小隊版）用
[2026-02-16 22:07:32] [INFO] [BandaiScraper] 图片不完整 (现有:0, 需要:1)，需要下载
[2026-02-16 22:07:33] [INFO] [BandaiScraper] 图片下载成功，共下载 1 张
[2026-02-16 22:07:33] [INFO] [BandaiScraper] 产品详情已保存到: data/MG/01_1825_ガンダムデカールNo.9-MG-1_100-ボール（第08MS小隊版）用/product_details.json
[2026-02-16 22:07:33] [INFO] [BandaiScraper] 详情页抓取完成，随机延时 1.76 秒...
[2026-02-16 22:07:35] [INFO] [BandaiScraper] 正在访问产品详情页: https://bandai-hobby.net/item/01_1824/
[2026-02-16 22:07:37] [INFO] [BandaiScraper] 发现旧格式文件夹: data/MG/ガンダムデカールNo.8-MG-1_100-百式用，将迁移到新格式: data/MG/01_1824_ガンダムデカールNo.8-MG-1_100-百式用
[2026-02-16 22:07:37] [INFO] [BandaiScraper] 图片不完整 (现有:0, 需要:1)，需要下载
[2026-02-16 22:07:37] [INFO] [BandaiScraper] 图片下载成功，共下载 1 张
[2026-02-16 22:07:37] [INFO] [BandaiScraper] 产品详情已保存到: data/MG/01_1824_ガンダムデカールNo.8-MG-1_100-百式用/product_details.json
[2026-02-16 22:07:37] [INFO] [BandaiScraper] 详情页抓取完成，随机延时 2.54 秒...
[2026-02-16 22:07:39] [INFO] [BandaiScraper] 正在访问产品详情页: https://bandai-hobby.net/item/01_1823/
[2026-02-16 22:07:41] [INFO] [BandaiScraper] 发现旧格式文件夹: data/MG/ガンダムデカールNo.7-MG-1_100-スーパーガンダム用_ガンダムMk-II（ティターンズ）用，将迁移到新格式: data/MG/01_1823_ガンダムデカールNo.7-MG-1_100-スーパーガンダム用_ガンダムMk-II（ティターンズ）用
[2026-02-16 22:07:41] [INFO] [BandaiScraper] 图片不完整 (现有:0, 需要:1)，需要下载
[2026-02-16 22:07:42] [INFO] [BandaiScraper] 图片下载成功，共下载 1 张
[2026-02-16 22:07:42] [INFO] [BandaiScraper] 产品详情已保存到: data/MG/01_1823_ガンダムデカールNo.7-MG-1_100-スーパーガンダム用_ガンダムMk-II（ティターンズ）用/product_details.json
[2026-02-16 22:07:42] [INFO] [BandaiScraper] 详情页抓取完成，随机延时 3.29 秒...
[2026-02-16 22:07:45] [INFO] [BandaiScraper] 正在访问产品详情页: https://bandai-hobby.net/item/01_4539/
[2026-02-16 22:07:47] [INFO] [BandaiScraper] 发现旧格式文件夹: data/MG/MG-1_100-MS-14Sゲルググ-シャア・アズナブル大佐機-“ONE-YEAR-WAR-0079”-設定カラーVer，将迁移到新格式: data/MG/01_4539_MG-1_100-MS-14Sゲルググ-シャア・アズナブル大佐機-“ONE-YEAR-WAR-0079”-設定カラーVer
[2026-02-16 22:07:47] [INFO] [BandaiScraper] 图片不完整 (现有:0, 需要:5)，需要下载
[2026-02-16 22:07:48] [INFO] [BandaiScraper] 图片下载成功，共下载 5 张
[2026-02-16 22:07:49] [INFO] [BandaiScraper] 产品详情已保存到: data/MG/01_4539_MG-1_100-MS-14Sゲルググ-シャア・アズナブル大佐機-“ONE-YEAR-WAR-0079”-設定カラーVer/product_details.json
[2026-02-16 22:07:49] [INFO] [BandaiScraper] 详情页抓取完成，随机延时 2.85 秒...
[2026-02-16 22:07:51] [INFO] [BandaiScraper] 正在访问产品详情页: https://bandai-hobby.net/item/01_4529/
[2026-02-16 22:07:54] [INFO] [BandaiScraper] 发现旧格式文件夹: data/MG/MG-1_100-MS-09-ドム-“ONE-YEAR-WAR-0079”-設定カラーVer，将迁移到新格式: data/MG/01_4529_MG-1_100-MS-09-ドム-“ONE-YEAR-WAR-0079”-設定カラーVer
[2026-02-16 22:07:54] [INFO] [BandaiScraper] 图片不完整 (现有:0, 需要:5)，需要下载
[2026-02-16 22:07:55] [INFO] [BandaiScraper] 图片下载成功，共下载 5 张
[2026-02-16 22:07:55] [INFO] [BandaiScraper] 产品详情已保存到: data/MG/01_4529_MG-1_100-MS-09-ドム-“ONE-YEAR-WAR-0079”-設定カラーVer/product_details.json
[2026-02-16 22:07:55] [INFO] [BandaiScraper] 详情页抓取完成，随机延时 3.45 秒...
[2026-02-16 22:07:59] [INFO] [BandaiScraper] 正在访问产品详情页: https://bandai-hobby.net/item/01_4518/
[2026-02-16 22:08:00] [INFO] [BandaiScraper] 发现旧格式文件夹: data/MG/MG-1_100-MS-07B-グフ-“ONE-YEAR-WAR-0079”-設定カラーVer，将迁移到新格式: data/MG/01_4518_MG-1_100-MS-07B-グフ-“ONE-YEAR-WAR-0079”-設定カラーVer
[2026-02-16 22:08:00] [INFO] [BandaiScraper] 图片不完整 (现有:0, 需要:5)，需要下载
[2026-02-16 22:08:01] [INFO] [BandaiScraper] 图片下载成功，共下载 5 张
[2026-02-16 22:08:01] [INFO] [BandaiScraper] 产品详情已保存到: data/MG/01_4518_MG-1_100-MS-07B-グフ-“ONE-YEAR-WAR-0079”-設定カラーVer/product_details.json
[2026-02-16 22:08:01] [INFO] [BandaiScraper] 详情页抓取完成，随机延时 2.01 秒...
[2026-02-16 22:08:04] [INFO] [BandaiScraper] 正在访问产品详情页: https://bandai-hobby.net/item/01_4507/
[2026-02-16 22:08:06] [INFO] [BandaiScraper] 发现旧格式文件夹: data/MG/MG-1_100-MS-06F_J-ザクII-“ONE-YEAR-WAR-0079”-設定カラーVer，将迁移到新格式: data/MG/01_4507_MG-1_100-MS-06F_J-ザクII-“ONE-YEAR-WAR-0079”-設定カラーVer
[2026-02-16 22:08:06] [INFO] [BandaiScraper] 图片不完整 (现有:0, 需要:5)，需要下载
[2026-02-16 22:08:07] [INFO] [BandaiScraper] 图片下载成功，共下载 5 张
[2026-02-16 22:08:07] [INFO] [BandaiScraper] 产品详情已保存到: data/MG/01_4507_MG-1_100-MS-06F_J-ザクII-“ONE-YEAR-WAR-0079”-設定カラーVer/product_details.json
[2026-02-16 22:08:07] [INFO] [BandaiScraper] 详情页抓取完成，随机延时 2.05 秒...
[2026-02-16 22:08:09] [INFO] [BandaiScraper] 正在访问产品详情页: https://bandai-hobby.net/item/01_4454/
[2026-02-16 22:08:12] [INFO] [BandaiScraper] 发现旧格式文件夹: data/MG/MG-1_100-RX-78-2ガンダム-Ver.ONE-YEAR-WAR-0079，将迁移到新格式: data/MG/01_4454_MG-1_100-RX-78-2ガンダム-Ver.ONE-YEAR-WAR-0079
[2026-02-16 22:08:12] [INFO] [BandaiScraper] 图片不完整 (现有:0, 需要:5)，需要下载
[2026-02-16 22:08:13] [INFO] [BandaiScraper] 图片下载成功，共下载 5 张
[2026-02-16 22:08:13] [INFO] [BandaiScraper] 产品详情已保存到: data/MG/01_4454_MG-1_100-RX-78-2ガンダム-Ver.ONE-YEAR-WAR-0079/product_details.json
[2026-02-16 22:08:13] [INFO] [BandaiScraper] 详情页抓取完成，随机延时 3.43 秒...
[2026-02-16 22:08:17] [INFO] [BandaiScraper] 正在访问产品详情页: https://bandai-hobby.net/item/01_1822/
[2026-02-16 22:08:19] [INFO] [BandaiScraper] 发现旧格式文件夹: data/MG/ガンダムデカールNo.6-MG-1_100-ガンダムMk-II（エゥーゴ）用_ハイザック用，将迁移到新格式: data/MG/01_1822_ガンダムデカールNo.6-MG-1_100-ガンダムMk-II（エゥーゴ）用_ハイザック用
[2026-02-16 22:08:19] [INFO] [BandaiScraper] 图片不完整 (现有:0, 需要:1)，需要下载
[2026-02-16 22:08:19] [INFO] [BandaiScraper] 图片下载成功，共下载 1 张
[2026-02-16 22:08:19] [INFO] [BandaiScraper] 产品详情已保存到: data/MG/01_1822_ガンダムデカールNo.6-MG-1_100-ガンダムMk-II（エゥーゴ）用_ハイザック用/product_details.json
[2026-02-16 22:08:19] [INFO] [BandaiScraper] 详情页抓取完成，随机延时 2.75 秒...
[2026-02-16 22:08:22] [INFO] [BandaiScraper] 正在访问产品详情页: https://bandai-hobby.net/item/01_1820/
[2026-02-16 22:08:24] [INFO] [BandaiScraper] 发现旧格式文件夹: data/MG/ガンダムデカールNo.4-MG-1_100-ガンダム-Ver.ONE-YEAR-WAR-0079用，将迁移到新格式: data/MG/01_1820_ガンダムデカールNo.4-MG-1_100-ガンダム-Ver.ONE-YEAR-WAR-0079用
[2026-02-16 22:08:24] [INFO] [BandaiScraper] 图片不完整 (现有:0, 需要:1)，需要下载
[2026-02-16 22:08:24] [INFO] [BandaiScraper] 图片下载成功，共下载 1 张
[2026-02-16 22:08:24] [INFO] [BandaiScraper] 产品详情已保存到: data/MG/01_1820_ガンダムデカールNo.4-MG-1_100-ガンダム-Ver.ONE-YEAR-WAR-0079用/product_details.json
[2026-02-16 22:08:24] [INFO] [BandaiScraper] 详情页抓取完成，随机延时 2.14 秒...
[2026-02-16 22:08:26] [INFO] [BandaiScraper] 正在访问产品详情页: https://bandai-hobby.net/item/01_1819/
[2026-02-16 22:08:28] [INFO] [BandaiScraper] 发现旧格式文件夹: data/MG/ガンダムデカールNo.3-MG-1_100-フリーダムガンダム用，将迁移到新格式: data/MG/01_1819_ガンダムデカールNo.3-MG-1_100-フリーダムガンダム用
[2026-02-16 22:08:28] [INFO] [BandaiScraper] 图片不完整 (现有:0, 需要:1)，需要下载
[2026-02-16 22:08:29] [INFO] [BandaiScraper] 图片下载成功，共下载 1 张
[2026-02-16 22:08:29] [INFO] [BandaiScraper] 产品详情已保存到: data/MG/01_1819_ガンダムデカールNo.3-MG-1_100-フリーダムガンダム用/product_details.json
[2026-02-16 22:08:29] [INFO] [BandaiScraper] 详情页抓取完成，随机延时 1.88 秒...
[2026-02-16 22:08:31] [INFO] [BandaiScraper] 正在访问产品详情页: https://bandai-hobby.net/item/01_1818/
[2026-02-16 22:08:33] [INFO] [BandaiScraper] 发现旧格式文件夹: data/MG/ガンダムデカールNo.1-MG-1_100-ゼータガンダム用，将迁移到新格式: data/MG/01_1818_ガンダムデカールNo.1-MG-1_100-ゼータガンダム用
[2026-02-16 22:08:33] [INFO] [BandaiScraper] 图片不完整 (现有:0, 需要:1)，需要下载
[2026-02-16 22:08:33] [INFO] [BandaiScraper] 图片下载成功，共下载 1 张
[2026-02-16 22:08:33] [INFO] [BandaiScraper] 产品详情已保存到: data/MG/01_1818_ガンダムデカールNo.1-MG-1_100-ゼータガンダム用/product_details.json
[2026-02-16 22:08:33] [INFO] [BandaiScraper] 详情页抓取完成，随机延时 3.11 秒...
[2026-02-16 22:08:36] [INFO] [BandaiScraper] 正在访问产品详情页: https://bandai-hobby.net/item/01_4177/
[2026-02-16 22:08:38] [INFO] [BandaiScraper] 发现旧格式文件夹: data/MG/MG-1_100-リックディアス(クワトロ機)，将迁移到新格式: data/MG/01_4177_MG-1_100-リックディアス(クワトロ機)
[2026-02-16 22:08:38] [INFO] [BandaiScraper] 图片不完整 (现有:0, 需要:4)，需要下载
[2026-02-16 22:08:40] [INFO] [BandaiScraper] 图片下载成功，共下载 4 张
[2026-02-16 22:08:40] [INFO] [BandaiScraper] 产品详情已保存到: data/MG/01_4177_MG-1_100-リックディアス(クワトロ機)/product_details.json
[2026-02-16 22:08:40] [INFO] [BandaiScraper] 详情页抓取完成，随机延时 2.24 秒...
[2026-02-16 22:08:42] [INFO] [BandaiScraper] 正在访问产品详情页: https://bandai-hobby.net/item/01_3920/
[2026-02-16 22:08:44] [INFO] [BandaiScraper] 发现旧格式文件夹: data/MG/ＭＧ-1_100-ウイングガンダムゼロ（エンドレスワルツ版），将迁移到新格式: data/MG/01_3920_ＭＧ-1_100-ウイングガンダムゼロ（エンドレスワルツ版）
[2026-02-16 22:08:44] [INFO] [BandaiScraper] 图片不完整 (现有:0, 需要:5)，需要下载
[2026-02-16 22:08:45] [INFO] [BandaiScraper] 图片下载成功，共下载 5 张
[2026-02-16 22:08:45] [INFO] [BandaiScraper] 产品详情已保存到: data/MG/01_3920_ＭＧ-1_100-ウイングガンダムゼロ（エンドレスワルツ版）/product_details.json
[2026-02-16 22:08:45] [INFO] [BandaiScraper] 详情页抓取完成，随机延时 1.54 秒...
[2026-02-16 22:08:47] [INFO] [BandaiScraper] 正在访问产品详情页: https://bandai-hobby.net/item/01_4944/
[2026-02-16 22:08:49] [INFO] [BandaiScraper] 发现旧格式文件夹: data/MG/MG-1_100-エールストライクガンダムディアクティブモード，将迁移到新格式: data/MG/01_4944_MG-1_100-エールストライクガンダムディアクティブモード
[2026-02-16 22:08:49] [INFO] [BandaiScraper] 图片不完整 (现有:0, 需要:1)，需要下载
[2026-02-16 22:08:49] [INFO] [BandaiScraper] 图片下载成功，共下载 1 张
[2026-02-16 22:08:49] [INFO] [BandaiScraper] 产品详情已保存到: data/MG/01_4944_MG-1_100-エールストライクガンダムディアクティブモード/product_details.json
[2026-02-16 22:08:49] [INFO] [BandaiScraper] 详情页抓取完成，随机延时 3.37 秒...
[2026-02-16 22:08:52] [INFO] [BandaiScraper] 正在访问产品详情页: https://bandai-hobby.net/item/01_3790/
[2026-02-16 22:08:54] [INFO] [BandaiScraper] 发现旧格式文件夹: data/MG/MG-1_100-ハイザック，将迁移到新格式: data/MG/01_3790_MG-1_100-ハイザック
[2026-02-16 22:08:54] [INFO] [BandaiScraper] 图片不完整 (现有:0, 需要:4)，需要下载
[2026-02-16 22:08:56] [INFO] [BandaiScraper] 图片下载成功，共下载 4 张
[2026-02-16 22:08:56] [INFO] [BandaiScraper] 产品详情已保存到: data/MG/01_3790_MG-1_100-ハイザック/product_details.json
[2026-02-16 22:08:56] [INFO] [BandaiScraper] 详情页抓取完成，随机延时 2.73 秒...
[2026-02-16 22:08:58] [INFO] [BandaiScraper] 正在访问产品详情页: https://bandai-hobby.net/item/01_3706/
[2026-02-16 22:09:00] [INFO] [BandaiScraper] 发现旧格式文件夹: data/MG/MG-フリーダムガンダム，将迁移到新格式: data/MG/01_3706_MG-フリーダムガンダム
[2026-02-16 22:09:00] [INFO] [BandaiScraper] 图片不完整 (现有:0, 需要:2)，需要下载
[2026-02-16 22:09:01] [INFO] [BandaiScraper] 图片下载成功，共下载 2 张
[2026-02-16 22:09:01] [INFO] [BandaiScraper] 产品详情已保存到: data/MG/01_3706_MG-フリーダムガンダム/product_details.json
[2026-02-16 22:09:01] [INFO] [BandaiScraper] 详情页抓取完成，随机延时 1.94 秒...
[2026-02-16 22:09:03] [INFO] [BandaiScraper] 正在访问产品详情页: https://bandai-hobby.net/item/01_3615/
[2026-02-16 22:09:05] [INFO] [BandaiScraper] 发现旧格式文件夹: data/MG/MG-1_100-パーフェクトジオング，将迁移到新格式: data/MG/01_3615_MG-1_100-パーフェクトジオング
[2026-02-16 22:09:05] [INFO] [BandaiScraper] 图片不完整 (现有:0, 需要:4)，需要下载
[2026-02-16 22:09:06] [INFO] [BandaiScraper] 图片下载成功，共下载 4 张
[2026-02-16 22:09:06] [INFO] [BandaiScraper] 产品详情已保存到: data/MG/01_3615_MG-1_100-パーフェクトジオング/product_details.json
[2026-02-16 22:09:06] [INFO] [BandaiScraper] 详情页抓取完成，随机延时 1.72 秒...
[2026-02-16 22:09:08] [INFO] [BandaiScraper] 正在访问产品详情页: https://bandai-hobby.net/item/01_3147/
[2026-02-16 22:09:10] [INFO] [BandaiScraper] 发现旧格式文件夹: data/MG/MG-1_100-キュベレイMk-II（プルツー専用機），将迁移到新格式: data/MG/01_3147_MG-1_100-キュベレイMk-II（プルツー専用機）
[2026-02-16 22:09:10] [INFO] [BandaiScraper] 图片不完整 (现有:0, 需要:5)，需要下载
[2026-02-16 22:09:11] [INFO] [BandaiScraper] 图片下载成功，共下载 5 张
[2026-02-16 22:09:11] [INFO] [BandaiScraper] 产品详情已保存到: data/MG/01_3147_MG-1_100-キュベレイMk-II（プルツー専用機）/product_details.json
[2026-02-16 22:09:11] [INFO] [BandaiScraper] 详情页抓取完成，随机延时 3.46 秒...
[2026-02-16 22:09:15] [INFO] [BandaiScraper] 正在访问产品详情页: https://bandai-hobby.net/item/01_2976/
[2026-02-16 22:09:17] [INFO] [BandaiScraper] 发现旧格式文件夹: data/MG/MG-1_100-パーフェクトガンダム，将迁移到新格式: data/MG/01_2976_MG-1_100-パーフェクトガンダム
[2026-02-16 22:09:17] [INFO] [BandaiScraper] 图片不完整 (现有:0, 需要:4)，需要下载
[2026-02-16 22:09:19] [INFO] [BandaiScraper] 图片下载成功，共下载 4 张
[2026-02-16 22:09:19] [INFO] [BandaiScraper] 产品详情已保存到: data/MG/01_2976_MG-1_100-パーフェクトガンダム/product_details.json
[2026-02-16 22:09:19] [INFO] [BandaiScraper] 详情页抓取完成，随机延时 1.54 秒...
[2026-02-16 22:09:20] [INFO] [BandaiScraper] 正在访问产品详情页: https://bandai-hobby.net/item/01_2813/
[2026-02-16 22:09:22] [INFO] [BandaiScraper] 发现旧格式文件夹: data/MG/MG-エールストライクガンダム，将迁移到新格式: data/MG/01_2813_MG-エールストライクガンダム
[2026-02-16 22:09:22] [INFO] [BandaiScraper] 图片不完整 (现有:0, 需要:2)，需要下载
[2026-02-16 22:09:23] [INFO] [BandaiScraper] 图片下载成功，共下载 2 张
[2026-02-16 22:09:23] [INFO] [BandaiScraper] 产品详情已保存到: data/MG/01_2813_MG-エールストライクガンダム/product_details.json
[2026-02-16 22:09:23] [INFO] [BandaiScraper] 详情页抓取完成，随机延时 2.29 秒...
[2026-02-16 22:09:25] [INFO] [BandaiScraper] 正在访问产品详情页: https://bandai-hobby.net/item/01_2717/
[2026-02-16 22:09:27] [INFO] [BandaiScraper] 发现旧格式文件夹: data/MG/MG-1_100-RX-78-5-ガンダム5号機，将迁移到新格式: data/MG/01_2717_MG-1_100-RX-78-5-ガンダム5号機
[2026-02-16 22:09:27] [INFO] [BandaiScraper] 图片不完整 (现有:0, 需要:5)，需要下载
[2026-02-16 22:09:28] [INFO] [BandaiScraper] 图片下载成功，共下载 5 张
[2026-02-16 22:09:28] [INFO] [BandaiScraper] 产品详情已保存到: data/MG/01_2717_MG-1_100-RX-78-5-ガンダム5号機/product_details.json
[2026-02-16 22:09:28] [INFO] [BandaiScraper] 详情页抓取完成，随机延时 2.41 秒...
[2026-02-16 22:09:31] [INFO] [BandaiScraper] 正在访问产品详情页: https://bandai-hobby.net/item/01_1636/
[2026-02-16 22:09:33] [INFO] [BandaiScraper] 发现旧格式文件夹: data/MG/MG-1_100-RX-78-4-ガンダム4号機，将迁移到新格式: data/MG/01_1636_MG-1_100-RX-78-4-ガンダム4号機
[2026-02-16 22:09:33] [INFO] [BandaiScraper] 图片不完整 (现有:0, 需要:5)，需要下载
[2026-02-16 22:09:35] [INFO] [BandaiScraper] 图片下载成功，共下载 5 张
[2026-02-16 22:09:35] [INFO] [BandaiScraper] 产品详情已保存到: data/MG/01_1636_MG-1_100-RX-78-4-ガンダム4号機/product_details.json
[2026-02-16 22:09:35] [INFO] [BandaiScraper] 详情页抓取完成，随机延时 2.81 秒...
[2026-02-16 22:09:38] [INFO] [BandaiScraper] 正在访问产品详情页: https://bandai-hobby.net/item/01_2667/
[2026-02-16 22:09:40] [INFO] [BandaiScraper] 发现旧格式文件夹: data/MG/MG-1_100-ゴッグ，将迁移到新格式: data/MG/01_2667_MG-1_100-ゴッグ
[2026-02-16 22:09:40] [INFO] [BandaiScraper] 图片不完整 (现有:0, 需要:4)，需要下载
[2026-02-16 22:09:40] [INFO] [BandaiScraper] 图片下载成功，共下载 4 张
[2026-02-16 22:09:40] [INFO] [BandaiScraper] 产品详情已保存到: data/MG/01_2667_MG-1_100-ゴッグ/product_details.json
[2026-02-16 22:09:40] [INFO] [BandaiScraper] 详情页抓取完成，随机延时 3.37 秒...
[2026-02-16 22:09:44] [INFO] [BandaiScraper] 正在访问产品详情页: https://bandai-hobby.net/item/01_2597/
[2026-02-16 22:09:46] [INFO] [BandaiScraper] 发现旧格式文件夹: data/MG/MG-1_100-量産型ズゴック，将迁移到新格式: data/MG/01_2597_MG-1_100-量産型ズゴック
[2026-02-16 22:09:46] [INFO] [BandaiScraper] 图片不完整 (现有:0, 需要:4)，需要下载
[2026-02-16 22:09:47] [INFO] [BandaiScraper] 图片下载成功，共下载 4 张
[2026-02-16 22:09:47] [INFO] [BandaiScraper] 产品详情已保存到: data/MG/01_2597_MG-1_100-量産型ズゴック/product_details.json
[2026-02-16 22:09:47] [INFO] [BandaiScraper] 详情页抓取完成，随机延时 2.75 秒...
[2026-02-16 22:09:50] [INFO] [BandaiScraper] 正在访问产品详情页: https://bandai-hobby.net/item/01_2493/
[2026-02-16 22:09:52] [INFO] [BandaiScraper] 发现旧格式文件夹: data/MG/MG-1_100-ハイパーモード-マスターガンダム，将迁移到新格式: data/MG/01_2493_MG-1_100-ハイパーモード-マスターガンダム
[2026-02-16 22:09:52] [INFO] [BandaiScraper] 图片不完整 (现有:0, 需要:3)，需要下载
[2026-02-16 22:09:53] [INFO] [BandaiScraper] 图片下载成功，共下载 3 张
[2026-02-16 22:09:53] [INFO] [BandaiScraper] 产品详情已保存到: data/MG/01_2493_MG-1_100-ハイパーモード-マスターガンダム/product_details.json
[2026-02-16 22:09:53] [INFO] [BandaiScraper] 详情页抓取完成，随机延时 2.60 秒...
[2026-02-16 22:09:55] [INFO] [BandaiScraper] 正在访问产品详情页: https://bandai-hobby.net/item/01_2482/
[2026-02-16 22:09:58] [INFO] [BandaiScraper] 发现旧格式文件夹: data/MG/MG-1_100-ハイパーモード-Gガンダム，将迁移到新格式: data/MG/01_2482_MG-1_100-ハイパーモード-Gガンダム
[2026-02-16 22:09:58] [INFO] [BandaiScraper] 图片不完整 (现有:0, 需要:5)，需要下载
[2026-02-16 22:09:59] [INFO] [BandaiScraper] 图片下载成功，共下载 5 张
[2026-02-16 22:09:59] [INFO] [BandaiScraper] 产品详情已保存到: data/MG/01_2482_MG-1_100-ハイパーモード-Gガンダム/product_details.json
[2026-02-16 22:09:59] [INFO] [BandaiScraper] 详情页抓取完成，随机延时 2.82 秒...
[2026-02-16 22:10:02] [INFO] [BandaiScraper] 正在访问产品详情页: https://bandai-hobby.net/item/01_2451/
[2026-02-16 22:10:04] [INFO] [BandaiScraper] 发现旧格式文件夹: data/MG/MG-MSA-0011[Ext]-Ex-Sガンダム，将迁移到新格式: data/MG/01_2451_MG-MSA-0011[Ext]-Ex-Sガンダム
[2026-02-16 22:10:04] [INFO] [BandaiScraper] 图片不完整 (现有:0, 需要:2)，需要下载
[2026-02-16 22:10:05] [INFO] [BandaiScraper] 图片下载成功，共下载 2 张
[2026-02-16 22:10:05] [INFO] [BandaiScraper] 产品详情已保存到: data/MG/01_2451_MG-MSA-0011[Ext]-Ex-Sガンダム/product_details.json
[2026-02-16 22:10:05] [INFO] [BandaiScraper] 详情页抓取完成，随机延时 1.54 秒...
[2026-02-16 22:10:06] [INFO] [BandaiScraper] 正在访问产品详情页: https://bandai-hobby.net/item/01_2311/
[2026-02-16 22:10:09] [INFO] [BandaiScraper] 发现旧格式文件夹: data/MG/MG-1_100-MS-14A-ゲルググ(アナベル・ガトー専用機)，将迁移到新格式: data/MG/01_2311_MG-1_100-MS-14A-ゲルググ(アナベル・ガトー専用機)
[2026-02-16 22:10:09] [INFO] [BandaiScraper] 图片不完整 (现有:0, 需要:4)，需要下载
[2026-02-16 22:10:10] [INFO] [BandaiScraper] 图片下载成功，共下载 4 张
[2026-02-16 22:10:10] [INFO] [BandaiScraper] 产品详情已保存到: data/MG/01_2311_MG-1_100-MS-14A-ゲルググ(アナベル・ガトー専用機)/product_details.json
[2026-02-16 22:10:10] [INFO] [BandaiScraper] 详情页抓取完成，随机延时 2.02 秒...
[2026-02-16 22:10:12] [INFO] [BandaiScraper] 正在访问产品详情页: https://bandai-hobby.net/item/01_2255/
[2026-02-16 22:10:14] [INFO] [BandaiScraper] 发现旧格式文件夹: data/MG/MG-MS-09RS-シャア専用リックドム，将迁移到新格式: data/MG/01_2255_MG-MS-09RS-シャア専用リックドム
[2026-02-16 22:10:14] [INFO] [BandaiScraper] 图片不完整 (现有:0, 需要:2)，需要下载
[2026-02-16 22:10:14] [INFO] [BandaiScraper] 图片下载成功，共下载 2 张
[2026-02-16 22:10:14] [INFO] [BandaiScraper] 产品详情已保存到: data/MG/01_2255_MG-MS-09RS-シャア専用リックドム/product_details.json
[2026-02-16 22:10:14] [INFO] [BandaiScraper] 详情页抓取完成，随机延时 1.78 秒...
[2026-02-16 22:10:16] [INFO] [BandaiScraper] 正在访问产品详情页: https://bandai-hobby.net/item/01_2137/
[2026-02-16 22:10:19] [INFO] [BandaiScraper] 发现旧格式文件夹: data/MG/MG-1_100-RGM-79C-ジム改（スタンダードカラー），将迁移到新格式: data/MG/01_2137_MG-1_100-RGM-79C-ジム改（スタンダードカラー）
[2026-02-16 22:10:19] [INFO] [BandaiScraper] 图片不完整 (现有:0, 需要:4)，需要下载
[2026-02-16 22:10:20] [INFO] [BandaiScraper] 图片下载成功，共下载 4 张
[2026-02-16 22:10:20] [INFO] [BandaiScraper] 产品详情已保存到: data/MG/01_2137_MG-1_100-RGM-79C-ジム改（スタンダードカラー）/product_details.json
[2026-02-16 22:10:20] [INFO] [BandaiScraper] 详情页抓取完成，随机延时 2.49 秒...
[2026-02-16 22:10:22] [INFO] [BandaiScraper] 正在访问产品详情页: https://bandai-hobby.net/item/01_2027/
[2026-02-16 22:10:24] [INFO] [BandaiScraper] 发现旧格式文件夹: data/MG/MG-MSA-0011-Ｓガンダム，将迁移到新格式: data/MG/01_2027_MG-MSA-0011-Ｓガンダム
[2026-02-16 22:10:24] [INFO] [BandaiScraper] 图片不完整 (现有:0, 需要:2)，需要下载
[2026-02-16 22:10:25] [INFO] [BandaiScraper] 图片下载成功，共下载 2 张
[2026-02-16 22:10:25] [INFO] [BandaiScraper] 产品详情已保存到: data/MG/01_2027_MG-MSA-0011-Ｓガンダム/product_details.json
[2026-02-16 22:10:25] [INFO] [BandaiScraper] 详情页抓取完成，随机延时 1.79 秒...
[2026-02-16 22:10:27] [INFO] [BandaiScraper] 正在访问产品详情页: https://bandai-hobby.net/item/01_2002/
[2026-02-16 22:10:29] [INFO] [BandaiScraper] 发现旧格式文件夹: data/MG/MG-1_100-MS-06F-2-ザクII-F2型-(連邦軍仕様)，将迁移到新格式: data/MG/01_2002_MG-1_100-MS-06F-2-ザクII-F2型-(連邦軍仕様)
[2026-02-16 22:10:29] [INFO] [BandaiScraper] 图片不完整 (现有:0, 需要:4)，需要下载
[2026-02-16 22:10:30] [INFO] [BandaiScraper] 图片下载成功，共下载 4 张
[2026-02-16 22:10:30] [INFO] [BandaiScraper] 产品详情已保存到: data/MG/01_2002_MG-1_100-MS-06F-2-ザクII-F2型-(連邦軍仕様)/product_details.json
[2026-02-16 22:10:30] [INFO] [BandaiScraper] 详情页抓取完成，随机延时 1.61 秒...
[2026-02-16 22:10:31] [INFO] [BandaiScraper] 正在访问产品详情页: https://bandai-hobby.net/item/01_1968/
[2026-02-16 22:10:34] [INFO] [BandaiScraper] 发现旧格式文件夹: data/MG/MG-1_100-RX-78_C.A.-キャスバル専用ガンダム，将迁移到新格式: data/MG/01_1968_MG-1_100-RX-78_C.A.-キャスバル専用ガンダム
[2026-02-16 22:10:34] [INFO] [BandaiScraper] 图片不完整 (现有:0, 需要:5)，需要下载
[2026-02-16 22:10:35] [INFO] [BandaiScraper] 图片下载成功，共下载 5 张
[2026-02-16 22:10:35] [INFO] [BandaiScraper] 产品详情已保存到: data/MG/01_1968_MG-1_100-RX-78_C.A.-キャスバル専用ガンダム/product_details.json
[2026-02-16 22:10:35] [INFO] [BandaiScraper] 详情页抓取完成，随机延时 2.38 秒...
[2026-02-16 22:10:38] [INFO] [BandaiScraper] 正在访问产品详情页: https://bandai-hobby.net/item/01_1896/
[2026-02-16 22:10:40] [INFO] [BandaiScraper] 发现旧格式文件夹: data/MG/MG-1_100-ガンダムシュピーゲル，将迁移到新格式: data/MG/01_1896_MG-1_100-ガンダムシュピーゲル
[2026-02-16 22:10:40] [INFO] [BandaiScraper] 图片不完整 (现有:0, 需要:5)，需要下载
[2026-02-16 22:10:41] [INFO] [BandaiScraper] 图片下载成功，共下载 5 张
[2026-02-16 22:10:41] [INFO] [BandaiScraper] 产品详情已保存到: data/MG/01_1896_MG-1_100-ガンダムシュピーゲル/product_details.json
[2026-02-16 22:10:41] [INFO] [BandaiScraper] 详情页抓取完成，随机延时 3.23 秒...
[2026-02-16 22:10:45] [INFO] [BandaiScraper] 正在访问产品详情页: https://bandai-hobby.net/item/01_1812/
[2026-02-16 22:10:47] [INFO] [BandaiScraper] 发现旧格式文件夹: data/MG/MG-1_100-RGM-79C-ジム改，将迁移到新格式: data/MG/01_1812_MG-1_100-RGM-79C-ジム改
[2026-02-16 22:10:47] [INFO] [BandaiScraper] 图片不完整 (现有:0, 需要:4)，需要下载
[2026-02-16 22:10:48] [INFO] [BandaiScraper] 图片下载成功，共下载 4 张
[2026-02-16 22:10:48] [INFO] [BandaiScraper] 产品详情已保存到: data/MG/01_1812_MG-1_100-RGM-79C-ジム改/product_details.json
[2026-02-16 22:10:48] [INFO] [BandaiScraper] 详情页抓取完成，随机延时 3.39 秒...
[2026-02-16 22:10:52] [INFO] [BandaiScraper] 正在访问产品详情页: https://bandai-hobby.net/item/01_1746/
[2026-02-16 22:10:54] [INFO] [BandaiScraper] 发现旧格式文件夹: data/MG/MG-1_100-シャイニングガンダム，将迁移到新格式: data/MG/01_1746_MG-1_100-シャイニングガンダム
[2026-02-16 22:10:54] [INFO] [BandaiScraper] 图片不完整 (现有:0, 需要:5)，需要下载
[2026-02-16 22:10:55] [INFO] [BandaiScraper] 图片下载成功，共下载 5 张
[2026-02-16 22:10:55] [INFO] [BandaiScraper] 产品详情已保存到: data/MG/01_1746_MG-1_100-シャイニングガンダム/product_details.json
[2026-02-16 22:10:55] [INFO] [BandaiScraper] 详情页抓取完成，随机延时 1.80 秒...
[2026-02-16 22:10:57] [INFO] [BandaiScraper] 正在访问产品详情页: https://bandai-hobby.net/item/01_1710/
[2026-02-16 22:11:08] [WARNING] [BandaiScraper] Retrying scraper.BandaiScraper._get_request in 2.0 seconds as it raised ConnectionError: HTTPSConnectionPool(host='bandai-hobby.net', port=443): Read timed out..
[2026-02-16 22:11:13] [INFO] [BandaiScraper] 发现旧格式文件夹: data/MG/MG-1_100-MS-06F-2-ザクII-F2型，将迁移到新格式: data/MG/01_1710_MG-1_100-MS-06F-2-ザクII-F2型
[2026-02-16 22:11:13] [INFO] [BandaiScraper] 图片不完整 (现有:0, 需要:4)，需要下载
[2026-02-16 22:11:14] [INFO] [BandaiScraper] 图片下载成功，共下载 4 张
[2026-02-16 22:11:14] [INFO] [BandaiScraper] 产品详情已保存到: data/MG/01_1710_MG-1_100-MS-06F-2-ザクII-F2型/product_details.json
[2026-02-16 22:11:14] [INFO] [BandaiScraper] 详情页抓取完成，随机延时 2.87 秒...
[2026-02-16 22:11:17] [INFO] [BandaiScraper] 正在访问产品详情页: https://bandai-hobby.net/item/01_1629/
[2026-02-16 22:11:19] [INFO] [BandaiScraper] 发现旧格式文件夹: data/MG/MG-1_100-マスターガンダム，将迁移到新格式: data/MG/01_1629_MG-1_100-マスターガンダム
[2026-02-16 22:11:19] [INFO] [BandaiScraper] 图片不完整 (现有:0, 需要:4)，需要下载
[2026-02-16 22:11:20] [INFO] [BandaiScraper] 图片下载成功，共下载 4 张
[2026-02-16 22:11:20] [INFO] [BandaiScraper] 产品详情已保存到: data/MG/01_1629_MG-1_100-マスターガンダム/product_details.json
[2026-02-16 22:11:20] [INFO] [BandaiScraper] 详情页抓取完成，随机延时 1.66 秒...
[2026-02-16 22:11:22] [INFO] [BandaiScraper] 正在访问产品详情页: https://bandai-hobby.net/item/01_1585/
[2026-02-16 22:11:25] [INFO] [BandaiScraper] 发现旧格式文件夹: data/MG/MG-1_100-MSZ-006C1-ゼータプラス-C1，将迁移到新格式: data/MG/01_1585_MG-1_100-MSZ-006C1-ゼータプラス-C1
[2026-02-16 22:11:25] [INFO] [BandaiScraper] 图片不完整 (现有:0, 需要:4)，需要下载
[2026-02-16 22:11:26] [INFO] [BandaiScraper] 图片下载成功，共下载 4 张
[2026-02-16 22:11:26] [INFO] [BandaiScraper] 产品详情已保存到: data/MG/01_1585_MG-1_100-MSZ-006C1-ゼータプラス-C1/product_details.json
[2026-02-16 22:11:26] [INFO] [BandaiScraper] 详情页抓取完成，随机延时 2.69 秒...
[2026-02-16 22:11:29] [INFO] [BandaiScraper] 正在访问产品详情页: https://bandai-hobby.net/item/01_1446/
[2026-02-16 22:11:31] [INFO] [BandaiScraper] 发现旧格式文件夹: data/MG/MG-RX-77-2-ガンキャノン，将迁移到新格式: data/MG/01_1446_MG-RX-77-2-ガンキャノン
[2026-02-16 22:11:31] [INFO] [BandaiScraper] 图片不完整 (现有:0, 需要:4)，需要下载
[2026-02-16 22:11:32] [INFO] [BandaiScraper] 图片下载成功，共下载 4 张
[2026-02-16 22:11:32] [INFO] [BandaiScraper] 产品详情已保存到: data/MG/01_1446_MG-RX-77-2-ガンキャノン/product_details.json
[2026-02-16 22:11:32] [INFO] [BandaiScraper] 详情页抓取完成，随机延时 2.80 秒...
[2026-02-16 22:11:35] [INFO] [BandaiScraper] 正在访问产品详情页: https://bandai-hobby.net/item/01_1385/
[2026-02-16 22:11:37] [INFO] [BandaiScraper] 发现旧格式文件夹: data/MG/MG-1_100-Gガンダム，将迁移到新格式: data/MG/01_1385_MG-1_100-Gガンダム
[2026-02-16 22:11:37] [INFO] [BandaiScraper] 图片不完整 (现有:0, 需要:4)，需要下载
[2026-02-16 22:11:38] [INFO] [BandaiScraper] 图片下载成功，共下载 4 张
[2026-02-16 22:11:38] [INFO] [BandaiScraper] 产品详情已保存到: data/MG/01_1385_MG-1_100-Gガンダム/product_details.json
[2026-02-16 22:11:38] [INFO] [BandaiScraper] 详情页抓取完成，随机延时 1.64 秒...
[2026-02-16 22:11:40] [INFO] [BandaiScraper] 正在访问产品详情页: https://bandai-hobby.net/item/01_1352/
[2026-02-16 22:11:42] [INFO] [BandaiScraper] 发现旧格式文件夹: data/MG/MG-1_100-ゼータプラステストカラー，将迁移到新格式: data/MG/01_1352_MG-1_100-ゼータプラステストカラー
[2026-02-16 22:11:42] [INFO] [BandaiScraper] 图片不完整 (现有:0, 需要:4)，需要下载
[2026-02-16 22:11:43] [INFO] [BandaiScraper] 图片下载成功，共下载 4 张
[2026-02-16 22:11:43] [INFO] [BandaiScraper] 产品详情已保存到: data/MG/01_1352_MG-1_100-ゼータプラステストカラー/product_details.json
[2026-02-16 22:11:43] [INFO] [BandaiScraper] 详情页抓取完成，随机延时 1.65 秒...
[2026-02-16 22:11:45] [INFO] [BandaiScraper] 正在访问产品详情页: https://bandai-hobby.net/item/01_1279/
[2026-02-16 22:11:47] [INFO] [BandaiScraper] 发现旧格式文件夹: data/MG/MG-FA-010A-ＦＡＺＺ（ファッツ），将迁移到新格式: data/MG/01_1279_MG-FA-010A-ＦＡＺＺ（ファッツ）
[2026-02-16 22:11:47] [INFO] [BandaiScraper] 图片不完整 (现有:0, 需要:2)，需要下载
[2026-02-16 22:11:48] [INFO] [BandaiScraper] 图片下载成功，共下载 2 张
[2026-02-16 22:11:48] [INFO] [BandaiScraper] 产品详情已保存到: data/MG/01_1279_MG-FA-010A-ＦＡＺＺ（ファッツ）/product_details.json
[2026-02-16 22:11:48] [INFO] [BandaiScraper] 详情页抓取完成，随机延时 3.20 秒...
[2026-02-16 22:11:51] [INFO] [BandaiScraper] 正在访问产品详情页: https://bandai-hobby.net/item/01_1201/
[2026-02-16 22:11:53] [INFO] [BandaiScraper] 发现旧格式文件夹: data/MG/MG-1_100-AMX-004-キュベレイ，将迁移到新格式: data/MG/01_1201_MG-1_100-AMX-004-キュベレイ
[2026-02-16 22:11:53] [INFO] [BandaiScraper] 图片不完整 (现有:0, 需要:4)，需要下载
[2026-02-16 22:11:54] [INFO] [BandaiScraper] 图片下载成功，共下载 4 张
[2026-02-16 22:11:54] [INFO] [BandaiScraper] 产品详情已保存到: data/MG/01_1201_MG-1_100-AMX-004-キュベレイ/product_details.json
[2026-02-16 22:11:54] [INFO] [BandaiScraper] 详情页抓取完成，随机延时 2.64 秒...
[2026-02-16 22:11:57] [INFO] [BandaiScraper] 正在访问产品详情页: https://bandai-hobby.net/item/01_1159/
[2026-02-16 22:11:59] [INFO] [BandaiScraper] 发现旧格式文件夹: data/MG/MG-RGM-79[G]-陸戦型ジム，将迁移到新格式: data/MG/01_1159_MG-RGM-79[G]-陸戦型ジム
[2026-02-16 22:11:59] [INFO] [BandaiScraper] 图片不完整 (现有:0, 需要:5)，需要下载
[2026-02-16 22:12:00] [INFO] [BandaiScraper] 图片下载成功，共下载 5 张
[2026-02-16 22:12:00] [INFO] [BandaiScraper] 产品详情已保存到: data/MG/01_1159_MG-RGM-79[G]-陸戦型ジム/product_details.json
[2026-02-16 22:12:00] [INFO] [BandaiScraper] 详情页抓取完成，随机延时 2.62 秒...
[2026-02-16 22:12:03] [INFO] [BandaiScraper] 正在访问产品详情页: https://bandai-hobby.net/item/01_1099/
[2026-02-16 22:12:06] [INFO] [BandaiScraper] 发现旧格式文件夹: data/MG/MG-RGZ-91-リ・ガズィ，将迁移到新格式: data/MG/01_1099_MG-RGZ-91-リ・ガズィ
[2026-02-16 22:12:06] [INFO] [BandaiScraper] 图片不完整 (现有:0, 需要:13)，需要下载
[2026-02-16 22:12:08] [INFO] [BandaiScraper] 图片下载成功，共下载 13 张
[2026-02-16 22:12:08] [INFO] [BandaiScraper] 产品详情已保存到: data/MG/01_1099_MG-RGZ-91-リ・ガズィ/product_details.json
[2026-02-16 22:12:08] [INFO] [BandaiScraper] 详情页抓取完成，随机延时 3.33 秒...
[2026-02-16 22:12:11] [INFO] [BandaiScraper] 正在访问产品详情页: https://bandai-hobby.net/item/01_1025/
[2026-02-16 22:12:14] [INFO] [BandaiScraper] 发现旧格式文件夹: data/MG/MG-1_100-ガンダム-GP03S(ステイメン)，将迁移到新格式: data/MG/01_1025_MG-1_100-ガンダム-GP03S(ステイメン)
[2026-02-16 22:12:14] [INFO] [BandaiScraper] 图片不完整 (现有:0, 需要:4)，需要下载
[2026-02-16 22:12:15] [INFO] [BandaiScraper] 图片下载成功，共下载 4 张
[2026-02-16 22:12:15] [INFO] [BandaiScraper] 产品详情已保存到: data/MG/01_1025_MG-1_100-ガンダム-GP03S(ステイメン)/product_details.json
[2026-02-16 22:12:15] [INFO] [BandaiScraper] 详情页抓取完成，随机延时 3.26 秒...
[2026-02-16 22:12:18] [INFO] [BandaiScraper] 正在访问产品详情页: https://bandai-hobby.net/item/01_972/
[2026-02-16 22:12:20] [INFO] [BandaiScraper] 发现旧格式文件夹: data/MG/MG-MSN-00100-百式，将迁移到新格式: data/MG/01_972_MG-MSN-00100-百式
[2026-02-16 22:12:20] [INFO] [BandaiScraper] 图片不完整 (现有:0, 需要:2)，需要下载
[2026-02-16 22:12:21] [INFO] [BandaiScraper] 图片下载成功，共下载 2 张
[2026-02-16 22:12:21] [INFO] [BandaiScraper] 产品详情已保存到: data/MG/01_972_MG-MSN-00100-百式/product_details.json
[2026-02-16 22:12:21] [INFO] [BandaiScraper] 详情页抓取完成，随机延时 2.00 秒...
[2026-02-16 22:12:23] [INFO] [BandaiScraper] 正在访问产品详情页: https://bandai-hobby.net/item/01_982/
[2026-02-16 22:12:25] [INFO] [BandaiScraper] 发现旧格式文件夹: data/MG/MG-1_100-MS-07B3-グフカスタム，将迁移到新格式: data/MG/01_982_MG-1_100-MS-07B3-グフカスタム
[2026-02-16 22:12:25] [INFO] [BandaiScraper] 图片不完整 (现有:0, 需要:4)，需要下载
[2026-02-16 22:12:26] [INFO] [BandaiScraper] 图片下载成功，共下载 4 张
[2026-02-16 22:12:26] [INFO] [BandaiScraper] 产品详情已保存到: data/MG/01_982_MG-1_100-MS-07B3-グフカスタム/product_details.json
[2026-02-16 22:12:26] [INFO] [BandaiScraper] 详情页抓取完成，随机延时 3.30 秒...
[2026-02-16 22:12:29] [INFO] [BandaiScraper] 正在访问产品详情页: https://bandai-hobby.net/item/01_919/
[2026-02-16 22:12:31] [INFO] [BandaiScraper] 发现旧格式文件夹: data/MG/MG-1_100-MS-18E-ケンプファー，将迁移到新格式: data/MG/01_919_MG-1_100-MS-18E-ケンプファー
[2026-02-16 22:12:31] [INFO] [BandaiScraper] 图片不完整 (现有:0, 需要:6)，需要下载
[2026-02-16 22:12:33] [INFO] [BandaiScraper] 图片下载成功，共下载 6 张
[2026-02-16 22:12:33] [INFO] [BandaiScraper] 产品详情已保存到: data/MG/01_919_MG-1_100-MS-18E-ケンプファー/product_details.json
[2026-02-16 22:12:33] [INFO] [BandaiScraper] 详情页抓取完成，随机延时 1.74 秒...
[2026-02-16 22:12:35] [INFO] [BandaiScraper] 正在访问产品详情页: https://bandai-hobby.net/item/01_887/
[2026-02-16 22:12:38] [INFO] [BandaiScraper] 发现旧格式文件夹: data/MG/MG-RX-93-νガンダム（ニューガンダム），将迁移到新格式: data/MG/01_887_MG-RX-93-νガンダム（ニューガンダム）
[2026-02-16 22:12:38] [INFO] [BandaiScraper] 图片不完整 (现有:0, 需要:6)，需要下载
[2026-02-16 22:12:40] [INFO] [BandaiScraper] 图片下载成功，共下载 6 张
[2026-02-16 22:12:40] [INFO] [BandaiScraper] 产品详情已保存到: data/MG/01_887_MG-RX-93-νガンダム（ニューガンダム）/product_details.json
[2026-02-16 22:12:40] [INFO] [BandaiScraper] 详情页抓取完成，随机延时 2.72 秒...
[2026-02-16 22:12:42] [INFO] [BandaiScraper] 正在访问产品详情页: https://bandai-hobby.net/item/01_739/
[2026-02-16 22:12:44] [INFO] [BandaiScraper] 发现旧格式文件夹: data/MG/MG-MS-07B-グフ，将迁移到新格式: data/MG/01_739_MG-MS-07B-グフ
[2026-02-16 22:12:45] [INFO] [BandaiScraper] 图片不完整 (现有:0, 需要:3)，需要下载
[2026-02-16 22:12:46] [INFO] [BandaiScraper] 图片下载成功，共下载 3 张
[2026-02-16 22:12:46] [INFO] [BandaiScraper] 产品详情已保存到: data/MG/01_739_MG-MS-07B-グフ/product_details.json
[2026-02-16 22:12:46] [INFO] [BandaiScraper] 详情页抓取完成，随机延时 2.46 秒...
[2026-02-16 22:12:48] [INFO] [BandaiScraper] 正在访问产品详情页: https://bandai-hobby.net/item/01_698/
[2026-02-16 22:12:51] [INFO] [BandaiScraper] 发现旧格式文件夹: data/MG/MG-MS-05B-ザクＩ（ランバ・ラル専用機），将迁移到新格式: data/MG/01_698_MG-MS-05B-ザクＩ（ランバ・ラル専用機）
[2026-02-16 22:12:51] [INFO] [BandaiScraper] 图片不完整 (现有:0, 需要:3)，需要下载
[2026-02-16 22:12:52] [INFO] [BandaiScraper] 图片下载成功，共下载 3 张
[2026-02-16 22:12:52] [INFO] [BandaiScraper] 产品详情已保存到: data/MG/01_698_MG-MS-05B-ザクＩ（ランバ・ラル専用機）/product_details.json
[2026-02-16 22:12:52] [INFO] [BandaiScraper] 详情页抓取完成，随机延时 1.75 秒...
[2026-02-16 22:12:54] [INFO] [BandaiScraper] 正在访问产品详情页: https://bandai-hobby.net/item/01_4941/
[2026-02-16 22:12:56] [INFO] [BandaiScraper] 发现旧格式文件夹: data/MG/MG-1_100-ガンダムNT-1(メタルクリヤーバージョン），将迁移到新格式: data/MG/01_4941_MG-1_100-ガンダムNT-1(メタルクリヤーバージョン）
[2026-02-16 22:12:56] [INFO] [BandaiScraper] 图片不完整 (现有:0, 需要:1)，需要下载
[2026-02-16 22:12:56] [INFO] [BandaiScraper] 图片下载成功，共下载 1 张
[2026-02-16 22:12:56] [INFO] [BandaiScraper] 产品详情已保存到: data/MG/01_4941_MG-1_100-ガンダムNT-1(メタルクリヤーバージョン）/product_details.json
[2026-02-16 22:12:56] [INFO] [BandaiScraper] 详情页抓取完成，随机延时 2.09 秒...
[2026-02-16 22:12:58] [INFO] [BandaiScraper] 正在访问产品详情页: https://bandai-hobby.net/item/01_4940/
[2026-02-16 22:13:00] [INFO] [BandaiScraper] 发现旧格式文件夹: data/MG/MG-1_100-シャア専用-リック・ドム(コーティングバージョン)，将迁移到新格式: data/MG/01_4940_MG-1_100-シャア専用-リック・ドム(コーティングバージョン)
[2026-02-16 22:13:00] [INFO] [BandaiScraper] 图片不完整 (现有:0, 需要:1)，需要下载
[2026-02-16 22:13:02] [INFO] [BandaiScraper] 图片下载成功，共下载 1 张
[2026-02-16 22:13:02] [INFO] [BandaiScraper] 产品详情已保存到: data/MG/01_4940_MG-1_100-シャア専用-リック・ドム(コーティングバージョン)/product_details.json
[2026-02-16 22:13:02] [INFO] [BandaiScraper] 详情页抓取完成，随机延时 3.35 秒...
[2026-02-16 22:13:05] [INFO] [BandaiScraper] 正在访问产品详情页: https://bandai-hobby.net/item/01_613/
[2026-02-16 22:13:07] [INFO] [BandaiScraper] 发现旧格式文件夹: data/MG/MG-1_100-FA-010S-フルアーマーZZガンダム，将迁移到新格式: data/MG/01_613_MG-1_100-FA-010S-フルアーマーZZガンダム
[2026-02-16 22:13:07] [INFO] [BandaiScraper] 图片不完整 (现有:0, 需要:4)，需要下载
[2026-02-16 22:13:09] [INFO] [BandaiScraper] 图片下载成功，共下载 4 张
[2026-02-16 22:13:09] [INFO] [BandaiScraper] 产品详情已保存到: data/MG/01_613_MG-1_100-FA-010S-フルアーマーZZガンダム/product_details.json
[2026-02-16 22:13:09] [INFO] [BandaiScraper] 详情页抓取完成，随机延时 2.28 秒...
[2026-02-16 22:13:12] [INFO] [BandaiScraper] 正在访问产品详情页: https://bandai-hobby.net/item/01_4939/
[2026-02-16 22:13:14] [INFO] [BandaiScraper] 发现旧格式文件夹: data/MG/MG-1_100-リック・ドム-クリアメッキバージョン，将迁移到新格式: data/MG/01_4939_MG-1_100-リック・ドム-クリアメッキバージョン
[2026-02-16 22:13:14] [INFO] [BandaiScraper] 图片不完整 (现有:0, 需要:1)，需要下载
[2026-02-16 22:13:14] [INFO] [BandaiScraper] 图片下载成功，共下载 1 张
[2026-02-16 22:13:14] [INFO] [BandaiScraper] 产品详情已保存到: data/MG/01_4939_MG-1_100-リック・ドム-クリアメッキバージョン/product_details.json
[2026-02-16 22:13:14] [INFO] [BandaiScraper] 详情页抓取完成，随机延时 1.74 秒...
[2026-02-16 22:13:16] [INFO] [BandaiScraper] 正在访问产品详情页: https://bandai-hobby.net/item/01_603/
[2026-02-16 22:13:18] [INFO] [BandaiScraper] 发现旧格式文件夹: data/MG/MG-MSN-04-サザビー，将迁移到新格式: data/MG/01_603_MG-MSN-04-サザビー
[2026-02-16 22:13:18] [INFO] [BandaiScraper] 图片不完整 (现有:0, 需要:2)，需要下载
[2026-02-16 22:13:19] [INFO] [BandaiScraper] 图片下载成功，共下载 2 张
[2026-02-16 22:13:19] [INFO] [BandaiScraper] 产品详情已保存到: data/MG/01_603_MG-MSN-04-サザビー/product_details.json
[2026-02-16 22:13:19] [INFO] [BandaiScraper] 详情页抓取完成，随机延时 2.10 秒...
[2026-02-16 22:13:21] [INFO] [BandaiScraper] 正在访问产品详情页: https://bandai-hobby.net/item/01_527/
[2026-02-16 22:13:24] [INFO] [BandaiScraper] 发现旧格式文件夹: data/MG/MG-1_100-RX-78-2-ガンダム-ver1.5，将迁移到新格式: data/MG/01_527_MG-1_100-RX-78-2-ガンダム-ver1.5
[2026-02-16 22:13:24] [INFO] [BandaiScraper] 图片不完整 (现有:0, 需要:4)，需要下载
[2026-02-16 22:13:25] [INFO] [BandaiScraper] 图片下载成功，共下载 4 张
[2026-02-16 22:13:25] [INFO] [BandaiScraper] 产品详情已保存到: data/MG/01_527_MG-1_100-RX-78-2-ガンダム-ver1.5/product_details.json
[2026-02-16 22:13:25] [INFO] [BandaiScraper] 详情页抓取完成，随机延时 2.40 秒...
[2026-02-16 22:13:28] [INFO] [BandaiScraper] 正在访问产品详情页: https://bandai-hobby.net/item/01_1449/
[2026-02-16 22:13:30] [INFO] [BandaiScraper] 发现旧格式文件夹: data/MG/MG-1_100-MS-06F_Jザク2コーティングV，将迁移到新格式: data/MG/01_1449_MG-1_100-MS-06F_Jザク2コーティングV
[2026-02-16 22:13:30] [INFO] [BandaiScraper] 图片不完整 (现有:0, 需要:2)，需要下载
[2026-02-16 22:13:31] [INFO] [BandaiScraper] 图片下载成功，共下载 2 张
[2026-02-16 22:13:31] [INFO] [BandaiScraper] 产品详情已保存到: data/MG/01_1449_MG-1_100-MS-06F_Jザク2コーティングV/product_details.json
[2026-02-16 22:13:31] [INFO] [BandaiScraper] 详情页抓取完成，随机延时 2.32 秒...
[2026-02-16 22:13:33] [INFO] [BandaiScraper] 正在访问产品详情页: https://bandai-hobby.net/item/01_3317/
[2026-02-16 22:13:36] [INFO] [BandaiScraper] 发现旧格式文件夹: data/MG/MG-1_100-RGM-79N-ジムカスタム，将迁移到新格式: data/MG/01_3317_MG-1_100-RGM-79N-ジムカスタム
[2026-02-16 22:13:36] [INFO] [BandaiScraper] 图片不完整 (现有:0, 需要:3)，需要下载
[2026-02-16 22:13:37] [INFO] [BandaiScraper] 图片下载成功，共下载 3 张
[2026-02-16 22:13:37] [INFO] [BandaiScraper] 产品详情已保存到: data/MG/01_3317_MG-1_100-RGM-79N-ジムカスタム/product_details.json
[2026-02-16 22:13:37] [INFO] [BandaiScraper] 详情页抓取完成，随机延时 2.76 秒...
[2026-02-16 22:13:40] [INFO] [BandaiScraper] 正在访问产品详情页: https://bandai-hobby.net/item/01_1627/
[2026-02-16 22:13:42] [INFO] [BandaiScraper] 发现旧格式文件夹: data/MG/MG-1_100-GP02A-ガンダム試作2号機-コーティングバージョン，将迁移到新格式: data/MG/01_1627_MG-1_100-GP02A-ガンダム試作2号機-コーティングバージョン
[2026-02-16 22:13:42] [INFO] [BandaiScraper] 图片不完整 (现有:0, 需要:3)，需要下载
[2026-02-16 22:13:43] [INFO] [BandaiScraper] 图片下载成功，共下载 3 张
[2026-02-16 22:13:43] [INFO] [BandaiScraper] 产品详情已保存到: data/MG/01_1627_MG-1_100-GP02A-ガンダム試作2号機-コーティングバージョン/product_details.json
[2026-02-16 22:13:43] [INFO] [BandaiScraper] 详情页抓取完成，随机延时 1.61 秒...
[2026-02-16 22:13:45] [INFO] [BandaiScraper] 正在访问产品详情页: https://bandai-hobby.net/item/01_1626/
[2026-02-16 22:13:47] [INFO] [BandaiScraper] 发现旧格式文件夹: data/MG/MG-1_100-RGM-79Q-ジムクゥエル，将迁移到新格式: data/MG/01_1626_MG-1_100-RGM-79Q-ジムクゥエル
[2026-02-16 22:13:47] [INFO] [BandaiScraper] 图片不完整 (现有:0, 需要:4)，需要下载
[2026-02-16 22:13:48] [INFO] [BandaiScraper] 图片下载成功，共下载 4 张
[2026-02-16 22:13:48] [INFO] [BandaiScraper] 产品详情已保存到: data/MG/01_1626_MG-1_100-RGM-79Q-ジムクゥエル/product_details.json
[2026-02-16 22:13:48] [INFO] [BandaiScraper] 详情页抓取完成，随机延时 1.59 秒...
[2026-02-16 22:13:50] [INFO] [BandaiScraper] 正在访问产品详情页: https://bandai-hobby.net/item/01_1625/
[2026-02-16 22:13:52] [INFO] [BandaiScraper] 发现旧格式文件夹: data/MG/MG-1_100-MSZ-010-ZZガンダム，将迁移到新格式: data/MG/01_1625_MG-1_100-MSZ-010-ZZガンダム
[2026-02-16 22:13:52] [INFO] [BandaiScraper] 图片不完整 (现有:0, 需要:5)，需要下载
[2026-02-16 22:13:54] [INFO] [BandaiScraper] 图片下载成功，共下载 5 张
[2026-02-16 22:13:54] [INFO] [BandaiScraper] 产品详情已保存到: data/MG/01_1625_MG-1_100-MSZ-010-ZZガンダム/product_details.json
[2026-02-16 22:13:54] [INFO] [BandaiScraper] 详情页抓取完成，随机延时 2.43 秒...
[2026-02-16 22:13:56] [INFO] [BandaiScraper] 正在访问产品详情页: https://bandai-hobby.net/item/01_4938/
[2026-02-16 22:13:58] [INFO] [BandaiScraper] 发现旧格式文件夹: data/MG/MG-1_100-MS-14A-ガトー専用ゲルググ-コーティングバージョン，将迁移到新格式: data/MG/01_4938_MG-1_100-MS-14A-ガトー専用ゲルググ-コーティングバージョン
[2026-02-16 22:13:58] [INFO] [BandaiScraper] 图片不完整 (现有:0, 需要:1)，需要下载
[2026-02-16 22:13:59] [INFO] [BandaiScraper] 图片下载成功，共下载 1 张
[2026-02-16 22:13:59] [INFO] [BandaiScraper] 产品详情已保存到: data/MG/01_4938_MG-1_100-MS-14A-ガトー専用ゲルググ-コーティングバージョン/product_details.json
[2026-02-16 22:13:59] [INFO] [BandaiScraper] 详情页抓取完成，随机延时 2.49 秒...
[2026-02-16 22:14:01] [INFO] [BandaiScraper] 正在访问产品详情页: https://bandai-hobby.net/item/01_4937/
[2026-02-16 22:14:03] [INFO] [BandaiScraper] 发现旧格式文件夹: data/MG/MG-1_100-キャスバル専用ガンダム-メタリックコーティングバージョン，将迁移到新格式: data/MG/01_4937_MG-1_100-キャスバル専用ガンダム-メタリックコーティングバージョン
[2026-02-16 22:14:03] [INFO] [BandaiScraper] 图片不完整 (现有:0, 需要:1)，需要下载
[2026-02-16 22:14:03] [INFO] [BandaiScraper] 图片下载成功，共下载 1 张
[2026-02-16 22:14:03] [INFO] [BandaiScraper] 产品详情已保存到: data/MG/01_4937_MG-1_100-キャスバル専用ガンダム-メタリックコーティングバージョン/product_details.json
[2026-02-16 22:14:03] [INFO] [BandaiScraper] 详情页抓取完成，随机延时 2.89 秒...
[2026-02-16 22:14:06] [INFO] [BandaiScraper] 正在访问产品详情页: https://bandai-hobby.net/item/01_1622/
[2026-02-16 22:14:08] [INFO] [BandaiScraper] 发现旧格式文件夹: data/MG/MG-1_100-MS-09R-リックドム，将迁移到新格式: data/MG/01_1622_MG-1_100-MS-09R-リックドム
[2026-02-16 22:14:08] [INFO] [BandaiScraper] 图片不完整 (现有:0, 需要:2)，需要下载
[2026-02-16 22:14:09] [INFO] [BandaiScraper] 图片下载成功，共下载 2 张
[2026-02-16 22:14:09] [INFO] [BandaiScraper] 产品详情已保存到: data/MG/01_1622_MG-1_100-MS-09R-リックドム/product_details.json
[2026-02-16 22:14:09] [INFO] [BandaiScraper] 详情页抓取完成，随机延时 2.35 秒...
[2026-02-16 22:14:11] [INFO] [BandaiScraper] 正在访问产品详情页: https://bandai-hobby.net/item/01_1619/
[2026-02-16 22:14:14] [INFO] [BandaiScraper] 发现旧格式文件夹: data/MG/MG-1_100-ガンダムNT-1，将迁移到新格式: data/MG/01_1619_MG-1_100-ガンダムNT-1
[2026-02-16 22:14:14] [INFO] [BandaiScraper] 图片不完整 (现有:0, 需要:6)，需要下载
[2026-02-16 22:14:16] [INFO] [BandaiScraper] 图片下载成功，共下载 6 张
[2026-02-16 22:14:16] [INFO] [BandaiScraper] 产品详情已保存到: data/MG/01_1619_MG-1_100-ガンダムNT-1/product_details.json
[2026-02-16 22:14:16] [INFO] [BandaiScraper] 详情页抓取完成，随机延时 2.39 秒...
[2026-02-16 22:14:18] [INFO] [BandaiScraper] 正在访问产品详情页: https://bandai-hobby.net/item/01_1614/
[2026-02-16 22:14:20] [INFO] [BandaiScraper] 发现旧格式文件夹: data/MG/MG-1_100-MS-06S-ザク2-コーティングver，将迁移到新格式: data/MG/01_1614_MG-1_100-MS-06S-ザク2-コーティングver
[2026-02-16 22:14:20] [INFO] [BandaiScraper] 图片不完整 (现有:0, 需要:2)，需要下载
[2026-02-16 22:14:21] [INFO] [BandaiScraper] 图片下载成功，共下载 2 张
[2026-02-16 22:14:21] [INFO] [BandaiScraper] 产品详情已保存到: data/MG/01_1614_MG-1_100-MS-06S-ザク2-コーティングver/product_details.json
[2026-02-16 22:14:21] [INFO] [BandaiScraper] 详情页抓取完成，随机延时 2.02 秒...
[2026-02-16 22:14:23] [INFO] [BandaiScraper] 正在访问产品详情页: https://bandai-hobby.net/item/01_1613/
[2026-02-16 22:14:25] [INFO] [BandaiScraper] 发现旧格式文件夹: data/MG/MG-1_100-GP01Fb-ガンダム試作1号機-フルバーニアン-コーティングバージョン，将迁移到新格式: data/MG/01_1613_MG-1_100-GP01Fb-ガンダム試作1号機-フルバーニアン-コーティングバージョン
[2026-02-16 22:14:25] [INFO] [BandaiScraper] 图片不完整 (现有:0, 需要:3)，需要下载
[2026-02-16 22:14:26] [INFO] [BandaiScraper] 图片下载成功，共下载 3 张
[2026-02-16 22:14:26] [INFO] [BandaiScraper] 产品详情已保存到: data/MG/01_1613_MG-1_100-GP01Fb-ガンダム試作1号機-フルバーニアン-コーティングバージョン/product_details.json
[2026-02-16 22:14:26] [INFO] [BandaiScraper] 详情页抓取完成，随机延时 2.67 秒...
[2026-02-16 22:14:29] [INFO] [BandaiScraper] 正在访问产品详情页: https://bandai-hobby.net/item/01_1610/
[2026-02-16 22:14:31] [INFO] [BandaiScraper] 发现旧格式文件夹: data/MG/MG-1_100-MS-09-ドム，将迁移到新格式: data/MG/01_1610_MG-1_100-MS-09-ドム
[2026-02-16 22:14:31] [INFO] [BandaiScraper] 图片不完整 (现有:0, 需要:2)，需要下载
[2026-02-16 22:14:31] [INFO] [BandaiScraper] 图片下载成功，共下载 2 张
[2026-02-16 22:14:31] [INFO] [BandaiScraper] 产品详情已保存到: data/MG/01_1610_MG-1_100-MS-09-ドム/product_details.json
[2026-02-16 22:14:31] [INFO] [BandaiScraper] 详情页抓取完成，随机延时 1.86 秒...
[2026-02-16 22:14:33] [INFO] [BandaiScraper] 正在访问产品详情页: https://bandai-hobby.net/item/01_1609/
[2026-02-16 22:14:35] [INFO] [BandaiScraper] 发现旧格式文件夹: data/MG/MG-1_100-MS-06R-ザクII（黒い三連星），将迁移到新格式: data/MG/01_1609_MG-1_100-MS-06R-ザクII（黒い三連星）
[2026-02-16 22:14:35] [INFO] [BandaiScraper] 图片不完整 (现有:0, 需要:4)，需要下载
[2026-02-16 22:14:37] [INFO] [BandaiScraper] 图片下载成功，共下载 4 张
[2026-02-16 22:14:37] [INFO] [BandaiScraper] 产品详情已保存到: data/MG/01_1609_MG-1_100-MS-06R-ザクII（黒い三連星）/product_details.json
[2026-02-16 22:14:37] [INFO] [BandaiScraper] 详情页抓取完成，随机延时 3.44 秒...
[2026-02-16 22:14:40] [INFO] [BandaiScraper] 正在访问产品详情页: https://bandai-hobby.net/item/01_4459/
[2026-02-16 22:14:42] [INFO] [BandaiScraper] 发现旧格式文件夹: data/MG/MG-1_100-MS-05-旧型ザク（黒い三連星），将迁移到新格式: data/MG/01_4459_MG-1_100-MS-05-旧型ザク（黒い三連星）
[2026-02-16 22:14:42] [INFO] [BandaiScraper] 图片不完整 (现有:0, 需要:3)，需要下载
[2026-02-16 22:14:43] [INFO] [BandaiScraper] 图片下载成功，共下载 3 张
[2026-02-16 22:14:43] [INFO] [BandaiScraper] 产品详情已保存到: data/MG/01_4459_MG-1_100-MS-05-旧型ザク（黒い三連星）/product_details.json
[2026-02-16 22:14:43] [INFO] [BandaiScraper] 详情页抓取完成，随机延时 1.76 秒...
[2026-02-16 22:14:45] [INFO] [BandaiScraper] 正在访问产品详情页: https://bandai-hobby.net/item/01_1608/
[2026-02-16 22:14:48] [INFO] [BandaiScraper] 发现旧格式文件夹: data/MG/MG-1_100-MS-05B-ザクI，将迁移到新格式: data/MG/01_1608_MG-1_100-MS-05B-ザクI
[2026-02-16 22:14:48] [INFO] [BandaiScraper] 图片不完整 (现有:0, 需要:4)，需要下载
[2026-02-16 22:14:49] [INFO] [BandaiScraper] 图片下载成功，共下载 4 张
[2026-02-16 22:14:49] [INFO] [BandaiScraper] 产品详情已保存到: data/MG/01_1608_MG-1_100-MS-05B-ザクI/product_details.json
[2026-02-16 22:14:49] [INFO] [BandaiScraper] 详情页抓取完成，随机延时 2.44 秒...
[2026-02-16 22:14:51] [INFO] [BandaiScraper] 正在访问产品详情页: https://bandai-hobby.net/item/01_1603/
[2026-02-16 22:14:53] [INFO] [BandaiScraper] 发现旧格式文件夹: data/MG/MG-1_100-RGM-79-ジム，将迁移到新格式: data/MG/01_1603_MG-1_100-RGM-79-ジム
[2026-02-16 22:14:53] [INFO] [BandaiScraper] 图片不完整 (现有:0, 需要:3)，需要下载
[2026-02-16 22:14:54] [INFO] [BandaiScraper] 图片下载成功，共下载 3 张
[2026-02-16 22:14:54] [INFO] [BandaiScraper] 产品详情已保存到: data/MG/01_1603_MG-1_100-RGM-79-ジム/product_details.json
[2026-02-16 22:14:54] [INFO] [BandaiScraper] 详情页抓取完成，随机延时 1.71 秒...
[2026-02-16 22:14:56] [INFO] [BandaiScraper] 正在访问产品详情页: https://bandai-hobby.net/item/01_1601/
[2026-02-16 22:14:58] [INFO] [BandaiScraper] 发现旧格式文件夹: data/MG/MG-1_100-スーパーガンダム，将迁移到新格式: data/MG/01_1601_MG-1_100-スーパーガンダム
[2026-02-16 22:14:58] [INFO] [BandaiScraper] 图片不完整 (现有:0, 需要:3)，需要下载
[2026-02-16 22:14:59] [INFO] [BandaiScraper] 图片下载成功，共下载 3 张
[2026-02-16 22:14:59] [INFO] [BandaiScraper] 产品详情已保存到: data/MG/01_1601_MG-1_100-スーパーガンダム/product_details.json
[2026-02-16 22:14:59] [INFO] [BandaiScraper] 详情页抓取完成，随机延时 2.98 秒...
[2026-02-16 22:15:02] [INFO] [BandaiScraper] 正在访问产品详情页: https://bandai-hobby.net/item/01_1593/
[2026-02-16 22:15:04] [INFO] [BandaiScraper] 发现旧格式文件夹: data/MG/MG-1_100-Zガンダム-コーティングバージョン，将迁移到新格式: data/MG/01_1593_MG-1_100-Zガンダム-コーティングバージョン
[2026-02-16 22:15:04] [INFO] [BandaiScraper] 图片不完整 (现有:0, 需要:2)，需要下载
[2026-02-16 22:15:05] [INFO] [BandaiScraper] 图片下载成功，共下载 2 张
[2026-02-16 22:15:05] [INFO] [BandaiScraper] 产品详情已保存到: data/MG/01_1593_MG-1_100-Zガンダム-コーティングバージョン/product_details.json
[2026-02-16 22:15:05] [INFO] [BandaiScraper] 详情页抓取完成，随机延时 1.86 秒...
[2026-02-16 22:15:06] [INFO] [BandaiScraper] 正在访问产品详情页: https://bandai-hobby.net/item/01_1592/
[2026-02-16 22:15:09] [INFO] [BandaiScraper] 发现旧格式文件夹: data/MG/MG-1_100-ガンダムMk-2ティターンズ(黒)，将迁移到新格式: data/MG/01_1592_MG-1_100-ガンダムMk-2ティターンズ(黒)
[2026-02-16 22:15:09] [INFO] [BandaiScraper] 图片不完整 (现有:0, 需要:2)，需要下载
[2026-02-16 22:15:09] [INFO] [BandaiScraper] 图片下载成功，共下载 2 张
[2026-02-16 22:15:09] [INFO] [BandaiScraper] 产品详情已保存到: data/MG/01_1592_MG-1_100-ガンダムMk-2ティターンズ(黒)/product_details.json
[2026-02-16 22:15:09] [INFO] [BandaiScraper] 详情页抓取完成，随机延时 2.89 秒...
[2026-02-16 22:15:12] [INFO] [BandaiScraper] 正在访问产品详情页: https://bandai-hobby.net/item/01_1591/
[2026-02-16 22:15:14] [INFO] [BandaiScraper] 发现旧格式文件夹: data/MG/MG-1_100-ガンダムMk-II（エゥーゴ），将迁移到新格式: data/MG/01_1591_MG-1_100-ガンダムMk-II（エゥーゴ）
[2026-02-16 22:15:14] [INFO] [BandaiScraper] 图片不完整 (现有:0, 需要:5)，需要下载
[2026-02-16 22:15:16] [INFO] [BandaiScraper] 图片下载成功，共下载 5 张
[2026-02-16 22:15:16] [INFO] [BandaiScraper] 产品详情已保存到: data/MG/01_1591_MG-1_100-ガンダムMk-II（エゥーゴ）/product_details.json
[2026-02-16 22:15:16] [INFO] [BandaiScraper] 详情页抓取完成，随机延时 3.03 秒...
[2026-02-16 22:15:19] [INFO] [BandaiScraper] 正在访问产品详情页: https://bandai-hobby.net/item/01_1589/
[2026-02-16 22:15:21] [INFO] [BandaiScraper] 发现旧格式文件夹: data/MG/MG-1_100-RX-78-2-コーティングバージョン，将迁移到新格式: data/MG/01_1589_MG-1_100-RX-78-2-コーティングバージョン
[2026-02-16 22:15:21] [INFO] [BandaiScraper] 图片不完整 (现有:0, 需要:2)，需要下载
[2026-02-16 22:15:22] [INFO] [BandaiScraper] 图片下载成功，共下载 2 张
[2026-02-16 22:15:22] [INFO] [BandaiScraper] 产品详情已保存到: data/MG/01_1589_MG-1_100-RX-78-2-コーティングバージョン/product_details.json
[2026-02-16 22:15:22] [INFO] [BandaiScraper] 详情页抓取完成，随机延时 2.83 秒...
[2026-02-16 22:15:24] [INFO] [BandaiScraper] 正在访问产品详情页: https://bandai-hobby.net/item/01_1588/
[2026-02-16 22:15:27] [INFO] [BandaiScraper] 发现旧格式文件夹: data/MG/MG-1_100-ガンダムGP02A，将迁移到新格式: data/MG/01_1588_MG-1_100-ガンダムGP02A
[2026-02-16 22:15:27] [INFO] [BandaiScraper] 图片不完整 (现有:0, 需要:3)，需要下载
[2026-02-16 22:15:27] [INFO] [BandaiScraper] 图片下载成功，共下载 3 张
[2026-02-16 22:15:27] [INFO] [BandaiScraper] 产品详情已保存到: data/MG/01_1588_MG-1_100-ガンダムGP02A/product_details.json
[2026-02-16 22:15:27] [INFO] [BandaiScraper] 详情页抓取完成，随机延时 2.46 秒...
[2026-02-16 22:15:30] [INFO] [BandaiScraper] 正在访问产品详情页: https://bandai-hobby.net/item/01_1569/
[2026-02-16 22:15:32] [INFO] [BandaiScraper] 发现旧格式文件夹: data/MG/MG-1_100-ガンダムGP01Fb，将迁移到新格式: data/MG/01_1569_MG-1_100-ガンダムGP01Fb
[2026-02-16 22:15:32] [INFO] [BandaiScraper] 图片不完整 (现有:0, 需要:3)，需要下载
[2026-02-16 22:15:33] [INFO] [BandaiScraper] 图片下载成功，共下载 3 张
[2026-02-16 22:15:33] [INFO] [BandaiScraper] 产品详情已保存到: data/MG/01_1569_MG-1_100-ガンダムGP01Fb/product_details.json
[2026-02-16 22:15:33] [INFO] [BandaiScraper] 详情页抓取完成，随机延时 2.58 秒...
[2026-02-16 22:15:36] [INFO] [BandaiScraper] 正在访问产品详情页: https://bandai-hobby.net/item/01_1566/
[2026-02-16 22:15:38] [INFO] [BandaiScraper] 发现旧格式文件夹: data/MG/MG-1_100-量産型ゲルググ，将迁移到新格式: data/MG/01_1566_MG-1_100-量産型ゲルググ
[2026-02-16 22:15:38] [INFO] [BandaiScraper] 图片不完整 (现有:0, 需要:4)，需要下载
[2026-02-16 22:15:39] [INFO] [BandaiScraper] 图片下载成功，共下载 4 张
[2026-02-16 22:15:39] [INFO] [BandaiScraper] 产品详情已保存到: data/MG/01_1566_MG-1_100-量産型ゲルググ/product_details.json
[2026-02-16 22:15:39] [INFO] [BandaiScraper] 详情页抓取完成，随机延时 2.46 秒...
[2026-02-16 22:15:41] [INFO] [BandaiScraper] 正在访问产品详情页: https://bandai-hobby.net/item/01_1448/
[2026-02-16 22:15:43] [INFO] [BandaiScraper] 发现旧格式文件夹: data/MG/MG-1_100-ガンダムRX-78GP01，将迁移到新格式: data/MG/01_1448_MG-1_100-ガンダムRX-78GP01
[2026-02-16 22:15:43] [INFO] [BandaiScraper] 图片不完整 (现有:0, 需要:3)，需要下载
[2026-02-16 22:15:44] [INFO] [BandaiScraper] 图片下载成功，共下载 3 张
[2026-02-16 22:15:44] [INFO] [BandaiScraper] 产品详情已保存到: data/MG/01_1448_MG-1_100-ガンダムRX-78GP01/product_details.json
[2026-02-16 22:15:44] [INFO] [BandaiScraper] 详情页抓取完成，随机延时 2.25 秒...
[2026-02-16 22:15:47] [INFO] [BandaiScraper] 正在访问产品详情页: https://bandai-hobby.net/item/01_1564/
[2026-02-16 22:15:48] [INFO] [BandaiScraper] 发现旧格式文件夹: data/MG/MG-1_100-ゲルググキャノン，将迁移到新格式: data/MG/01_1564_MG-1_100-ゲルググキャノン
[2026-02-16 22:15:48] [INFO] [BandaiScraper] 图片不完整 (现有:0, 需要:2)，需要下载
[2026-02-16 22:15:49] [INFO] [BandaiScraper] 图片下载成功，共下载 2 张
[2026-02-16 22:15:49] [INFO] [BandaiScraper] 产品详情已保存到: data/MG/01_1564_MG-1_100-ゲルググキャノン/product_details.json
[2026-02-16 22:15:49] [INFO] [BandaiScraper] 详情页抓取完成，随机延时 2.61 秒...
[2026-02-16 22:15:52] [INFO] [BandaiScraper] 正在访问产品详情页: https://bandai-hobby.net/item/01_1563/
[2026-02-16 22:15:54] [INFO] [BandaiScraper] 发现旧格式文件夹: data/MG/MG-1_100-シャア専用ゲルググ，将迁移到新格式: data/MG/01_1563_MG-1_100-シャア専用ゲルググ
[2026-02-16 22:15:54] [INFO] [BandaiScraper] 图片不完整 (现有:0, 需要:4)，需要下载
[2026-02-16 22:15:55] [INFO] [BandaiScraper] 图片下载成功，共下载 4 张
[2026-02-16 22:15:55] [INFO] [BandaiScraper] 产品详情已保存到: data/MG/01_1563_MG-1_100-シャア専用ゲルググ/product_details.json
[2026-02-16 22:15:55] [INFO] [BandaiScraper] 详情页抓取完成，随机延时 2.19 秒...
[2026-02-16 22:15:57] [INFO] [BandaiScraper] 正在访问产品详情页: https://bandai-hobby.net/item/01_1558/
[2026-02-16 22:15:58] [INFO] [BandaiScraper] 发现旧格式文件夹: data/MG/MG-1_100-ジョニー・ライデン専用ザクII，将迁移到新格式: data/MG/01_1558_MG-1_100-ジョニー・ライデン専用ザクII
[2026-02-16 22:15:58] [INFO] [BandaiScraper] 没有图片链接，跳过图片下载
[2026-02-16 22:15:58] [INFO] [BandaiScraper] 产品详情已保存到: data/MG/01_1558_MG-1_100-ジョニー・ライデン専用ザクII/product_details.json
[2026-02-16 22:15:58] [INFO] [BandaiScraper] 详情页抓取完成，随机延时 1.75 秒...
[2026-02-16 22:16:00] [INFO] [BandaiScraper] 正在访问产品详情页: https://bandai-hobby.net/item/01_1557/
[2026-02-16 22:16:02] [INFO] [BandaiScraper] 发现旧格式文件夹: data/MG/MG-1_100-シン・マツナガ専用ザクII，将迁移到新格式: data/MG/01_1557_MG-1_100-シン・マツナガ専用ザクII
[2026-02-16 22:16:02] [INFO] [BandaiScraper] 图片不完整 (现有:0, 需要:4)，需要下载
[2026-02-16 22:16:03] [INFO] [BandaiScraper] 图片下载成功，共下载 4 张
[2026-02-16 22:16:03] [INFO] [BandaiScraper] 产品详情已保存到: data/MG/01_1557_MG-1_100-シン・マツナガ専用ザクII/product_details.json
[2026-02-16 22:16:03] [INFO] [BandaiScraper] 详情页抓取完成，随机延时 2.69 秒...
[2026-02-16 22:16:06] [INFO] [BandaiScraper] 正在访问产品详情页: https://bandai-hobby.net/item/01_1554/
[2026-02-16 22:16:08] [INFO] [BandaiScraper] 发现旧格式文件夹: data/MG/MG-1_100-RX-78-3-G-3ガンダム，将迁移到新格式: data/MG/01_1554_MG-1_100-RX-78-3-G-3ガンダム
[2026-02-16 22:16:08] [INFO] [BandaiScraper] 图片不完整 (现有:0, 需要:3)，需要下载
[2026-02-16 22:16:09] [INFO] [BandaiScraper] 图片下载成功，共下载 3 张
[2026-02-16 22:16:09] [INFO] [BandaiScraper] 产品详情已保存到: data/MG/01_1554_MG-1_100-RX-78-3-G-3ガンダム/product_details.json
[2026-02-16 22:16:09] [INFO] [BandaiScraper] 详情页抓取完成，随机延时 3.36 秒...
[2026-02-16 22:16:13] [INFO] [BandaiScraper] 正在访问产品详情页: https://bandai-hobby.net/item/01_1553/
[2026-02-16 22:16:15] [INFO] [BandaiScraper] 发现旧格式文件夹: data/MG/MG-1_100-Zガンダム，将迁移到新格式: data/MG/01_1553_MG-1_100-Zガンダム
[2026-02-16 22:16:15] [INFO] [BandaiScraper] 图片不完整 (现有:0, 需要:4)，需要下载
[2026-02-16 22:16:17] [INFO] [BandaiScraper] 图片下载成功，共下载 4 张
[2026-02-16 22:16:17] [INFO] [BandaiScraper] 产品详情已保存到: data/MG/01_1553_MG-1_100-Zガンダム/product_details.json
[2026-02-16 22:16:17] [INFO] [BandaiScraper] 详情页抓取完成，随机延时 2.62 秒...
[2026-02-16 22:16:20] [INFO] [BandaiScraper] 正在访问产品详情页: https://bandai-hobby.net/item/01_1549/
[2026-02-16 22:16:22] [INFO] [BandaiScraper] 发现旧格式文件夹: data/MG/MG-1_100-MS-06F_J-ザクII，将迁移到新格式: data/MG/01_1549_MG-1_100-MS-06F_J-ザクII
[2026-02-16 22:16:22] [INFO] [BandaiScraper] 图片不完整 (现有:0, 需要:3)，需要下载
[2026-02-16 22:16:23] [INFO] [BandaiScraper] 图片下载成功，共下载 3 张
[2026-02-16 22:16:23] [INFO] [BandaiScraper] 产品详情已保存到: data/MG/01_1549_MG-1_100-MS-06F_J-ザクII/product_details.json
[2026-02-16 22:16:23] [INFO] [BandaiScraper] 详情页抓取完成，随机延时 1.79 秒...
[2026-02-16 22:16:25] [INFO] [BandaiScraper] 正在访问产品详情页: https://bandai-hobby.net/item/01_1548/
[2026-02-16 22:16:27] [INFO] [BandaiScraper] 发现旧格式文件夹: data/MG/MG-1_100-MS-06S-ザクII，将迁移到新格式: data/MG/01_1548_MG-1_100-MS-06S-ザクII
[2026-02-16 22:16:27] [INFO] [BandaiScraper] 图片不完整 (现有:0, 需要:3)，需要下载
[2026-02-16 22:16:29] [INFO] [BandaiScraper] 图片下载成功，共下载 3 张
[2026-02-16 22:16:29] [INFO] [BandaiScraper] 产品详情已保存到: data/MG/01_1548_MG-1_100-MS-06S-ザクII/product_details.json
[2026-02-16 22:16:29] [INFO] [BandaiScraper] 详情页抓取完成，随机延时 1.97 秒...
[2026-02-16 22:16:31] [INFO] [BandaiScraper] 正在访问产品详情页: https://bandai-hobby.net/item/01_1546/
[2026-02-16 22:16:33] [INFO] [BandaiScraper] 发现旧格式文件夹: data/MG/MG-1_100-RX-78-ガンダム，将迁移到新格式: data/MG/01_1546_MG-1_100-RX-78-ガンダム
[2026-02-16 22:16:33] [INFO] [BandaiScraper] 图片不完整 (现有:0, 需要:4)，需要下载
[2026-02-16 22:16:34] [INFO] [BandaiScraper] 图片下载成功，共下载 4 张
[2026-02-16 22:16:34] [INFO] [BandaiScraper] 产品详情已保存到: data/MG/01_1546_MG-1_100-RX-78-ガンダム/product_details.json
[2026-02-16 22:16:34] [INFO] [BandaiScraper] 详情页抓取完成，随机延时 1.76 秒...
[2026-03-28 16:20:55] [INFO] [BandaiScraper] 正在访问产品详情页: https://bandai-hobby.net/item/01_6981/
[2026-03-28 16:20:59] [INFO] [BandaiScraper] 图片不完整 (现有:0, 需要:5)，需要下载
[2026-03-28 16:21:02] [INFO] [BandaiScraper] 图片下载成功，共下载 5 张
[2026-03-28 16:21:02] [INFO] [BandaiScraper] 产品详情已保存到: /mnt/d/code/myown-project/bandai-hobby-scraper/data/RG/01_6981_RG-1_144-ガンダムベース限定-ガンダムエピオン-[スペシャルコーティング]/product_details.json
[2026-03-28 16:21:02] [INFO] [BandaiScraper] 详情页抓取完成，随机延时 1.71 秒...
[2026-03-28 16:56:52] [INFO] [BandaiScraper] 正在访问产品详情页: https://bandai-hobby.net/item/01_6981/
[2026-03-28 16:56:53] [INFO] [BandaiScraper] 图片不完整 (现有:0, 需要:5)，需要下载
[2026-03-28 16:56:53] [ERROR] [BandaiScraper] 部分图片下载失败
[2026-03-28 16:56:53] [INFO] [BandaiScraper] 产品详情已保存到: /mnt/d/code/myown-project/bandai-hobby-scraper/data/RG/01_6981_RG-1_144-ガンダムベース限定-ガンダムエピオン-[スペシャルコーティング]/product_details.json
[2026-03-28 16:56:53] [INFO] [BandaiScraper] 详情页抓取完成，随机延时 1.55 秒...
[2026-03-28 16:56:57] [INFO] [BandaiScraper] 产品详情已保存到: /mnt/d/code/myown-project/bandai-hobby-scraper/data/RG/01_6981_RG-1_144-ガンダムベース限定-ガンダムエピオン-[スペシャルコーティング]/product_details.json
